ticket_id,created_at,month,quarter,status,channel,order_id,product_sku,assigned_team,agent_id,refund_reason_code,replacement_issued,source_system,source_row,amount_paise,normalization_rule_id
TK-240003,2025-01-01 19:04,2025-01,2025Q1,resolved,email,VR886967,VA-HP-ST2,Escalations & Warranty,A3040,GW-OTHER,N,helpdesk,5,90000,helpdesk_no_change
TK-240009,2025-01-01 20:48,2025-01,2025Q1,resolved,chat,,VA-EB-PL1,Chat Frontline,A3009,CANCEL,N,helpdesk,12,212400,helpdesk_no_change
TK-240015,2025-01-02 12:35,2025-01,2025Q1,resolved,email,VR895522,VA-EB-AIR,Returns Desk,A3037,GW-OTHER,N,legacy_fd,17,170900,legacy_fd_div_100
TK-240016,2025-01-02 13:41,2025-01,2025Q1,resolved,email,VR897275,VA-EB-AIR,Email Frontline,A3018,WTY-BUYBACK,N,legacy_fd,18,34200,legacy_fd_div_100
TK-240023,2025-01-02 21:37,2025-01,2025Q1,resolved,voice,VR892299,VA-EB-AIR,Escalations & Warranty,A3039,GW-OTHER,N,legacy_fd,26,28800,legacy_fd_div_100
TK-240026,2025-01-03 10:39,2025-01,2025Q1,closed,chat,VR904622,VA-SW-NX1,Billing,A3032,GW-OTHER,N,legacy_fd,29,399900,legacy_fd_div_100
TK-240028,2025-01-03 11:42,2025-01,2025Q1,closed,voice,VR888855,VA-EB-PL1,Returns Desk,A3037,GW-OTHER,N,legacy_fd,31,249900,legacy_fd_div_100
TK-240031,2025-01-03 11:55,2025-01,2025Q1,resolved,email,,VA-HP-ST3,Billing,A3033,DUP-PAYMENT,N,legacy_fd,34,699900,legacy_fd_div_100
TK-240046,2025-01-04 12:58,2025-01,2025Q1,resolved,email,,VA-EB-PL1,Email Frontline,A3018,GW-OTHER,N,legacy_fd,47,20000,legacy_fd_div_100
TK-240050,2025-01-04 23:36,2025-01,2025Q1,resolved,chat,VR890106,VA-EB-AIR,Returns Desk,A3031,DOA-REPL,Y,legacy_fd,51,179900,legacy_fd_div_100
TK-240060,2025-01-05 21:07,2025-01,2025Q1,resolved,email,VR902363,VA-SP-ORB,Billing,A3020,DUP-PAYMENT,N,legacy_fd,59,539900,legacy_fd_div_100
TK-240061,2025-01-05 22:07,2025-01,2025Q1,resolved,social,VR884038,VA-EB-AIR,Returns Desk,A3037,RETURN-QC-OK,N,legacy_fd,60,85400,legacy_fd_div_100
TK-240069,2025-01-06 16:49,2025-01,2025Q1,resolved,social,VR903797,VA-EB-AIR,Billing,A3035,DUP-PAYMENT,N,legacy_fd,66,179900,legacy_fd_div_100
TK-240089,2025-01-08 00:44,2025-01,2025Q1,resolved,chat,VR881495,VA-EB-PL1,Logistics,A3029,GW-OTHER,N,legacy_fd,83,249900,legacy_fd_div_100
TK-240091,2025-01-08 08:11,2025-01,2025Q1,closed,email,,VA-SP-ORB,Billing,A3034,DUP-PAYMENT,N,helpdesk,85,60000,helpdesk_no_change
TK-240100,2025-01-08 17:32,2025-01,2025Q1,closed,email,,VA-EB-AIR,Billing,A3032,RETURN-QC-OK,N,legacy_fd,93,161900,legacy_fd_div_100
TK-240102,2025-01-08 19:39,2025-01,2025Q1,resolved,chat,VR889118,VA-EB-PL1,Returns Desk,A3036,RETURN-QC-OK,N,legacy_fd,96,31900,legacy_fd_div_100
TK-240106,2025-01-08 21:19,2025-01,2025Q1,resolved,email,,VA-SW-FIT,Billing,A3032,DUP-PAYMENT,N,legacy_fd,99,100000,legacy_fd_div_100
TK-240109,2025-01-09 08:30,2025-01,2025Q1,closed,chat,VR904257,VA-SW-FIT,Logistics,A3028,RETURN-QC-OK,N,legacy_fd,101,159900,legacy_fd_div_100
TK-240111,2025-01-09 11:23,2025-01,2025Q1,resolved,email,VR886372,VA-NB-ARC,Email Frontline,A3018,DOA-REPL,N,legacy_fd,104,129900,legacy_fd_div_100
TK-240117,2025-01-09 17:53,2025-01,2025Q1,resolved,voice,,VA-HP-ST3,Returns Desk,A3036,GW-OTHER,N,legacy_fd,109,140000,legacy_fd_div_100
TK-240120,2025-01-09 18:33,2025-01,2025Q1,resolved,social,,VA-HP-ST3,Returns Desk,A3036,GW-OTHER,N,legacy_fd,111,1329800,legacy_fd_div_100
TK-240121,2025-01-09 19:09,2025-01,2025Q1,resolved,chat,VR882961,VA-SW-FIT,Logistics,A3010,CANCEL,N,helpdesk,112,199900,helpdesk_no_change
TK-240134,2025-01-10 21:01,2025-01,2025Q1,resolved,email,VR889219,VA-EB-PL1,Returns Desk,A3036,RETURN-QC-OK,N,helpdesk,125,199900,helpdesk_no_change
TK-240135,2025-01-10 22:50,2025-01,2025Q1,resolved,email,,VA-EB-AIR,Returns Desk,A3037,RETURN-QC-OK,N,legacy_fd,127,179900,legacy_fd_div_100
TK-240138,2025-01-11 01:01,2025-01,2025Q1,closed,chat,,VA-EB-PL1,Logistics,A3031,GW-OTHER,N,legacy_fd,130,199900,legacy_fd_div_100
TK-240146,2025-01-11 21:18,2025-01,2025Q1,resolved,email,VR880913,VA-HP-ST3,Returns Desk,A3037,GW-OTHER,N,legacy_fd,138,699900,legacy_fd_div_100
TK-240148,2025-01-12 12:55,2025-01,2025Q1,resolved,social,,VA-EB-PL1,Escalations & Warranty,A3039,GW-OTHER,N,helpdesk,140,249900,helpdesk_no_change
TK-240154,2025-01-12 20:15,2025-01,2025Q1,open,chat,VR896565,VA-SW-FIT,Chat Frontline,A3005,CANCEL,N,legacy_fd,146,24000,legacy_fd_div_100
TK-240157,2025-01-12 23:21,2025-01,2025Q1,resolved,chat,VR898288,VA-EB-PL1,Chat Frontline,A3003,WTY-BUYBACK,N,legacy_fd,150,249900,legacy_fd_div_100
TK-240163,2025-01-13 10:25,2025-01,2025Q1,resolved,email,VR888718,VA-EB-AIR,Logistics,A3031,CANCEL,N,legacy_fd,156,179900,legacy_fd_div_100
TK-240177,2025-01-14 08:33,2025-01,2025Q1,resolved,chat,,VA-EB-PL1,Billing,A3032,DUP-PAYMENT,N,legacy_fd,165,25000,legacy_fd_div_100
TK-240194,2025-01-15 17:30,2025-01,2025Q1,resolved,chat,VR885140,VA-EB-PL1,Chat Frontline,A3005,DUP-PAYMENT,N,legacy_fd,182,125000,legacy_fd_div_100
TK-240201,2025-01-16 07:47,2025-01,2025Q1,resolved,chat,VR898527,VA-HP-ST3,Billing,A3034,RETURN-QC-OK,N,legacy_fd,187,70000,legacy_fd_div_100
TK-240216,2025-01-16 21:23,2025-01,2025Q1,resolved,email,VR906849,VA-EB-PL1,Billing,A3034,DUP-PAYMENT,N,legacy_fd,201,499800,legacy_fd_div_100
TK-240226,2025-01-17 11:55,2025-01,2025Q1,resolved,chat,VR880521,VA-HP-ST2,Returns Desk,A3038,GW-OTHER,N,helpdesk,208,499900,helpdesk_no_change
TK-240242,2025-01-18 13:14,2025-01,2025Q1,resolved,chat,,VA-EB-PL1,Chat Frontline,A3007,GW-OTHER,N,legacy_fd,222,249900,legacy_fd_div_100
TK-240246,2025-01-18 21:22,2025-01,2025Q1,resolved,email,VR891404,VA-AC-CBL,Billing,A3034,GW-OTHER,N,helpdesk,226,8000,helpdesk_no_change
TK-240247,2025-01-18 21:54,2025-01,2025Q1,resolved,email,VR904442,VA-AC-CH65,Billing,A3032,GW-OTHER,N,legacy_fd,228,67400,legacy_fd_div_100
TK-240256,2025-01-19 22:18,2025-01,2025Q1,resolved,chat,VR881590,VA-HP-ST3,Billing,A3032,DUP-PAYMENT,N,legacy_fd,239,66500,legacy_fd_div_100
TK-240258,2025-01-20 07:22,2025-01,2025Q1,resolved,chat,,VA-HP-ST2,Chat Frontline,A3006,DOA-REPL,Y,legacy_fd,241,424900,legacy_fd_div_100
TK-240262,2025-01-20 19:47,2025-01,2025Q1,resolved,chat,VR890611,VA-HP-ST2,Logistics,A3030,GW-OTHER,N,legacy_fd,245,399900,legacy_fd_div_100
TK-240263,2025-01-21 04:06,2025-01,2025Q1,resolved,chat,,VA-AC-CBL,Logistics,A3029,GW-OTHER,N,legacy_fd,246,71800,legacy_fd_div_100
TK-240272,2025-01-21 21:44,2025-01,2025Q1,resolved,email,VR907895,VA-SW-FIT,Returns Desk,A3037,RETURN-QC-OK,N,legacy_fd,253,20000,legacy_fd_div_100
TK-240279,2025-01-22 12:18,2025-01,2025Q1,resolved,email,,VA-EB-AIR,Email Frontline,A3022,GW-OTHER,N,legacy_fd,259,179900,legacy_fd_div_100
TK-240285,2025-01-23 06:59,2025-01,2025Q1,resolved,email,,VA-SP-ORB,Billing,A3032,DUP-PAYMENT,N,legacy_fd,267,479900,legacy_fd_div_100
TK-240307,2025-01-25 11:19,2025-01,2025Q1,resolved,voice,,VA-HP-ST2,Voice Frontline,A3023,GW-OTHER,N,legacy_fd,286,899800,legacy_fd_div_100
TK-240311,2025-01-25 14:55,2025-01,2025Q1,resolved,chat,VR899062,VA-EB-AIR,Chat Frontline,A3015,GW-OTHER,N,legacy_fd,289,28800,legacy_fd_div_100
TK-240320,2025-01-26 18:44,2025-01,2025Q1,resolved,email,VR881385,VA-EB-AIR,Email Frontline,A3002,GW-OTHER,N,legacy_fd,297,179900,legacy_fd_div_100
TK-240328,2025-01-27 15:54,2025-01,2025Q1,resolved,email,VR904257,VA-SW-FIT,Returns Desk,A3022,GW-OTHER,N,helpdesk,304,159900,helpdesk_no_change
TK-240338,2025-01-28 14:50,2025-01,2025Q1,closed,email,VR897379,VA-AC-CBL,Returns Desk,A3037,GW-OTHER,N,legacy_fd,317,17000,legacy_fd_div_100
TK-240353,2025-01-29 12:16,2025-01,2025Q1,resolved,chat,VR901128,VA-SW-NX2,Chat Frontline,A3010,CANCEL,N,legacy_fd,329,617400,legacy_fd_div_100
TK-240354,2025-01-29 12:31,2025-01,2025Q1,resolved,email,VR896770,VA-EB-PL1,Email Frontline,A3019,GW-OTHER,N,helpdesk,330,424800,helpdesk_no_change
TK-240357,2025-01-29 14:20,2025-01,2025Q1,resolved,voice,,VA-EB-PL1,Returns Desk,A3036,RETURN-QC-OK,N,legacy_fd,333,199900,legacy_fd_div_100
TK-240359,2025-01-29 15:08,2025-01,2025Q1,resolved,chat,VR887497,VA-AC-CH65,Returns Desk,A3036,RETURN-QC-OK,N,legacy_fd,335,22500,legacy_fd_div_100
TK-240360,2025-01-29 19:43,2025-01,2025Q1,resolved,social,VR885685,VA-HP-ST3,Chat Frontline,A3008,CANCEL,N,legacy_fd,336,664900,legacy_fd_div_100
TK-240368,2025-01-30 10:44,2025-01,2025Q1,resolved,social,VR903164,VA-AC-CH65,Chat Frontline,A3013,CANCEL,N,legacy_fd,343,27000,legacy_fd_div_100
TK-240381,2025-01-31 18:10,2025-01,2025Q1,resolved,chat,VR906319,VA-EB-PL1,Billing,A3035,GW-OTHER,N,legacy_fd,355,237400,legacy_fd_div_100
TK-240384,2025-02-01 10:35,2025-02,2025Q1,resolved,voice,,VA-SW-FIT,Voice Frontline,A3023,DUP-PAYMENT,N,legacy_fd,359,90000,legacy_fd_div_100
TK-240399,2025-02-02 05:57,2025-02,2025Q1,resolved,chat,VR892299,VA-EB-AIR,Billing,A3032,DUP-PAYMENT,N,legacy_fd,372,143900,legacy_fd_div_100
TK-240409,2025-02-02 22:54,2025-02,2025Q1,closed,chat,VR886555,VA-EB-AIR,Chat Frontline,A3016,CANCEL,N,legacy_fd,383,170900,legacy_fd_div_100
TK-240415,2025-02-03 10:10,2025-02,2025Q1,closed,social,VR889404,VA-EB-PL1,Chat Frontline,A3010,PRICE-ADJ,N,legacy_fd,389,199900,legacy_fd_div_100
TK-240416,2025-02-03 10:40,2025-02,2025Q1,resolved,voice,VR894073,VA-HP-ST3,Billing,A3034,GW-OTHER,N,legacy_fd,390,266000,legacy_fd_div_100
TK-240429,2025-02-04 12:28,2025-02,2025Q1,resolved,chat,VR884192,VA-EB-PL1,Logistics,A3029,GW-OTHER,Y,helpdesk,401,212400,helpdesk_no_change
TK-240444,2025-02-05 09:15,2025-02,2025Q1,resolved,email,,VA-SP-ORB,Email Frontline,A3018,WTY-BUYBACK,Y,legacy_fd,413,599900,legacy_fd_div_100
TK-240448,2025-02-05 10:22,2025-02,2025Q1,resolved,chat,,VA-SW-FIT,Chat Frontline,A3007,CANCEL,N,helpdesk,418,199900,helpdesk_no_change
TK-240454,2025-02-05 19:52,2025-02,2025Q1,resolved,voice,VR903320,VA-EB-PL1,Billing,A3035,DUP-PAYMENT,N,legacy_fd,426,249900,legacy_fd_div_100
TK-240460,2025-02-06 14:12,2025-02,2025Q1,resolved,chat,VR909045,VA-HP-ST2,Logistics,A3030,RETURN-QC-OK,N,legacy_fd,430,42500,legacy_fd_div_100
TK-240466,2025-02-06 22:39,2025-02,2025Q1,open,chat,VR888340,VA-AC-CH65,Billing,A3032,DUP-PAYMENT,N,legacy_fd,434,149900,legacy_fd_div_100
TK-240477,2025-02-07 18:07,2025-02,2025Q1,resolved,social,,VA-HP-ST3,Logistics,A3030,LOST-TRANSIT,N,legacy_fd,444,1399800,legacy_fd_div_100
TK-240479,2025-02-07 21:12,2025-02,2025Q1,resolved,chat,,VA-EB-PL2,Logistics,A3030,GW-OTHER,N,legacy_fd,445,33200,legacy_fd_div_100
TK-240483,2025-02-08 09:19,2025-02,2025Q1,resolved,voice,VR906638,VA-HP-ST3,Voice Frontline,A3025,GW-OTHER,Y,legacy_fd,449,559900,legacy_fd_div_100
TK-240484,2025-02-08 12:25,2025-02,2025Q1,resolved,chat,VR884415,VA-EB-AIR,Chat Frontline,A3006,CANCEL,N,helpdesk,450,143900,helpdesk_no_change
TK-240492,2025-02-08 22:49,2025-02,2025Q1,resolved,chat,,VA-SW-NX1,Chat Frontline,A3017,GW-OTHER,N,helpdesk,456,474900,helpdesk_no_change
TK-240495,2025-02-09 10:31,2025-02,2025Q1,resolved,voice,VR905704,VA-EB-AIR,Logistics,A3028,RETURN-QC-OK,N,legacy_fd,459,72000,legacy_fd_div_100
TK-240496,2025-02-09 11:36,2025-02,2025Q1,resolved,email,VR881631,VA-EB-AIR,Billing,A3032,GW-OTHER,N,legacy_fd,460,36000,legacy_fd_div_100
TK-240505,2025-02-09 19:22,2025-02,2025Q1,resolved,email,,VA-EB-PL1,Logistics,A3029,GW-OTHER,N,legacy_fd,469,224900,legacy_fd_div_100
TK-240515,2025-02-10 11:30,2025-02,2025Q1,closed,social,,VA-EB-AIR,Billing,A3034,DUP-PAYMENT,N,legacy_fd,478,179900,legacy_fd_div_100
TK-240523,2025-02-10 17:40,2025-02,2025Q1,resolved,chat,,VA-EB-PL1,Returns Desk,A3036,RETURN-QC-OK,N,legacy_fd,486,212400,legacy_fd_div_100
TK-240524,2025-02-10 20:30,2025-02,2025Q1,resolved,chat,,VA-HP-ST3,Billing,A3035,DUP-PAYMENT,N,legacy_fd,487,699900,legacy_fd_div_100
TK-240529,2025-02-11 08:47,2025-02,2025Q1,resolved,email,VR882857,VA-AC-CH65,Returns Desk,A3038,RETURN-QC-OK,N,legacy_fd,491,15000,legacy_fd_div_100
TK-240530,2025-02-11 09:30,2025-02,2025Q1,resolved,chat,,VA-EB-AIR,Returns Desk,A3038,GW-OTHER,N,legacy_fd,492,36000,legacy_fd_div_100
TK-240531,2025-02-11 09:58,2025-02,2025Q1,resolved,email,VR891100,VA-EB-PL1,Email Frontline,A3019,CANCEL,N,legacy_fd,493,23700,legacy_fd_div_100
TK-240545,2025-02-12 20:04,2025-02,2025Q1,resolved,voice,VR881791,VA-HP-ST3,Logistics,A3030,GW-OTHER,Y,legacy_fd,504,629900,legacy_fd_div_100
TK-240554,2025-02-13 12:50,2025-02,2025Q1,resolved,voice,VR883209,VA-SW-NX2,Billing,A3035,GW-OTHER,N,helpdesk,511,519900,helpdesk_no_change
TK-240556,2025-02-13 17:18,2025-02,2025Q1,closed,social,VR887187,VA-EB-AIR,Logistics,A3030,DOA-REPL,N,legacy_fd,514,27000,legacy_fd_div_100
TK-240557,2025-02-13 19:38,2025-02,2025Q1,resolved,voice,VR905967,VA-SW-NX2,Returns Desk,A3002,RETURN-QC-OK,N,helpdesk,515,584900,helpdesk_no_change
TK-240559,2025-02-14 05:50,2025-02,2025Q1,resolved,chat,VR894461,VA-SP-ORB,Logistics,A3029,CANCEL,N,legacy_fd,518,60000,legacy_fd_div_100
TK-240564,2025-02-14 11:17,2025-02,2025Q1,resolved,email,VR894083,VA-NB-ARC,Email Frontline,A3022,GW-OTHER,N,legacy_fd,523,129900,legacy_fd_div_100
TK-240568,2025-02-14 14:49,2025-02,2025Q1,resolved,chat,VR897241,VA-EB-AIR,Chat Frontline,A3042,GW-OTHER,N,legacy_fd,527,161900,legacy_fd_div_100
TK-240569,2025-02-14 19:27,2025-02,2025Q1,resolved,email,,VA-EB-PL1,Email Frontline,A3003,CANCEL,N,helpdesk,528,424800,helpdesk_no_change
TK-240571,2025-02-14 21:41,2025-02,2025Q1,resolved,email,VR898077,VA-HP-ST3,Billing,A3032,DUP-PAYMENT,N,legacy_fd,531,699900,legacy_fd_div_100
TK-240580,2025-02-16 01:56,2025-02,2025Q1,resolved,chat,VR885168,VA-SW-FIT,Returns Desk,A3038,RETURN-QC-OK,N,legacy_fd,539,199900,legacy_fd_div_100
TK-240588,2025-02-16 12:47,2025-02,2025Q1,resolved,chat,VR908181,VA-EB-PL1,Logistics,A3027,GW-OTHER,Y,legacy_fd,548,249900,legacy_fd_div_100
TK-240600,2025-02-17 12:38,2025-02,2025Q1,resolved,social,,VA-SW-FIT,Billing,A3034,CANCEL,N,legacy_fd,559,179900,legacy_fd_div_100
TK-240604,2025-02-17 16:25,2025-02,2025Q1,resolved,email,VR887051,VA-SW-NX2,Returns Desk,A3036,RETURN-QC-OK,N,legacy_fd,564,92600,legacy_fd_div_100
TK-240618,2025-02-18 17:44,2025-02,2025Q1,resolved,chat,VR887410,VA-SW-FIT,Returns Desk,A3036,GW-OTHER,N,legacy_fd,576,179900,legacy_fd_div_100
TK-240619,2025-02-18 19:50,2025-02,2025Q1,resolved,chat,,VA-AC-CBL,Returns Desk,A3036,RETURN-QC-OK,N,legacy_fd,577,7200,legacy_fd_div_100
TK-240629,2025-02-19 12:01,2025-02,2025Q1,resolved,chat,,VA-SP-ORB,Billing,A3033,DUP-PAYMENT,N,legacy_fd,587,102000,legacy_fd_div_100
TK-240630,2025-02-19 13:33,2025-02,2025Q1,resolved,voice,VR889833,VA-HP-ST3,Voice Frontline,A3026,CANCEL,N,legacy_fd,588,252000,legacy_fd_div_100
TK-240641,2025-02-20 08:11,2025-02,2025Q1,resolved,email,VR905415,VA-SW-FIT,Billing,A3034,GW-OTHER,N,legacy_fd,597,38000,legacy_fd_div_100
TK-240642,2025-02-20 09:53,2025-02,2025Q1,resolved,email,VR880623,VA-HP-ST3,Returns Desk,A3038,RETURN-QC-OK,N,legacy_fd,598,664900,legacy_fd_div_100
TK-240649,2025-02-20 13:32,2025-02,2025Q1,resolved,email,,VA-HP-ST2,Returns Desk,A3038,GW-OTHER,N,helpdesk,602,47500,helpdesk_no_change
TK-240650,2025-02-20 13:35,2025-02,2025Q1,resolved,chat,VR889833,VA-HP-ST3,Billing,A3033,GW-OTHER,N,legacy_fd,604,629900,legacy_fd_div_100
TK-240652,2025-02-20 16:18,2025-02,2025Q1,resolved,social,VR892641,VA-HP-ST3,Returns Desk,A3037,RETURN-QC-OK,N,legacy_fd,606,140000,legacy_fd_div_100
TK-240672,2025-02-21 20:10,2025-02,2025Q1,closed,email,VR880618,VA-HP-ST2,Returns Desk,A3037,RETURN-QC-OK,N,legacy_fd,621,200000,legacy_fd_div_100
TK-240682,2025-02-22 14:37,2025-02,2025Q1,resolved,social,VR883621,VA-HP-ST3,Chat Frontline,A3012,GW-OTHER,N,legacy_fd,631,699900,legacy_fd_div_100
TK-240686,2025-02-23 00:43,2025-02,2025Q1,resolved,chat,VR896865,VA-SW-FIT,Escalations & Warranty,A3039,WTY-BUYBACK,N,legacy_fd,636,189900,legacy_fd_div_100
TK-240688,2025-02-23 09:26,2025-02,2025Q1,resolved,email,VR886793,VA-SP-ORB,Returns Desk,A3037,RETURN-QC-OK,N,legacy_fd,638,108000,legacy_fd_div_100
TK-240691,2025-02-23 11:15,2025-02,2025Q1,resolved,email,VR881383,VA-AC-CH65,Returns Desk,A3036,GW-OTHER,N,legacy_fd,641,142400,legacy_fd_div_100
TK-240699,2025-02-23 18:19,2025-02,2025Q1,resolved,voice,VR895200,VA-HP-ST3,Logistics,A3030,GW-OTHER,N,legacy_fd,649,664900,legacy_fd_div_100
TK-240702,2025-02-23 18:31,2025-02,2025Q1,resolved,voice,VR902313,VA-SW-FIT,Voice Frontline,A3026,GW-OTHER,N,legacy_fd,651,169900,legacy_fd_div_100
TK-240712,2025-02-24 10:42,2025-02,2025Q1,resolved,social,VR885879,VA-SW-NX2,Billing,A3033,DUP-PAYMENT,N,legacy_fd,660,552400,legacy_fd_div_100
TK-240725,2025-02-25 08:46,2025-02,2025Q1,resolved,email,VR885925,VA-EB-AIR,Email Frontline,A3018,CANCEL,N,legacy_fd,671,170900,legacy_fd_div_100
TK-240737,2025-02-25 18:31,2025-02,2025Q1,resolved,email,VR898774,VA-EB-AIR,Billing,A3035,GW-OTHER,N,helpdesk,678,161900,helpdesk_no_change
TK-240746,2025-02-25 23:41,2025-02,2025Q1,resolved,chat,,VA-SP-MINI,Logistics,A3031,LOST-TRANSIT,N,legacy_fd,687,249900,legacy_fd_div_100
TK-240751,2025-02-26 13:31,2025-02,2025Q1,resolved,email,VR884454,VA-HP-ST3,Returns Desk,A3036,WTY-BUYBACK,N,helpdesk,691,664900,helpdesk_no_change
TK-240753,2025-02-26 13:40,2025-02,2025Q1,resolved,chat,VR900513,VA-EB-PL1,Billing,A3034,GW-OTHER,N,legacy_fd,693,40000,legacy_fd_div_100
TK-240759,2025-02-26 19:35,2025-02,2025Q1,resolved,voice,VR893379,VA-NB-ARC,Logistics,A3030,DOA-REPL,Y,legacy_fd,697,110400,legacy_fd_div_100
TK-240764,2025-02-26 20:42,2025-02,2025Q1,resolved,voice,,VA-SW-NX2,Logistics,A3030,RETURN-QC-OK,N,helpdesk,701,649900,helpdesk_no_change
TK-240778,2025-02-27 18:00,2025-02,2025Q1,resolved,chat,VR904620,VA-HP-ST3,Escalations & Warranty,A3040,DOA-REPL,N,legacy_fd,716,559900,legacy_fd_div_100
TK-240796,2025-03-01 02:03,2025-03,2025Q1,resolved,chat,,VA-HP-ST3,Chat Frontline,A3016,CANCEL,N,legacy_fd,736,629900,legacy_fd_div_100
TK-240797,2025-03-01 07:11,2025-03,2025Q1,resolved,chat,VR900312,VA-HP-ST2,Chat Frontline,A3013,WTY-BUYBACK,N,legacy_fd,737,474900,legacy_fd_div_100
TK-240807,2025-03-01 23:44,2025-03,2025Q1,resolved,chat,VR884839,VA-NB-ARC,Billing,A3033,DUP-PAYMENT,N,legacy_fd,747,116900,legacy_fd_div_100
TK-240815,2025-03-02 10:56,2025-03,2025Q1,resolved,email,VR898663,VA-HP-ST2,Returns Desk,A3037,RETURN-QC-OK,N,legacy_fd,755,399900,legacy_fd_div_100
TK-240816,2025-03-02 11:39,2025-03,2025Q1,resolved,social,,VA-SW-NX2,Returns Desk,A3037,RETURN-QC-OK,N,legacy_fd,756,92600,legacy_fd_div_100
TK-240819,2025-03-02 20:53,2025-03,2025Q1,resolved,chat,VR905299,VA-EB-PL1,Logistics,A3037,RETURN-QC-OK,N,legacy_fd,758,224900,legacy_fd_div_100
TK-240825,2025-03-03 10:47,2025-03,2025Q1,resolved,email,VR904047,VA-SW-NX2,Returns Desk,A3038,RETURN-QC-OK,N,legacy_fd,764,617400,legacy_fd_div_100
TK-240826,2025-03-03 11:15,2025-03,2025Q1,pending,chat,VR880304,VA-SW-NX2,Chat Frontline,A3010,CANCEL,N,helpdesk,765,104000,helpdesk_no_change
TK-240829,2025-03-03 17:22,2025-03,2025Q1,closed,chat,,VA-HP-ST3,Logistics,A3030,GW-OTHER,Y,legacy_fd,770,1399800,legacy_fd_div_100
TK-240834,2025-03-03 18:28,2025-03,2025Q1,resolved,chat,VR883767,VA-SW-NX2,Billing,A3035,GW-OTHER,N,legacy_fd,773,519900,legacy_fd_div_100
TK-240835,2025-03-03 18:45,2025-03,2025Q1,resolved,social,VR888358,VA-HP-ST3,Chat Frontline,A3015,GW-OTHER,N,legacy_fd,774,629900,legacy_fd_div_100
TK-240845,2025-03-04 06:01,2025-03,2025Q1,resolved,email,VR883516,VA-SW-NX2,Billing,A3032,GW-OTHER,N,legacy_fd,784,519900,legacy_fd_div_100
TK-240853,2025-03-04 15:04,2025-03,2025Q1,resolved,chat,VR906310,VA-NB-ARC,Returns Desk,A3036,RETURN-QC-OK,N,helpdesk,793,103900,helpdesk_no_change
TK-240856,2025-03-04 20:39,2025-03,2025Q1,resolved,email,VR903415,VA-EB-AIR,Returns Desk,A3036,GW-OTHER,N,legacy_fd,798,179900,legacy_fd_div_100
TK-240864,2025-03-05 12:42,2025-03,2025Q1,resolved,social,VR891299,VA-HP-ST3,Logistics,A3031,DOA-REPL,N,legacy_fd,805,699900,legacy_fd_div_100
TK-240868,2025-03-05 15:00,2025-03,2025Q1,closed,email,VR887125,VA-EB-AIR,Billing,A3035,PRICE-ADJ,N,legacy_fd,809,179900,legacy_fd_div_100
TK-240877,2025-03-05 21:58,2025-03,2025Q1,resolved,chat,VR898972,VA-SW-NX2,Returns Desk,A3038,RETURN-QC-OK,N,legacy_fd,815,649900,legacy_fd_div_100
TK-240878,2025-03-05 22:25,2025-03,2025Q1,resolved,email,,VA-HP-ST3,Email Frontline,A3001,DUP-PAYMENT,N,legacy_fd,816,664900,legacy_fd_div_100
TK-240879,2025-03-05 22:26,2025-03,2025Q1,resolved,chat,,VA-SW-FIT,Returns Desk,A3038,GW-OTHER,N,helpdesk,817,179900,helpdesk_no_change
TK-240883,2025-03-06 12:33,2025-03,2025Q1,resolved,chat,VR904030,VA-EB-AIR,Logistics,A3027,DOA-REPL,Y,legacy_fd,823,161900,legacy_fd_div_100
TK-240889,2025-03-06 19:05,2025-03,2025Q1,resolved,chat,VR906118,VA-SW-NX2,Returns Desk,A3036,RETURN-QC-OK,N,legacy_fd,829,617400,legacy_fd_div_100
TK-240890,2025-03-06 19:12,2025-03,2025Q1,resolved,email,VR903655,VA-SW-NX1,Billing,A3033,DUP-PAYMENT,N,legacy_fd,830,499900,legacy_fd_div_100
TK-240895,2025-03-06 21:48,2025-03,2025Q1,resolved,voice,,VA-EB-AIR,Billing,A3034,PRICE-ADJ,N,legacy_fd,835,179900,legacy_fd_div_100
TK-240910,2025-03-07 19:17,2025-03,2025Q1,closed,email,,VA-AC-CH65,Billing,A3019,DUP-PAYMENT,N,legacy_fd,849,75000,legacy_fd_div_100
TK-240915,2025-03-07 21:23,2025-03,2025Q1,resolved,email,,VA-SP-ORB,Returns Desk,A3037,RETURN-QC-OK,N,legacy_fd,852,54000,legacy_fd_div_100
TK-240920,2025-03-08 08:21,2025-03,2025Q1,resolved,chat,VR880419,VA-SW-NX2,Billing,A3034,DUP-PAYMENT,N,legacy_fd,857,649900,legacy_fd_div_100
TK-240923,2025-03-08 14:32,2025-03,2025Q1,resolved,email,VR888354,VA-EB-PL1,Returns Desk,A3036,RETURN-QC-OK,N,helpdesk,859,249900,helpdesk_no_change
TK-240941,2025-03-09 13:00,2025-03,2025Q1,closed,chat,VR885211,VA-HP-ST2,Returns Desk,A3038,RETURN-QC-OK,N,legacy_fd,879,90000,legacy_fd_div_100
TK-240947,2025-03-09 18:33,2025-03,2025Q1,closed,email,VR883946,VA-SW-FIT,Email Frontline,A3017,CANCEL,N,helpdesk,884,159900,helpdesk_no_change
TK-240951,2025-03-09 21:22,2025-03,2025Q1,resolved,chat,VR891930,VA-HP-ST2,Logistics,A3034,GW-OTHER,N,legacy_fd,889,449900,legacy_fd_div_100
TK-240953,2025-03-09 23:40,2025-03,2025Q1,resolved,chat,,VA-HP-ST2,Chat Frontline,A3002,GW-OTHER,N,legacy_fd,891,90000,legacy_fd_div_100
TK-240960,2025-03-10 17:24,2025-03,2025Q1,resolved,chat,,VA-AC-CH65,Logistics,A3030,DOA-REPL,Y,legacy_fd,897,149900,legacy_fd_div_100
TK-240961,2025-03-10 18:33,2025-03,2025Q1,resolved,voice,VR884839,VA-NB-ARC,Returns Desk,A3036,RETURN-QC-OK,N,legacy_fd,898,11700,legacy_fd_div_100
TK-240963,2025-03-10 19:58,2025-03,2025Q1,resolved,email,,VA-SW-FIT,Logistics,A3030,GW-OTHER,Y,helpdesk,900,159900,helpdesk_no_change
TK-240976,2025-03-11 19:40,2025-03,2025Q1,resolved,chat,VR907309,VA-EB-AIR,Returns Desk,A3036,RETURN-QC-OK,N,legacy_fd,914,161900,legacy_fd_div_100
TK-240980,2025-03-12 00:24,2025-03,2025Q1,resolved,chat,VR886903,VA-SP-ORB,Returns Desk,A3037,GW-OTHER,N,legacy_fd,919,539900,legacy_fd_div_100
TK-240984,2025-03-12 10:25,2025-03,2025Q1,resolved,email,VR904485,VA-EB-AIR,Email Frontline,A3019,GW-OTHER,N,legacy_fd,922,179900,legacy_fd_div_100
TK-240987,2025-03-12 12:07,2025-03,2025Q1,resolved,chat,VR905351,VA-NB-ARC,Returns Desk,A3037,RETURN-QC-OK,N,legacy_fd,924,129900,legacy_fd_div_100
TK-240988,2025-03-12 12:45,2025-03,2025Q1,resolved,voice,,VA-SP-MINI,Returns Desk,A3037,RETURN-QC-OK,N,legacy_fd,925,249900,legacy_fd_div_100
TK-240992,2025-03-12 17:44,2025-03,2025Q1,resolved,chat,VR904897,VA-HP-ST2,Billing,A3035,DUP-PAYMENT,N,legacy_fd,930,474900,legacy_fd_div_100
TK-241003,2025-03-13 19:28,2025-03,2025Q1,resolved,email,VR897241,VA-EB-AIR,Billing,A3035,GW-OTHER,N,legacy_fd,940,16200,legacy_fd_div_100
TK-241026,2025-03-14 20:59,2025-03,2025Q1,resolved,chat,,VA-EB-AIR,Billing,A3035,GW-OTHER,N,legacy_fd,962,32400,legacy_fd_div_100
TK-241027,2025-03-15 07:46,2025-03,2025Q1,resolved,email,,VA-EB-PL1,Email Frontline,A3020,DOA-REPL,Y,legacy_fd,963,249900,legacy_fd_div_100
TK-241034,2025-03-15 12:47,2025-03,2025Q1,closed,social,VR900808,VA-EB-PL1,Billing,A3035,DUP-PAYMENT,N,legacy_fd,968,237400,legacy_fd_div_100
TK-241038,2025-03-15 18:45,2025-03,2025Q1,resolved,email,VR893097,VA-SW-NX2,Email Frontline,A3018,GW-OTHER,N,helpdesk,972,584900,helpdesk_no_change
TK-241040,2025-03-15 19:02,2025-03,2025Q1,resolved,voice,VR899277,VA-EB-AIR,Returns Desk,A3036,RETURN-QC-OK,N,legacy_fd,975,179900,legacy_fd_div_100
TK-241053,2025-03-16 09:56,2025-03,2025Q1,resolved,email,,VA-EB-AIR,Email Frontline,A3021,CANCEL,N,legacy_fd,985,179900,legacy_fd_div_100
TK-241058,2025-03-16 10:44,2025-03,2025Q1,resolved,chat,,VA-SW-NX2,Chat Frontline,A3013,CANCEL,N,legacy_fd,990,584900,legacy_fd_div_100
TK-241059,2025-03-16 12:26,2025-03,2025Q1,resolved,voice,VR901920,VA-NB-ARC,Returns Desk,A3038,RETURN-QC-OK,N,legacy_fd,991,129900,legacy_fd_div_100
TK-241062,2025-03-16 14:08,2025-03,2025Q1,resolved,email,,VA-HP-ST3,Email Frontline,A3018,GW-OTHER,Y,legacy_fd,993,699900,legacy_fd_div_100
TK-241065,2025-03-16 20:26,2025-03,2025Q1,resolved,email,,VA-SW-NX2,Billing,A3034,DUP-PAYMENT,N,legacy_fd,996,584900,legacy_fd_div_100
TK-241067,2025-03-17 04:30,2025-03,2025Q1,resolved,chat,VR904381,VA-SP-MINI,Returns Desk,A3017,GW-OTHER,N,legacy_fd,997,237400,legacy_fd_div_100
TK-241069,2025-03-17 08:53,2025-03,2025Q1,resolved,chat,VR890292,VA-SP-MINI,Billing,A3034,PRICE-ADJ,N,legacy_fd,999,21200,legacy_fd_div_100
TK-241071,2025-03-17 11:51,2025-03,2025Q1,resolved,voice,VR897033,VA-EB-AIR,Voice Frontline,A3024,CANCEL,N,legacy_fd,1000,152900,legacy_fd_div_100
TK-241077,2025-03-18 08:16,2025-03,2025Q1,resolved,chat,,VA-SW-NX1,Billing,A3034,DUP-PAYMENT,N,legacy_fd,1006,212400,legacy_fd_div_100
TK-241081,2025-03-18 13:23,2025-03,2025Q1,resolved,chat,VR901028,VA-EB-PL1,Billing,A3032,DUP-PAYMENT,N,legacy_fd,1010,199900,legacy_fd_div_100
TK-241084,2025-03-18 14:47,2025-03,2025Q1,open,voice,VR891192,VA-SW-NX1,Voice Frontline,A3026,DUP-PAYMENT,N,legacy_fd,1014,449900,legacy_fd_div_100
TK-241089,2025-03-18 18:06,2025-03,2025Q1,resolved,chat,,VA-SP-MINI,Returns Desk,A3036,RETURN-QC-OK,N,legacy_fd,1019,474800,legacy_fd_div_100
TK-241091,2025-03-18 21:35,2025-03,2025Q1,resolved,chat,,VA-NB-ARC,Returns Desk,A3036,RETURN-QC-OK,N,legacy_fd,1020,116900,legacy_fd_div_100
TK-241092,2025-03-18 21:42,2025-03,2025Q1,closed,chat,VR906595,VA-HP-ST2,Returns Desk,A3036,RETURN-QC-OK,N,helpdesk,1021,75000,helpdesk_no_change
TK-241093,2025-03-19 03:18,2025-03,2025Q1,resolved,chat,VR906885,VA-EB-AIR,Billing,A3034,DUP-PAYMENT,N,legacy_fd,1023,143900,legacy_fd_div_100
TK-241094,2025-03-19 07:11,2025-03,2025Q1,resolved,chat,,VA-EB-AIR,Billing,A3034,DUP-PAYMENT,N,legacy_fd,1024,143900,legacy_fd_div_100
TK-241097,2025-03-19 12:59,2025-03,2025Q1,resolved,voice,VR897828,VA-SW-NX1,Returns Desk,A3036,GW-OTHER,N,legacy_fd,1027,50000,legacy_fd_div_100
TK-241114,2025-03-20 12:59,2025-03,2025Q1,resolved,email,VR894959,VA-EB-PL1,Returns Desk,A3038,RETURN-QC-OK,N,legacy_fd,1042,249900,legacy_fd_div_100
TK-241118,2025-03-20 21:37,2025-03,2025Q1,closed,email,VR894843,VA-SP-MINI,Billing,A3034,GW-OTHER,N,legacy_fd,1046,118700,legacy_fd_div_100
TK-241119,2025-03-20 22:11,2025-03,2025Q1,resolved,chat,,VA-EB-PL1,Chat Frontline,A3017,WTY-BUYBACK,N,legacy_fd,1047,249900,legacy_fd_div_100
TK-241121,2025-03-21 08:46,2025-03,2025Q1,resolved,voice,,VA-EB-PL1,Logistics,A3028,DOA-REPL,N,legacy_fd,1049,237400,legacy_fd_div_100
TK-241126,2025-03-21 16:13,2025-03,2025Q1,closed,chat,,VA-SW-NX1,Chat Frontline,A3012,DOA-REPL,N,legacy_fd,1054,250000,legacy_fd_div_100
TK-241130,2025-03-21 17:25,2025-03,2025Q1,resolved,voice,VR899637,VA-HP-ST3,Voice Frontline,A3026,DOA-REPL,N,helpdesk,1057,629900,helpdesk_no_change
TK-241152,2025-03-22 18:52,2025-03,2025Q1,resolved,chat,,VA-SW-FIT,Returns Desk,A3036,GW-OTHER,N,legacy_fd,1075,16000,legacy_fd_div_100
TK-241155,2025-03-22 20:53,2025-03,2025Q1,resolved,chat,,VA-SW-FIT,Chat Frontline,A3014,GW-OTHER,N,legacy_fd,1078,159900,legacy_fd_div_100
TK-241156,2025-03-22 20:57,2025-03,2025Q1,resolved,email,,VA-EB-AIR,Billing,A3033,GW-OTHER,N,legacy_fd,1079,179900,legacy_fd_div_100
TK-241163,2025-03-23 13:39,2025-03,2025Q1,resolved,chat,,VA-EB-AIR,Billing,A3033,DUP-PAYMENT,N,legacy_fd,1084,179900,legacy_fd_div_100
TK-241213,2025-03-26 09:51,2025-03,2025Q1,resolved,voice,VR889370,VA-SW-NX2,Billing,A3034,PRICE-ADJ,N,legacy_fd,1128,617400,legacy_fd_div_100
TK-241215,2025-03-26 09:52,2025-03,2025Q1,resolved,email,VR883029,VA-HP-ST3,Billing,A3035,GW-OTHER,N,legacy_fd,1129,664900,legacy_fd_div_100
TK-241220,2025-03-26 13:23,2025-03,2025Q1,resolved,chat,VR883029,VA-HP-ST3,Chat Frontline,A3013,GW-OTHER,N,legacy_fd,1133,664900,legacy_fd_div_100
TK-241229,2025-03-26 19:52,2025-03,2025Q1,resolved,voice,VR903358,VA-EB-AIR,Voice Frontline,A3026,GW-OTHER,N,legacy_fd,1142,179900,legacy_fd_div_100
TK-241236,2025-03-26 22:23,2025-03,2025Q1,pending,chat,VR906071,VA-HP-ST3,Billing,A3032,GW-OTHER,N,legacy_fd,1147,350000,legacy_fd_div_100
TK-241243,2025-03-27 13:50,2025-03,2025Q1,resolved,chat,,VA-EB-AIR,Billing,A3033,GW-OTHER,N,helpdesk,1155,179900,helpdesk_no_change
TK-241268,2025-03-28 16:43,2025-03,2025Q1,resolved,chat,VR898655,VA-SW-NX2,Returns Desk,A3036,RETURN-QC-OK,N,legacy_fd,1175,649900,legacy_fd_div_100
TK-241269,2025-03-28 18:18,2025-03,2025Q1,resolved,chat,VR892044,VA-SP-ORB,Billing,A3035,DOA-REPL,Y,legacy_fd,1176,569900,legacy_fd_div_100
TK-241270,2025-03-28 19:12,2025-03,2025Q1,resolved,chat,VR903556,VA-HP-ST3,Returns Desk,A3036,RETURN-QC-OK,N,legacy_fd,1177,699900,legacy_fd_div_100
TK-241273,2025-03-28 20:48,2025-03,2025Q1,closed,chat,VR893760,VA-EB-PL1,Chat Frontline,A3014,GW-OTHER,N,legacy_fd,1179,224900,legacy_fd_div_100
TK-241279,2025-03-29 05:18,2025-03,2025Q1,resolved,social,VR905737,VA-SW-NX2,Billing,A3032,DUP-PAYMENT,N,helpdesk,1184,552400,helpdesk_no_change
TK-241284,2025-03-29 11:01,2025-03,2025Q1,resolved,chat,VR885395,VA-EB-PL1,Chat Frontline,A3011,GW-OTHER,N,legacy_fd,1190,37500,legacy_fd_div_100
TK-241292,2025-03-30 01:41,2025-03,2025Q1,resolved,social,,VA-EB-AIR,Chat Frontline,A3002,GW-OTHER,N,legacy_fd,1198,179900,legacy_fd_div_100
TK-241308,2025-03-30 16:01,2025-03,2025Q1,resolved,email,,VA-HP-ST3,Returns Desk,A3036,RETURN-QC-OK,N,legacy_fd,1213,594900,legacy_fd_div_100
TK-241315,2025-03-30 20:54,2025-03,2025Q1,resolved,chat,,VA-SW-NX1,Billing,A3035,GW-OTHER,N,legacy_fd,1217,449900,legacy_fd_div_100
TK-241320,2025-03-31 11:22,2025-03,2025Q1,resolved,social,,VA-HP-ST2,Logistics,A3027,LOST-TRANSIT,N,legacy_fd,1220,399900,legacy_fd_div_100
TK-241323,2025-03-31 14:09,2025-03,2025Q1,closed,social,VR891249,VA-SP-MINI,Returns Desk,A3036,RETURN-QC-OK,N,legacy_fd,1223,249900,legacy_fd_div_100
TK-241330,2025-03-31 19:35,2025-03,2025Q1,closed,chat,,VA-AC-CBL,Billing,A3035,DUP-PAYMENT,N,legacy_fd,1231,39900,legacy_fd_div_100
TK-241333,2025-04-01 04:49,2025-04,2025Q2,resolved,chat,VR898360,VA-SW-NX2,Chat Frontline,A3002,GW-OTHER,N,legacy_fd,1233,649900,legacy_fd_div_100
TK-241342,2025-04-01 16:06,2025-04,2025Q2,resolved,email,VR891246,VA-SW-NX2,Logistics,A3030,GW-OTHER,N,legacy_fd,1242,519900,legacy_fd_div_100
TK-241350,2025-04-01 21:47,2025-04,2025Q2,resolved,chat,,VA-SP-MINI,Billing,A3035,PRICE-ADJ,N,helpdesk,1247,224900,helpdesk_no_change
TK-241357,2025-04-02 09:34,2025-04,2025Q2,resolved,chat,VR905124,VA-SP-MINI,Logistics,A3028,DOA-REPL,N,legacy_fd,1254,33700,legacy_fd_div_100
TK-241361,2025-04-02 11:47,2025-04,2025Q2,resolved,email,VR905356,VA-HP-ST3,Email Frontline,A3020,CANCEL,N,legacy_fd,1257,594900,legacy_fd_div_100
TK-241364,2025-04-02 13:32,2025-04,2025Q2,closed,voice,,VA-EB-PL1,Billing,A3020,DUP-PAYMENT,N,legacy_fd,1262,100000,legacy_fd_div_100
TK-241376,2025-04-03 13:51,2025-04,2025Q2,resolved,chat,,VA-HP-ST3,Billing,A3033,RETURN-QC-OK,N,helpdesk,1273,350000,helpdesk_no_change
TK-241391,2025-04-04 06:32,2025-04,2025Q2,resolved,email,,VA-EB-AIR,Email Frontline,A3020,GW-OTHER,N,helpdesk,1288,179900,helpdesk_no_change
TK-241398,2025-04-04 15:23,2025-04,2025Q2,resolved,email,VR893301,VA-SP-ORB,Email Frontline,A3018,GW-OTHER,N,legacy_fd,1294,60000,legacy_fd_div_100
TK-241402,2025-04-04 17:55,2025-04,2025Q2,resolved,social,VR889754,VA-SP-MINI,Chat Frontline,A3009,CANCEL,N,helpdesk,1298,199900,helpdesk_no_change
TK-241404,2025-04-04 20:51,2025-04,2025Q2,resolved,email,,VA-SW-FIT,Email Frontline,A3001,DUP-PAYMENT,N,legacy_fd,1301,199900,legacy_fd_div_100
TK-241415,2025-04-05 11:04,2025-04,2025Q2,resolved,email,,VA-SW-NX2,Returns Desk,A3036,GW-OTHER,N,legacy_fd,1307,584900,legacy_fd_div_100
TK-241421,2025-04-05 12:47,2025-04,2025Q2,resolved,voice,VR895447,VA-SW-FIT,Billing,A3033,DUP-PAYMENT,N,helpdesk,1310,169900,helpdesk_no_change
TK-241436,2025-04-05 21:47,2025-04,2025Q2,resolved,chat,,VA-NB-ARC,Returns Desk,A3036,RETURN-QC-OK,N,legacy_fd,1325,110400,legacy_fd_div_100
TK-241437,2025-04-05 22:31,2025-04,2025Q2,resolved,chat,,VA-SP-ORB,Chat Frontline,A3017,CANCEL,N,helpdesk,1326,539900,helpdesk_no_change
TK-241445,2025-04-06 09:57,2025-04,2025Q2,resolved,chat,VR884326,VA-SW-NX2,Returns Desk,A3037,RETURN-QC-OK,N,legacy_fd,1333,552400,legacy_fd_div_100
TK-241452,2025-04-06 15:38,2025-04,2025Q2,resolved,voice,,VA-SW-NX2,Escalations & Warranty,A3044,WTY-BUYBACK,N,helpdesk,1340,519900,helpdesk_no_change
TK-241466,2025-04-07 07:43,2025-04,2025Q2,resolved,email,,VA-EB-PL1,Email Frontline,A3022,WTY-BUYBACK,Y,legacy_fd,1355,224900,legacy_fd_div_100
TK-241468,2025-04-07 09:57,2025-04,2025Q2,resolved,chat,,VA-SP-MINI,Chat Frontline,A3011,CANCEL,N,helpdesk,1356,237400,helpdesk_no_change
TK-241475,2025-04-07 18:28,2025-04,2025Q2,resolved,email,VR883108,VA-EB-PL1,Logistics,A3028,WTY-BUYBACK,Y,legacy_fd,1365,237400,legacy_fd_div_100
TK-241476,2025-04-07 18:54,2025-04,2025Q2,resolved,chat,,VA-SW-NX2,Logistics,A3030,GW-OTHER,N,helpdesk,1366,649900,helpdesk_no_change
TK-241477,2025-04-07 19:16,2025-04,2025Q2,resolved,chat,VR908710,VA-EB-PL1,Logistics,A3030,CANCEL,N,legacy_fd,1368,80000,legacy_fd_div_100
TK-241493,2025-04-08 18:05,2025-04,2025Q2,resolved,email,,VA-HP-ST3,Returns Desk,A3036,RETURN-QC-OK,N,helpdesk,1381,559900,helpdesk_no_change
TK-241507,2025-04-09 14:11,2025-04,2025Q2,resolved,voice,VR908710,VA-EB-PL1,Returns Desk,A3036,RETURN-QC-OK,N,legacy_fd,1395,399800,legacy_fd_div_100
TK-241529,2025-04-10 23:20,2025-04,2025Q2,resolved,email,VR886244,VA-EB-AIR,Returns Desk,A3038,RETURN-QC-OK,N,legacy_fd,1417,179900,legacy_fd_div_100
TK-241540,2025-04-11 11:33,2025-04,2025Q2,resolved,chat,VR904456,VA-EB-PL1,Returns Desk,A3038,GW-OTHER,N,helpdesk,1425,224900,helpdesk_no_change
TK-241558,2025-04-12 13:38,2025-04,2025Q2,resolved,chat,,VA-HP-ST3,Billing,A3033,CANCEL,N,legacy_fd,1442,140000,legacy_fd_div_100
TK-241559,2025-04-12 13:47,2025-04,2025Q2,resolved,chat,,VA-SW-FIT,Logistics,A3031,GW-OTHER,N,legacy_fd,1443,80000,legacy_fd_div_100
TK-241568,2025-04-12 21:25,2025-04,2025Q2,resolved,email,,VA-HP-ST3,Returns Desk,A3038,RETURN-QC-OK,N,legacy_fd,1451,119000,legacy_fd_div_100
TK-241575,2025-04-13 11:37,2025-04,2025Q2,resolved,chat,VR903628,VA-EB-PL1,Returns Desk,A3037,GW-OTHER,Y,legacy_fd,1458,199900,legacy_fd_div_100
TK-241634,2025-04-15 14:49,2025-04,2025Q2,resolved,chat,,VA-EB-AIR,Logistics,A3030,RETURN-QC-OK,N,legacy_fd,1509,143900,legacy_fd_div_100
TK-241644,2025-04-16 00:46,2025-04,2025Q2,resolved,email,VR900574,VA-EB-PL1,Logistics,A3028,RETURN-QC-OK,N,legacy_fd,1518,50000,legacy_fd_div_100
TK-241646,2025-04-16 08:16,2025-04,2025Q2,resolved,chat,VR886726,VA-AC-CBL,Billing,A3034,DUP-PAYMENT,N,legacy_fd,1520,37900,legacy_fd_div_100
TK-241671,2025-04-17 12:03,2025-04,2025Q2,resolved,social,VR908508,VA-EB-PL1,Returns Desk,A3036,RETURN-QC-OK,N,legacy_fd,1542,112400,legacy_fd_div_100
TK-241675,2025-04-17 15:19,2025-04,2025Q2,resolved,social,,VA-EB-AIR,Chat Frontline,A3005,GW-OTHER,N,legacy_fd,1545,179900,legacy_fd_div_100
TK-241676,2025-04-17 15:51,2025-04,2025Q2,resolved,chat,VR908044,VA-SW-NX2,Returns Desk,A3036,GW-OTHER,N,legacy_fd,1546,130000,legacy_fd_div_100
TK-241686,2025-04-18 08:13,2025-04,2025Q2,resolved,chat,VR908439,VA-SW-NX2,Returns Desk,A3037,GW-OTHER,N,legacy_fd,1558,617400,legacy_fd_div_100
TK-241688,2025-04-18 09:26,2025-04,2025Q2,resolved,chat,VR898470,VA-EB-AIR,Chat Frontline,A3013,DOA-REPL,Y,legacy_fd,1559,179900,legacy_fd_div_100
TK-241690,2025-04-18 10:05,2025-04,2025Q2,resolved,voice,VR904366,VA-EB-AIR,Returns Desk,A3037,GW-OTHER,N,legacy_fd,1561,21600,legacy_fd_div_100
TK-241703,2025-04-18 19:22,2025-04,2025Q2,resolved,voice,,VA-HP-ST3,Billing,A3035,DUP-PAYMENT,N,legacy_fd,1572,1329800,legacy_fd_div_100
TK-241705,2025-04-18 19:58,2025-04,2025Q2,resolved,email,VR899587,VA-EB-AIR,Returns Desk,A3036,GW-OTHER,N,legacy_fd,1574,170900,legacy_fd_div_100
TK-241708,2025-04-18 23:34,2025-04,2025Q2,resolved,email,VR900918,VA-AC-CBL,Email Frontline,A3001,DUP-PAYMENT,N,legacy_fd,1576,20000,legacy_fd_div_100
TK-241711,2025-04-19 10:06,2025-04,2025Q2,resolved,voice,,VA-HP-ST3,Billing,A3033,GW-OTHER,N,legacy_fd,1578,629900,legacy_fd_div_100
TK-241714,2025-04-19 12:06,2025-04,2025Q2,resolved,chat,,VA-SW-NX1,Chat Frontline,A3006,CANCEL,N,legacy_fd,1581,47500,legacy_fd_div_100
TK-241721,2025-04-19 17:50,2025-04,2025Q2,resolved,chat,,VA-AC-CH65,Billing,A3035,CANCEL,N,helpdesk,1587,134900,helpdesk_no_change
TK-241723,2025-04-19 18:13,2025-04,2025Q2,resolved,email,VR894072,VA-EB-AIR,Billing,A3035,PRICE-ADJ,N,legacy_fd,1589,179900,legacy_fd_div_100
TK-241724,2025-04-19 19:52,2025-04,2025Q2,resolved,social,VR881394,VA-EB-PL1,Returns Desk,A3017,RETURN-QC-OK,N,legacy_fd,1590,249900,legacy_fd_div_100
TK-241726,2025-04-19 20:56,2025-04,2025Q2,resolved,email,VR880741,VA-EB-AIR,Returns Desk,A3037,RETURN-QC-OK,N,legacy_fd,1592,152900,legacy_fd_div_100
TK-241735,2025-04-20 10:29,2025-04,2025Q2,resolved,chat,,VA-SW-FIT,Billing,A3034,GW-OTHER,N,legacy_fd,1602,399800,legacy_fd_div_100
TK-241749,2025-04-21 15:18,2025-04,2025Q2,resolved,voice,VR900822,VA-EB-PL1,Voice Frontline,A3026,GW-OTHER,N,helpdesk,1614,224900,helpdesk_no_change
TK-241755,2025-04-22 05:56,2025-04,2025Q2,closed,email,VR897385,VA-SW-NX2,Escalations & Warranty,A3039,GW-OTHER,N,legacy_fd,1621,552400,legacy_fd_div_100
TK-241768,2025-04-22 21:20,2025-04,2025Q2,closed,chat,VR880409,VA-EB-AIR,Returns Desk,A3036,GW-OTHER,N,legacy_fd,1634,179900,legacy_fd_div_100
TK-241775,2025-04-23 13:50,2025-04,2025Q2,open,voice,,VA-SP-MINI,Billing,A3035,GW-OTHER,N,legacy_fd,1641,75000,legacy_fd_div_100
TK-241779,2025-04-23 18:34,2025-04,2025Q2,resolved,chat,VR886333,VA-EB-PL1,Returns Desk,A3036,RETURN-QC-OK,N,helpdesk,1645,50000,helpdesk_no_change
TK-241786,2025-04-24 08:03,2025-04,2025Q2,resolved,chat,VR908391,VA-SP-ORB,Billing,A3036,DUP-PAYMENT,N,legacy_fd,1654,599900,legacy_fd_div_100
TK-241788,2025-04-24 08:21,2025-04,2025Q2,resolved,chat,VR903500,VA-SP-ORB,Billing,A3033,GW-OTHER,N,legacy_fd,1655,569900,legacy_fd_div_100
TK-241789,2025-04-24 08:28,2025-04,2025Q2,resolved,chat,VR892685,VA-HP-ST2,Chat Frontline,A3007,CANCEL,N,legacy_fd,1656,424900,legacy_fd_div_100
TK-241790,2025-04-24 09:07,2025-04,2025Q2,pending,email,VR888270,VA-SP-MINI,Billing,A3033,PRICE-ADJ,N,helpdesk,1657,237400,helpdesk_no_change
TK-241796,2025-04-24 13:29,2025-04,2025Q2,resolved,email,,VA-EB-AIR,Email Frontline,A3018,GW-OTHER,N,legacy_fd,1663,143900,legacy_fd_div_100
TK-241800,2025-04-24 15:07,2025-04,2025Q2,resolved,voice,VR882212,VA-SW-NX2,Voice Frontline,A3026,WTY-BUYBACK,N,legacy_fd,1668,519900,legacy_fd_div_100
TK-241806,2025-04-24 21:35,2025-04,2025Q2,resolved,email,VR888266,VA-EB-AIR,Email Frontline,A3016,DOA-REPL,Y,legacy_fd,1673,359800,legacy_fd_div_100
TK-241819,2025-04-25 17:54,2025-04,2025Q2,resolved,email,,VA-HP-ST3,Returns Desk,A3038,RETURN-QC-OK,N,legacy_fd,1685,699900,legacy_fd_div_100
TK-241823,2025-04-25 21:44,2025-04,2025Q2,pending,email,VR885228,VA-EB-PL1,Returns Desk,A3036,RETURN-QC-OK,N,legacy_fd,1688,37500,legacy_fd_div_100
TK-241826,2025-04-26 08:41,2025-04,2025Q2,resolved,chat,VR894241,VA-EB-PL1,Returns Desk,A3038,GW-OTHER,N,legacy_fd,1691,212400,legacy_fd_div_100
TK-241832,2025-04-26 11:54,2025-04,2025Q2,resolved,email,VR908126,VA-HP-ST3,Billing,A3035,GW-OTHER,N,legacy_fd,1695,559900,legacy_fd_div_100
TK-241845,2025-04-27 00:46,2025-04,2025Q2,resolved,chat,VR907010,VA-HP-ST3,Returns Desk,A3038,GW-OTHER,N,legacy_fd,1706,699900,legacy_fd_div_100
TK-241851,2025-04-27 18:22,2025-04,2025Q2,resolved,email,,VA-SW-FIT,Escalations & Warranty,A3038,GW-OTHER,N,legacy_fd,1712,169900,legacy_fd_div_100
TK-241857,2025-04-27 21:02,2025-04,2025Q2,resolved,chat,,VA-SW-NX2,Chat Frontline,A3014,GW-OTHER,N,legacy_fd,1718,649900,legacy_fd_div_100
TK-241863,2025-04-28 09:06,2025-04,2025Q2,resolved,chat,VR897162,VA-HP-ST3,Logistics,A3029,GW-OTHER,N,legacy_fd,1723,594900,legacy_fd_div_100
TK-241868,2025-04-28 11:08,2025-04,2025Q2,resolved,voice,VR883821,VA-EB-AIR,Billing,A3032,DUP-PAYMENT,N,helpdesk,1727,14400,helpdesk_no_change
TK-241869,2025-04-28 11:36,2025-04,2025Q2,resolved,chat,VR909910,VA-SW-NX2,Billing,A3034,DUP-PAYMENT,N,legacy_fd,1729,649900,legacy_fd_div_100
TK-241872,2025-04-28 12:37,2025-04,2025Q2,resolved,chat,,VA-EB-PL1,Returns Desk,A3038,RETURN-QC-OK,N,legacy_fd,1731,199900,legacy_fd_div_100
TK-241876,2025-04-29 03:55,2025-04,2025Q2,resolved,email,,VA-SP-MINI,Billing,A3033,GW-OTHER,N,legacy_fd,1736,224900,legacy_fd_div_100
TK-241881,2025-04-29 18:44,2025-04,2025Q2,resolved,email,,VA-SP-MINI,Billing,A3033,GW-OTHER,N,legacy_fd,1741,21200,legacy_fd_div_100
TK-241883,2025-04-29 20:02,2025-04,2025Q2,resolved,voice,,VA-SW-NX1,Voice Frontline,A3026,GW-OTHER,N,legacy_fd,1742,899800,legacy_fd_div_100
TK-241885,2025-04-29 22:07,2025-04,2025Q2,resolved,chat,VR907868,VA-SW-NX2,Billing,A3034,DUP-PAYMENT,N,helpdesk,1745,649900,helpdesk_no_change
TK-241897,2025-04-30 15:46,2025-04,2025Q2,resolved,email,VR906729,VA-EB-PL1,Email Frontline,A3018,GW-OTHER,Y,legacy_fd,1756,224900,legacy_fd_div_100
TK-241903,2025-04-30 21:51,2025-04,2025Q2,resolved,chat,VR882506,VA-HP-ST3,Billing,A3035,PRICE-ADJ,N,legacy_fd,1762,350000,legacy_fd_div_100
TK-241904,2025-04-30 22:20,2025-04,2025Q2,resolved,email,,VA-SW-NX1,Logistics,A3028,DOA-REPL,N,legacy_fd,1763,499900,legacy_fd_div_100
TK-241920,2025-05-01 20:25,2025-05,2025Q2,resolved,chat,,VA-SP-ORB,Returns Desk,A3036,GW-OTHER,N,legacy_fd,1778,599900,legacy_fd_div_100
TK-241927,2025-05-01 22:26,2025-05,2025Q2,closed,chat,VR882039,VA-SW-FIT,Chat Frontline,A3017,GW-OTHER,N,legacy_fd,1783,169900,legacy_fd_div_100
TK-241932,2025-05-02 12:34,2025-05,2025Q2,resolved,email,VR899422,VA-SW-NX1,Billing,A3035,GW-OTHER,N,legacy_fd,1787,100000,legacy_fd_div_100
TK-241934,2025-05-02 12:59,2025-05,2025Q2,closed,email,VR907010,VA-HP-ST3,Returns Desk,A3036,GW-OTHER,N,legacy_fd,1788,140000,legacy_fd_div_100
TK-241935,2025-05-02 13:25,2025-05,2025Q2,resolved,social,VR904184,VA-HP-ST2,Chat Frontline,A3014,CANCEL,N,legacy_fd,1789,474900,legacy_fd_div_100
TK-241939,2025-05-02 15:55,2025-05,2025Q2,resolved,chat,VR891057,VA-EB-PL1,Billing,A3035,DUP-PAYMENT,N,legacy_fd,1792,249900,legacy_fd_div_100
TK-241942,2025-05-02 17:23,2025-05,2025Q2,resolved,email,,VA-SW-FIT,Returns Desk,A3017,GW-OTHER,N,legacy_fd,1795,199900,legacy_fd_div_100
TK-241943,2025-05-02 18:23,2025-05,2025Q2,resolved,chat,VR894910,VA-EB-AIR,Returns Desk,A3036,GW-OTHER,N,legacy_fd,1796,27000,legacy_fd_div_100
TK-241945,2025-05-02 19:17,2025-05,2025Q2,resolved,email,,VA-NB-ARC,Logistics,A3028,CANCEL,N,legacy_fd,1797,129900,legacy_fd_div_100
TK-241951,2025-05-03 09:19,2025-05,2025Q2,resolved,chat,VR906802,VA-SW-NX2,Returns Desk,A3037,RETURN-QC-OK,N,helpdesk,1802,552400,helpdesk_no_change
TK-241962,2025-05-03 15:59,2025-05,2025Q2,resolved,chat,,VA-AC-CH65,Chat Frontline,A3015,GW-OTHER,N,legacy_fd,1811,75000,legacy_fd_div_100
TK-241993,2025-05-05 12:58,2025-05,2025Q2,resolved,voice,VR901542,VA-SW-FIT,Billing,A3033,GW-OTHER,N,legacy_fd,1840,34000,legacy_fd_div_100
TK-242001,2025-05-05 20:27,2025-05,2025Q2,resolved,email,VR891811,VA-EB-PL1,Returns Desk,A3037,GW-OTHER,N,legacy_fd,1850,199900,legacy_fd_div_100
TK-242006,2025-05-06 08:55,2025-05,2025Q2,resolved,email,VR892539,VA-HP-ST3,Billing,A3032,PRICE-ADJ,N,legacy_fd,1854,559900,legacy_fd_div_100
TK-242013,2025-05-06 17:39,2025-05,2025Q2,resolved,email,VR886069,VA-SW-NX2,Returns Desk,A3036,RETURN-QC-OK,N,legacy_fd,1859,584900,legacy_fd_div_100
TK-242020,2025-05-07 08:44,2025-05,2025Q2,closed,chat,,VA-SP-ORB,Logistics,A3027,WTY-BUYBACK,Y,legacy_fd,1866,539900,legacy_fd_div_100
TK-242021,2025-05-07 09:32,2025-05,2025Q2,closed,chat,,VA-SW-NX2,Logistics,A3031,LOST-TRANSIT,N,legacy_fd,1867,78000,legacy_fd_div_100
TK-242025,2025-05-07 10:47,2025-05,2025Q2,resolved,chat,,VA-SW-NX2,Chat Frontline,A3011,GW-OTHER,N,legacy_fd,1870,117000,legacy_fd_div_100
TK-242030,2025-05-07 14:02,2025-05,2025Q2,resolved,voice,VR892748,VA-SW-FIT,Voice Frontline,A3026,WTY-BUYBACK,Y,legacy_fd,1875,159900,legacy_fd_div_100
TK-242047,2025-05-08 11:43,2025-05,2025Q2,resolved,email,VR909973,VA-SP-MINI,Returns Desk,A3037,GW-OTHER,N,legacy_fd,1894,199900,legacy_fd_div_100
TK-242050,2025-05-08 17:28,2025-05,2025Q2,resolved,chat,,VA-AC-CH65,Billing,A3035,DUP-PAYMENT,N,legacy_fd,1897,15000,legacy_fd_div_100
TK-242052,2025-05-08 17:46,2025-05,2025Q2,resolved,chat,VR903916,VA-NB-ARC,Chat Frontline,A3005,DOA-REPL,N,legacy_fd,1898,129900,legacy_fd_div_100
TK-242055,2025-05-08 21:22,2025-05,2025Q2,resolved,voice,VR905100,VA-HP-ST3,Voice Frontline,A3035,GW-OTHER,N,legacy_fd,1901,699900,legacy_fd_div_100
TK-242056,2025-05-09 08:09,2025-05,2025Q2,closed,social,,VA-EB-PL1,Billing,A3033,PRICE-ADJ,N,legacy_fd,1902,224900,legacy_fd_div_100
TK-242061,2025-05-09 14:52,2025-05,2025Q2,resolved,voice,,VA-HP-ST3,Returns Desk,A3036,RETURN-QC-OK,N,helpdesk,1907,350000,helpdesk_no_change
TK-242067,2025-05-09 20:34,2025-05,2025Q2,resolved,voice,VR899346,VA-SW-NX2,Voice Frontline,A3026,CANCEL,N,helpdesk,1913,58500,helpdesk_no_change
TK-242080,2025-05-10 21:01,2025-05,2025Q2,resolved,voice,VR909747,VA-NB-ARC,Billing,A3035,GW-OTHER,N,legacy_fd,1927,110400,legacy_fd_div_100
TK-242100,2025-05-12 00:00,2025-05,2025Q2,resolved,chat,,VA-SP-ORB,Logistics,A3028,GW-OTHER,N,legacy_fd,1946,72000,legacy_fd_div_100
TK-242101,2025-05-12 00:01,2025-05,2025Q2,resolved,chat,VR893795,VA-SP-MINI,Billing,A3032,GW-OTHER,N,helpdesk,1947,45000,helpdesk_no_change
TK-242105,2025-05-12 08:18,2025-05,2025Q2,resolved,chat,VR905439,VA-EB-PL1,Chat Frontline,A3007,CANCEL,N,legacy_fd,1953,37500,legacy_fd_div_100
TK-242112,2025-05-12 13:03,2025-05,2025Q2,resolved,chat,VR897415,VA-SW-NX2,Billing,A3032,GW-OTHER,N,legacy_fd,1959,97500,legacy_fd_div_100
TK-242117,2025-05-12 19:09,2025-05,2025Q2,resolved,voice,,VA-SP-MINI,Billing,A3035,GW-OTHER,N,helpdesk,1962,224900,helpdesk_no_change
TK-242121,2025-05-12 20:52,2025-05,2025Q2,resolved,chat,VR897571,VA-SW-NX2,Escalations & Warranty,A3043,GW-OTHER,N,legacy_fd,1965,130000,legacy_fd_div_100
TK-242127,2025-05-13 09:36,2025-05,2025Q2,resolved,voice,,VA-HP-ST2,Returns Desk,A3037,RETURN-QC-OK,N,legacy_fd,1969,399900,legacy_fd_div_100
TK-242130,2025-05-13 11:34,2025-05,2025Q2,resolved,email,VR903702,VA-HP-ST2,Logistics,A3030,GW-OTHER,N,legacy_fd,1973,899800,legacy_fd_div_100
TK-242131,2025-05-13 12:15,2025-05,2025Q2,resolved,social,,VA-AC-CBL,Logistics,A3029,GW-OTHER,N,helpdesk,1974,12000,helpdesk_no_change
TK-242134,2025-05-13 14:48,2025-05,2025Q2,resolved,chat,VR893782,VA-SW-NX2,Chat Frontline,A3008,CANCEL,N,legacy_fd,1977,617400,legacy_fd_div_100
TK-242158,2025-05-14 15:57,2025-05,2025Q2,resolved,chat,VR909654,VA-AC-CH65,Logistics,A3030,GW-OTHER,Y,helpdesk,2000,299800,helpdesk_no_change
TK-242166,2025-05-15 10:49,2025-05,2025Q2,resolved,voice,VR880616,VA-HP-ST3,Voice Frontline,A3023,CANCEL,N,legacy_fd,2008,332400,legacy_fd_div_100
TK-242168,2025-05-15 11:36,2025-05,2025Q2,resolved,social,VR886416,VA-SW-NX2,Returns Desk,A3037,RETURN-QC-OK,N,helpdesk,2010,61700,helpdesk_no_change
TK-242174,2025-05-15 17:36,2025-05,2025Q2,resolved,chat,VR895082,VA-HP-ST3,Billing,A3035,GW-OTHER,N,helpdesk,2015,350000,helpdesk_no_change
TK-242180,2025-05-15 23:27,2025-05,2025Q2,resolved,social,,VA-AC-CH65,Returns Desk,A3037,RETURN-QC-OK,N,helpdesk,2022,24000,helpdesk_no_change
TK-242182,2025-05-16 08:23,2025-05,2025Q2,resolved,chat,VR903841,VA-EB-PL1,Returns Desk,A3038,RETURN-QC-OK,N,legacy_fd,2025,25000,legacy_fd_div_100
TK-242190,2025-05-16 14:46,2025-05,2025Q2,resolved,voice,,VA-SW-FIT,Voice Frontline,A3026,DUP-PAYMENT,N,legacy_fd,2033,28500,legacy_fd_div_100
TK-242191,2025-05-16 14:55,2025-05,2025Q2,resolved,voice,VR898481,VA-SP-MINI,Logistics,A3030,GW-OTHER,N,legacy_fd,2034,249900,legacy_fd_div_100
TK-242210,2025-05-17 14:42,2025-05,2025Q2,resolved,voice,VR902532,VA-EB-PL1,Voice Frontline,A3026,CANCEL,N,legacy_fd,2050,249900,legacy_fd_div_100
TK-242222,2025-05-18 05:17,2025-05,2025Q2,resolved,email,VR903392,VA-HP-ST3,Email Frontline,A3020,GW-OTHER,N,legacy_fd,2057,63000,legacy_fd_div_100
TK-242223,2025-05-18 09:29,2025-05,2025Q2,resolved,voice,VR901644,VA-SW-NX2,Billing,A3034,GW-OTHER,N,legacy_fd,2058,649900,legacy_fd_div_100
TK-242232,2025-05-18 18:50,2025-05,2025Q2,pending,chat,VR890129,VA-SW-FIT,Chat Frontline,A3012,WTY-BUYBACK,N,helpdesk,2068,199900,helpdesk_no_change
TK-242243,2025-05-19 11:32,2025-05,2025Q2,resolved,chat,VR905596,VA-SW-NX2,Returns Desk,A3038,RETURN-QC-OK,N,legacy_fd,2079,78000,legacy_fd_div_100
TK-242249,2025-05-19 13:20,2025-05,2025Q2,resolved,voice,VR900434,VA-EB-AIR,Billing,A3034,GW-OTHER,N,legacy_fd,2084,152900,legacy_fd_div_100
TK-242251,2025-05-19 15:25,2025-05,2025Q2,open,email,VR901973,VA-SP-ORB,Email Frontline,A3018,GW-OTHER,N,legacy_fd,2086,569900,legacy_fd_div_100
TK-242253,2025-05-19 15:58,2025-05,2025Q2,resolved,chat,VR892753,VA-EB-AIR,Chat Frontline,A3012,GW-OTHER,N,legacy_fd,2087,152900,legacy_fd_div_100
TK-242254,2025-05-19 18:12,2025-05,2025Q2,resolved,chat,VR902971,VA-HP-ST2,Billing,A3035,DUP-PAYMENT,N,legacy_fd,2088,80000,legacy_fd_div_100
TK-242266,2025-05-20 11:03,2025-05,2025Q2,resolved,social,,VA-AC-CBL,Chat Frontline,A3014,GW-OTHER,N,legacy_fd,2099,16000,legacy_fd_div_100
TK-242270,2025-05-20 20:32,2025-05,2025Q2,resolved,chat,VR882542,VA-HP-ST3,Returns Desk,A3036,GW-OTHER,N,helpdesk,2103,699900,helpdesk_no_change
TK-242277,2025-05-21 10:32,2025-05,2025Q2,resolved,voice,VR897046,VA-SW-NX1,Returns Desk,A3037,GW-OTHER,N,legacy_fd,2112,499900,legacy_fd_div_100
TK-242280,2025-05-21 11:08,2025-05,2025Q2,resolved,email,,VA-HP-ST2,Returns Desk,A3037,RETURN-QC-OK,N,legacy_fd,2114,50000,legacy_fd_div_100
TK-242298,2025-05-22 08:55,2025-05,2025Q2,resolved,email,VR892599,VA-AC-CBL,Returns Desk,A3038,RETURN-QC-OK,N,legacy_fd,2129,31900,legacy_fd_div_100
TK-242302,2025-05-22 11:12,2025-05,2025Q2,resolved,social,VR898953,VA-AC-CH65,Billing,A3034,GW-OTHER,N,legacy_fd,2133,127400,legacy_fd_div_100
TK-242307,2025-05-22 14:33,2025-05,2025Q2,resolved,chat,VR902674,VA-EB-AIR,Returns Desk,A3036,RETURN-QC-OK,N,legacy_fd,2137,81000,legacy_fd_div_100
TK-242308,2025-05-22 15:38,2025-05,2025Q2,resolved,voice,VR892585,VA-SP-ORB,Returns Desk,A3036,RETURN-QC-OK,N,legacy_fd,2138,108000,legacy_fd_div_100
TK-242310,2025-05-22 18:16,2025-05,2025Q2,open,email,VR896053,VA-EB-PL1,Returns Desk,A3036,GW-OTHER,N,legacy_fd,2140,31900,legacy_fd_div_100
TK-242313,2025-05-22 20:12,2025-05,2025Q2,resolved,email,VR903724,VA-HP-ST3,Billing,A3035,PRICE-ADJ,N,legacy_fd,2142,594900,legacy_fd_div_100
TK-242321,2025-05-23 11:44,2025-05,2025Q2,resolved,chat,VR880970,VA-SW-NX2,Logistics,A3028,WTY-BUYBACK,Y,legacy_fd,2148,649900,legacy_fd_div_100
TK-242322,2025-05-23 14:12,2025-05,2025Q2,resolved,voice,,VA-HP-ST3,Voice Frontline,A3026,CANCEL,N,legacy_fd,2149,56000,legacy_fd_div_100
TK-242332,2025-05-24 11:21,2025-05,2025Q2,resolved,chat,VR883844,VA-EB-PL1,Chat Frontline,A3006,GW-OTHER,Y,legacy_fd,2162,249900,legacy_fd_div_100
TK-242356,2025-05-25 10:27,2025-05,2025Q2,resolved,chat,VR904790,VA-AC-CBL,Billing,A3033,GW-OTHER,N,legacy_fd,2184,6400,legacy_fd_div_100
TK-242358,2025-05-25 11:22,2025-05,2025Q2,resolved,social,VR902719,VA-SW-FIT,Returns Desk,A3037,GW-OTHER,N,legacy_fd,2187,80000,legacy_fd_div_100
TK-242360,2025-05-25 12:37,2025-05,2025Q2,resolved,chat,,VA-SW-NX2,Billing,A3034,DUP-PAYMENT,N,legacy_fd,2190,584900,legacy_fd_div_100
TK-242362,2025-05-25 15:37,2025-05,2025Q2,resolved,voice,,VA-SW-NX2,Voice Frontline,A3026,CANCEL,N,legacy_fd,2192,617400,legacy_fd_div_100
TK-242364,2025-05-25 16:16,2025-05,2025Q2,closed,voice,,VA-SP-MINI,Billing,A3035,PRICE-ADJ,N,legacy_fd,2193,47500,legacy_fd_div_100
TK-242380,2025-05-26 14:52,2025-05,2025Q2,resolved,email,VR909408,VA-EB-PL1,Logistics,A3030,GW-OTHER,N,legacy_fd,2210,249900,legacy_fd_div_100
TK-242382,2025-05-26 17:52,2025-05,2025Q2,resolved,email,VR902576,VA-EB-AIR,Logistics,A3030,RETURN-QC-OK,N,helpdesk,2212,179900,helpdesk_no_change
TK-242403,2025-05-27 13:22,2025-05,2025Q2,resolved,voice,,VA-SP-MINI,Billing,A3032,RETURN-QC-OK,N,helpdesk,2233,237400,helpdesk_no_change
TK-242405,2025-05-27 16:50,2025-05,2025Q2,open,chat,,VA-SW-FIT,Logistics,A3030,DOA-REPL,N,legacy_fd,2236,40000,legacy_fd_div_100
TK-242411,2025-05-28 06:02,2025-05,2025Q2,resolved,chat,VR896708,VA-SP-MINI,Billing,A3032,PRICE-ADJ,N,legacy_fd,2241,199900,legacy_fd_div_100
TK-242418,2025-05-28 13:39,2025-05,2025Q2,resolved,voice,VR903784,VA-HP-ST3,Billing,A3035,GW-OTHER,N,legacy_fd,2246,594900,legacy_fd_div_100
TK-242429,2025-05-28 19:39,2025-05,2025Q2,resolved,social,VR909499,VA-SW-FIT,Logistics,A3030,CANCEL,N,legacy_fd,2256,179900,legacy_fd_div_100
TK-242437,2025-05-29 09:30,2025-05,2025Q2,resolved,voice,VR906229,VA-SW-FIT,Voice Frontline,A3023,DUP-PAYMENT,N,helpdesk,2262,199900,helpdesk_no_change
TK-242439,2025-05-29 10:18,2025-05,2025Q2,resolved,voice,VR891544,VA-SW-FIT,Escalations & Warranty,A3039,WTY-BUYBACK,N,legacy_fd,2265,189900,legacy_fd_div_100
TK-242440,2025-05-29 12:37,2025-05,2025Q2,resolved,chat,VR897214,VA-SW-NX2,Returns Desk,A3038,RETURN-QC-OK,N,legacy_fd,2266,584900,legacy_fd_div_100
TK-242441,2025-05-29 13:02,2025-05,2025Q2,resolved,email,,VA-EB-AIR,Email Frontline,A3001,WTY-BUYBACK,N,legacy_fd,2267,143900,legacy_fd_div_100
TK-242450,2025-05-29 18:01,2025-05,2025Q2,resolved,chat,,VA-SW-NX2,Chat Frontline,A3008,DUP-PAYMENT,N,legacy_fd,2276,519900,legacy_fd_div_100
TK-242471,2025-05-30 14:14,2025-05,2025Q2,resolved,chat,VR891308,VA-HP-ST3,Billing,A3035,PRICE-ADJ,N,legacy_fd,2295,699900,legacy_fd_div_100
TK-242500,2025-05-31 16:07,2025-05,2025Q2,resolved,chat,,VA-SW-NX2,Returns Desk,A3022,RETURN-QC-OK,N,legacy_fd,2319,308700,legacy_fd_div_100
TK-242509,2025-06-01 11:11,2025-06,2025Q2,resolved,voice,,VA-SW-NX2,Voice Frontline,A3023,CANCEL,N,legacy_fd,2328,130000,legacy_fd_div_100
TK-242510,2025-06-01 12:41,2025-06,2025Q2,resolved,chat,VR902827,VA-SW-NX2,Logistics,A3028,GW-OTHER,N,legacy_fd,2329,584900,legacy_fd_div_100
TK-242512,2025-06-01 15:51,2025-06,2025Q2,resolved,chat,VR907699,VA-SW-NX2,Logistics,A3030,WTY-BUYBACK,N,legacy_fd,2331,1039800,legacy_fd_div_100
TK-242519,2025-06-01 19:57,2025-06,2025Q2,resolved,email,VR886662,VA-SW-FIT,Returns Desk,A3037,GW-OTHER,N,legacy_fd,2336,199900,legacy_fd_div_100
TK-242520,2025-06-01 21:27,2025-06,2025Q2,resolved,social,,VA-SP-MINI,Returns Desk,A3038,GW-OTHER,N,legacy_fd,2337,37500,legacy_fd_div_100
TK-242521,2025-06-02 06:47,2025-06,2025Q2,resolved,chat,,VA-AC-CH65,Returns Desk,A3037,RETURN-QC-OK,N,legacy_fd,2338,142400,legacy_fd_div_100
TK-242522,2025-06-02 09:49,2025-06,2025Q2,resolved,email,,VA-EB-PL1,Returns Desk,A3038,RETURN-QC-OK,N,helpdesk,2339,249900,helpdesk_no_change
TK-242528,2025-06-02 14:39,2025-06,2025Q2,closed,chat,,VA-AC-CBL,Returns Desk,A3036,RETURN-QC-OK,N,legacy_fd,2346,31900,legacy_fd_div_100
TK-242534,2025-06-02 22:21,2025-06,2025Q2,resolved,chat,VR907976,VA-NB-ARC,Chat Frontline,A3003,WTY-BUYBACK,Y,helpdesk,2352,110400,helpdesk_no_change
TK-242535,2025-06-03 10:31,2025-06,2025Q2,closed,voice,VR901648,VA-SW-FIT,Billing,A3032,DUP-PAYMENT,N,legacy_fd,2354,179900,legacy_fd_div_100
TK-242538,2025-06-03 11:16,2025-06,2025Q2,resolved,email,VR887387,VA-EB-PL1,Returns Desk,A3036,RETURN-QC-OK,N,legacy_fd,2357,424800,legacy_fd_div_100
TK-242544,2025-06-03 20:13,2025-06,2025Q2,resolved,voice,VR890151,VA-SW-NX2,Returns Desk,A3036,GW-OTHER,N,legacy_fd,2362,584900,legacy_fd_div_100
TK-242555,2025-06-04 07:29,2025-06,2025Q2,resolved,chat,,VA-EB-PL1,Chat Frontline,A3010,CANCEL,N,helpdesk,2376,249900,helpdesk_no_change
TK-242558,2025-06-04 12:25,2025-06,2025Q2,resolved,voice,VR882993,VA-SP-ORB,Billing,A3032,DUP-PAYMENT,N,legacy_fd,2379,599900,legacy_fd_div_100
TK-242568,2025-06-04 21:21,2025-06,2025Q2,resolved,chat,VR894900,VA-HP-ST3,Chat Frontline,A3014,DUP-PAYMENT,N,legacy_fd,2390,297400,legacy_fd_div_100
TK-242590,2025-06-05 18:15,2025-06,2025Q2,resolved,email,VR898933,VA-EB-PL1,Email Frontline,A3018,GW-OTHER,N,legacy_fd,2407,199900,legacy_fd_div_100
TK-242592,2025-06-05 18:21,2025-06,2025Q2,resolved,email,VR904834,VA-SW-NX1,Escalations & Warranty,A3044,WTY-BUYBACK,N,legacy_fd,2408,449900,legacy_fd_div_100
TK-242594,2025-06-05 19:03,2025-06,2025Q2,resolved,social,,VA-SW-NX2,Billing,A3038,DUP-PAYMENT,N,legacy_fd,2410,649900,legacy_fd_div_100
TK-242598,2025-06-06 11:12,2025-06,2025Q2,resolved,email,VR908618,VA-HP-ST3,Logistics,A3028,WTY-BUYBACK,N,helpdesk,2414,559900,helpdesk_no_change
TK-242614,2025-06-07 16:34,2025-06,2025Q2,resolved,email,,VA-SP-MINI,Email Frontline,A3018,DOA-REPL,N,legacy_fd,2433,249900,legacy_fd_div_100
TK-242615,2025-06-07 16:56,2025-06,2025Q2,resolved,chat,,VA-EB-AIR,Logistics,A3030,DOA-REPL,N,legacy_fd,2434,179900,legacy_fd_div_100
TK-242621,2025-06-07 21:50,2025-06,2025Q2,resolved,social,,VA-EB-PL1,Chat Frontline,A3028,GW-OTHER,N,helpdesk,2440,33700,helpdesk_no_change
TK-242623,2025-06-08 07:09,2025-06,2025Q2,resolved,email,VR901648,VA-SW-FIT,Returns Desk,A3012,RETURN-QC-OK,N,legacy_fd,2444,179900,legacy_fd_div_100
TK-242639,2025-06-09 02:01,2025-06,2025Q2,resolved,email,,VA-HP-ST2,Returns Desk,A3038,RETURN-QC-OK,N,legacy_fd,2460,499900,legacy_fd_div_100
TK-242643,2025-06-09 11:10,2025-06,2025Q2,resolved,social,VR902929,VA-SW-FIT,Logistics,A3028,RETURN-QC-OK,N,legacy_fd,2464,199900,legacy_fd_div_100
TK-242646,2025-06-09 12:11,2025-06,2025Q2,resolved,chat,VR902437,VA-EB-PL1,Logistics,A3027,WTY-BUYBACK,N,legacy_fd,2467,249900,legacy_fd_div_100
TK-242647,2025-06-09 17:30,2025-06,2025Q2,resolved,chat,VR899714,VA-EB-AIR,Billing,A3035,DUP-PAYMENT,N,legacy_fd,2468,17100,legacy_fd_div_100
TK-242648,2025-06-09 19:58,2025-06,2025Q2,resolved,chat,,VA-EB-AIR,Chat Frontline,A3005,GW-OTHER,N,legacy_fd,2469,323800,legacy_fd_div_100
TK-242658,2025-06-10 07:58,2025-06,2025Q2,resolved,email,VR891795,VA-SP-MINI,Logistics,A3031,RETURN-QC-OK,N,helpdesk,2477,237400,helpdesk_no_change
TK-242662,2025-06-10 10:24,2025-06,2025Q2,resolved,email,VR887248,VA-HP-ST3,Logistics,A3027,DOA-REPL,N,helpdesk,2483,699900,helpdesk_no_change
TK-242665,2025-06-10 15:29,2025-06,2025Q2,resolved,email,VR902929,VA-SW-FIT,Billing,A3034,DUP-PAYMENT,N,legacy_fd,2486,199900,legacy_fd_div_100
TK-242666,2025-06-10 17:34,2025-06,2025Q2,resolved,chat,,VA-SP-MINI,Chat Frontline,A3012,GW-OTHER,N,legacy_fd,2487,249900,legacy_fd_div_100
TK-242670,2025-06-10 19:33,2025-06,2025Q2,resolved,chat,VR902155,VA-NB-ARC,Chat Frontline,A3012,GW-OTHER,N,legacy_fd,2491,129900,legacy_fd_div_100
TK-242674,2025-06-10 20:54,2025-06,2025Q2,resolved,chat,VR906586,VA-HP-ST2,Returns Desk,A3036,RETURN-QC-OK,N,legacy_fd,2494,237400,legacy_fd_div_100
TK-242680,2025-06-11 10:12,2025-06,2025Q2,resolved,chat,VR909147,VA-HP-ST2,Billing,A3020,GW-OTHER,N,legacy_fd,2500,399900,legacy_fd_div_100
TK-242686,2025-06-11 12:27,2025-06,2025Q2,resolved,email,VR897050,VA-SW-NX1,Billing,A3035,GW-OTHER,N,helpdesk,2505,499900,helpdesk_no_change
TK-242693,2025-06-11 16:55,2025-06,2025Q2,resolved,chat,VR902719,VA-SW-FIT,Escalations & Warranty,A3044,DOA-REPL,N,legacy_fd,2512,159900,legacy_fd_div_100
TK-242698,2025-06-11 20:10,2025-06,2025Q2,resolved,social,VR898237,VA-SP-MINI,Billing,A3033,PRICE-ADJ,N,legacy_fd,2518,249900,legacy_fd_div_100
TK-242715,2025-06-12 13:58,2025-06,2025Q2,resolved,chat,VR901648,VA-SW-FIT,Returns Desk,A3038,GW-OTHER,N,legacy_fd,2535,90000,legacy_fd_div_100
TK-242730,2025-06-14 09:27,2025-06,2025Q2,resolved,chat,,VA-SW-FIT,Returns Desk,A3038,GW-OTHER,N,legacy_fd,2546,339800,legacy_fd_div_100
TK-242736,2025-06-14 15:33,2025-06,2025Q2,resolved,email,VR888826,VA-EB-AIR,Billing,A3035,GW-OTHER,N,legacy_fd,2550,179900,legacy_fd_div_100
TK-242747,2025-06-14 20:20,2025-06,2025Q2,resolved,email,VR896253,VA-SP-MINI,Billing,A3035,DUP-PAYMENT,N,legacy_fd,2562,249900,legacy_fd_div_100
TK-242752,2025-06-15 00:11,2025-06,2025Q2,resolved,chat,,VA-SW-NX2,Returns Desk,A3038,GW-OTHER,N,helpdesk,2566,649900,helpdesk_no_change
TK-242771,2025-06-15 20:52,2025-06,2025Q2,resolved,voice,,VA-EB-AIR,Voice Frontline,A3036,GW-OTHER,Y,legacy_fd,2583,152900,legacy_fd_div_100
TK-242778,2025-06-16 11:05,2025-06,2025Q2,resolved,chat,,VA-SP-MINI,Returns Desk,A3037,GW-OTHER,N,legacy_fd,2590,35600,legacy_fd_div_100
TK-242786,2025-06-16 13:58,2025-06,2025Q2,resolved,email,,VA-SW-NX2,Returns Desk,A3036,GW-OTHER,N,helpdesk,2599,649900,helpdesk_no_change
TK-242790,2025-06-16 15:38,2025-06,2025Q2,closed,email,,VA-EB-PL1,Returns Desk,A3036,RETURN-QC-OK,N,legacy_fd,2603,499800,legacy_fd_div_100
TK-242794,2025-06-16 21:04,2025-06,2025Q2,resolved,chat,,VA-EB-AIR,Billing,A3035,RETURN-QC-OK,N,helpdesk,2606,179900,helpdesk_no_change
TK-242795,2025-06-16 22:42,2025-06,2025Q2,resolved,email,VR894949,VA-SW-NX2,Email Frontline,A3001,CANCEL,N,legacy_fd,2608,649900,legacy_fd_div_100
TK-242799,2025-06-17 09:36,2025-06,2025Q2,closed,email,VR907031,VA-SW-FIT,Returns Desk,A3038,GW-OTHER,N,legacy_fd,2612,199900,legacy_fd_div_100
TK-242826,2025-06-18 21:14,2025-06,2025Q2,resolved,email,VR906513,VA-EB-PL1,Billing,A3034,DUP-PAYMENT,N,legacy_fd,2637,249900,legacy_fd_div_100
TK-242828,2025-06-18 23:20,2025-06,2025Q2,resolved,chat,VR882845,VA-HP-ST3,Billing,A3033,DUP-PAYMENT,N,legacy_fd,2639,699900,legacy_fd_div_100
TK-242830,2025-06-19 09:28,2025-06,2025Q2,resolved,voice,VR890272,VA-EB-PL1,Logistics,A3029,DOA-REPL,N,legacy_fd,2641,212400,legacy_fd_div_100
TK-242835,2025-06-19 13:22,2025-06,2025Q2,resolved,chat,VR890669,VA-SW-FIT,Chat Frontline,A3011,PRICE-ADJ,N,legacy_fd,2646,199900,legacy_fd_div_100
TK-242841,2025-06-19 18:25,2025-06,2025Q2,closed,chat,VR896344,VA-AC-CH65,Chat Frontline,A3009,LOST-TRANSIT,N,helpdesk,2651,149900,helpdesk_no_change
TK-242842,2025-06-19 18:26,2025-06,2025Q2,resolved,email,VR909499,VA-SW-FIT,Billing,A3035,RETURN-QC-OK,N,helpdesk,2653,179900,helpdesk_no_change
TK-242848,2025-06-19 21:32,2025-06,2025Q2,resolved,email,,VA-HP-ST3,Email Frontline,A3001,DOA-REPL,N,legacy_fd,2658,664900,legacy_fd_div_100
TK-242870,2025-06-21 11:36,2025-06,2025Q2,resolved,email,VR902827,VA-SW-NX2,Returns Desk,A3036,RETURN-QC-OK,N,legacy_fd,2677,584900,legacy_fd_div_100
TK-242872,2025-06-21 11:44,2025-06,2025Q2,closed,chat,VR882086,VA-AC-CH65,Chat Frontline,A3037,PRICE-ADJ,N,legacy_fd,2678,134900,legacy_fd_div_100
TK-242876,2025-06-21 20:31,2025-06,2025Q2,resolved,social,VR898581,VA-EB-PL1,Billing,A3035,DUP-PAYMENT,N,legacy_fd,2680,249900,legacy_fd_div_100
TK-242877,2025-06-21 21:28,2025-06,2025Q2,resolved,social,,VA-NB-ARC,Billing,A3033,GW-OTHER,N,legacy_fd,2681,116900,legacy_fd_div_100
TK-242878,2025-06-21 22:56,2025-06,2025Q2,resolved,email,VR909454,VA-SW-NX2,Email Frontline,A3002,DUP-PAYMENT,N,legacy_fd,2682,617400,legacy_fd_div_100
TK-242887,2025-06-22 21:42,2025-06,2025Q2,resolved,voice,VR907444,VA-SW-FIT,Voice Frontline,A3026,CANCEL,N,legacy_fd,2690,20000,legacy_fd_div_100
TK-242897,2025-06-23 11:05,2025-06,2025Q2,resolved,voice,VR904878,VA-EB-AIR,Billing,A3033,DUP-PAYMENT,N,legacy_fd,2700,81000,legacy_fd_div_100
TK-242906,2025-06-23 17:43,2025-06,2025Q2,resolved,email,,VA-SP-MINI,Email Frontline,A3018,GW-OTHER,N,helpdesk,2707,249900,helpdesk_no_change
TK-242928,2025-06-24 17:13,2025-06,2025Q2,resolved,social,VR897135,VA-SW-NX2,Billing,A3033,DUP-PAYMENT,N,legacy_fd,2730,649900,legacy_fd_div_100
TK-242930,2025-06-24 19:15,2025-06,2025Q2,resolved,email,,VA-EB-AIR,Returns Desk,A3036,RETURN-QC-OK,N,legacy_fd,2732,30600,legacy_fd_div_100
TK-242935,2025-06-24 21:38,2025-06,2025Q2,resolved,email,VR902127,VA-EB-AIR,Email Frontline,A3020,CANCEL,N,legacy_fd,2736,61200,legacy_fd_div_100
TK-242937,2025-06-25 07:17,2025-06,2025Q2,resolved,social,VR900238,VA-EB-PL1,Logistics,A3027,RETURN-QC-OK,N,helpdesk,2737,20000,helpdesk_no_change
TK-242944,2025-06-25 10:22,2025-06,2025Q2,resolved,email,VR882621,VA-SW-NX2,Email Frontline,A3020,DUP-PAYMENT,N,legacy_fd,2745,519900,legacy_fd_div_100
TK-242950,2025-06-25 14:08,2025-06,2025Q2,resolved,chat,,VA-SW-NX2,Chat Frontline,A3004,CANCEL,N,legacy_fd,2750,552400,legacy_fd_div_100
TK-242957,2025-06-25 19:02,2025-06,2025Q2,resolved,email,VR903167,VA-SW-FIT,Escalations & Warranty,A3040,GW-OTHER,N,legacy_fd,2756,169900,legacy_fd_div_100
TK-242963,2025-06-25 22:35,2025-06,2025Q2,resolved,chat,VR891435,VA-SW-NX2,Chat Frontline,A3002,GW-OTHER,N,legacy_fd,2759,61700,legacy_fd_div_100
TK-242965,2025-06-26 07:01,2025-06,2025Q2,open,email,VR892307,VA-NB-ARC,Logistics,A3031,GW-OTHER,N,legacy_fd,2761,129900,legacy_fd_div_100
TK-242973,2025-06-26 11:11,2025-06,2025Q2,resolved,voice,VR906024,VA-SP-MINI,Returns Desk,A3037,GW-OTHER,N,legacy_fd,2767,237400,legacy_fd_div_100
TK-242985,2025-06-26 21:47,2025-06,2025Q2,resolved,email,VR901741,VA-HP-ST3,Email Frontline,A3017,GW-OTHER,Y,legacy_fd,2779,699900,legacy_fd_div_100
TK-242987,2025-06-26 23:04,2025-06,2025Q2,resolved,email,,VA-EB-AIR,Email Frontline,A3022,GW-OTHER,N,helpdesk,2780,179900,helpdesk_no_change
TK-242991,2025-06-27 09:56,2025-06,2025Q2,resolved,chat,VR899671,VA-SW-FIT,Returns Desk,A3037,GW-OTHER,N,legacy_fd,2783,199900,legacy_fd_div_100
TK-242993,2025-06-27 11:33,2025-06,2025Q2,resolved,voice,VR892407,VA-SP-MINI,Billing,A3032,DUP-PAYMENT,N,legacy_fd,2785,249900,legacy_fd_div_100
TK-242996,2025-06-27 13:21,2025-06,2025Q2,resolved,email,VR901995,VA-SP-MINI,Returns Desk,A3032,RETURN-QC-OK,N,legacy_fd,2788,237400,legacy_fd_div_100
TK-243009,2025-06-28 12:40,2025-06,2025Q2,resolved,chat,VR899671,VA-SW-FIT,Chat Frontline,A3011,CANCEL,N,legacy_fd,2800,199900,legacy_fd_div_100
TK-243010,2025-06-28 12:40,2025-06,2025Q2,resolved,chat,VR893507,VA-AC-CH65,Chat Frontline,A3006,CANCEL,N,legacy_fd,2801,127400,legacy_fd_div_100
TK-243019,2025-06-28 18:27,2025-06,2025Q2,resolved,voice,VR908378,VA-SW-NX2,Returns Desk,A3036,RETURN-QC-OK,N,legacy_fd,2808,617400,legacy_fd_div_100
TK-243037,2025-06-29 19:29,2025-06,2025Q2,open,chat,VR882487,VA-EB-AIR,Billing,A3035,GW-OTHER,N,helpdesk,2825,179900,helpdesk_no_change
TK-243045,2025-06-30 10:47,2025-06,2025Q2,resolved,chat,VR889967,VA-SW-NX2,Billing,A3032,DUP-PAYMENT,N,legacy_fd,2835,519900,legacy_fd_div_100
TK-243051,2025-06-30 11:53,2025-06,2025Q2,resolved,chat,VR893418,VA-NB-ARC,Billing,A3034,PRICE-ADJ,N,legacy_fd,2838,129900,legacy_fd_div_100
TK-243054,2025-06-30 12:37,2025-06,2025Q2,resolved,email,VR888812,VA-SP-MINI,Logistics,A3027,DOA-REPL,N,legacy_fd,2840,22500,legacy_fd_div_100
TK-243064,2025-06-30 18:37,2025-06,2025Q2,resolved,chat,,VA-SW-FIT,Returns Desk,A3036,RETURN-QC-OK,N,legacy_fd,2848,179900,legacy_fd_div_100
TK-243070,2025-07-01 09:08,2025-07,2025Q3,resolved,email,,VA-HP-ST3,Billing,A3034,DUP-PAYMENT,N,legacy_fd,2855,629900,legacy_fd_div_100
TK-243071,2025-07-01 12:21,2025-07,2025Q3,resolved,chat,VR888010,VA-SP-MINI,Returns Desk,A3037,GW-OTHER,N,legacy_fd,2856,249900,legacy_fd_div_100
TK-243075,2025-07-01 17:48,2025-07,2025Q3,resolved,email,VR899208,VA-NB-ARC,Email Frontline,A3001,WTY-BUYBACK,N,legacy_fd,2859,19500,legacy_fd_div_100
TK-243079,2025-07-02 02:36,2025-07,2025Q3,resolved,chat,VR905880,VA-EB-PL1,Logistics,A3031,LOST-TRANSIT,N,legacy_fd,2862,249900,legacy_fd_div_100
TK-243080,2025-07-02 08:59,2025-07,2025Q3,closed,chat,VR887583,VA-NB-ARC,Chat Frontline,A3013,CANCEL,N,legacy_fd,2863,110400,legacy_fd_div_100
TK-243085,2025-07-02 11:52,2025-07,2025Q3,resolved,email,,VA-NB-ARC,Logistics,A3030,WTY-BUYBACK,Y,legacy_fd,2867,110400,legacy_fd_div_100
TK-243086,2025-07-02 14:10,2025-07,2025Q3,resolved,voice,VR902989,VA-SP-MINI,Voice Frontline,A3026,GW-OTHER,N,helpdesk,2868,237400,helpdesk_no_change
TK-243096,2025-07-02 22:04,2025-07,2025Q3,resolved,chat,VR894745,VA-SW-NX1,Chat Frontline,A3001,CANCEL,N,helpdesk,2876,499900,helpdesk_no_change
TK-243097,2025-07-02 22:58,2025-07,2025Q3,resolved,email,VR909251,VA-HP-ST3,Email Frontline,A3016,GW-OTHER,N,helpdesk,2878,559900,helpdesk_no_change
TK-243098,2025-07-03 00:38,2025-07,2025Q3,resolved,email,,VA-EB-PL1,Escalations & Warranty,A3039,GW-OTHER,Y,legacy_fd,2880,249900,legacy_fd_div_100
TK-243119,2025-07-03 19:41,2025-07,2025Q3,resolved,social,VR899453,VA-EB-AIR,Billing,A3035,DUP-PAYMENT,N,legacy_fd,2902,152900,legacy_fd_div_100
TK-243130,2025-07-04 12:33,2025-07,2025Q3,resolved,chat,VR906615,VA-SW-NX2,Returns Desk,A3010,RETURN-QC-OK,N,legacy_fd,2910,78000,legacy_fd_div_100
TK-243141,2025-07-04 17:07,2025-07,2025Q3,resolved,chat,,VA-SP-MINI,Returns Desk,A3036,GW-OTHER,N,legacy_fd,2918,237400,legacy_fd_div_100
TK-243154,2025-07-05 10:43,2025-07,2025Q3,resolved,email,VR897135,VA-SW-NX2,Logistics,A3028,GW-OTHER,N,helpdesk,2929,649900,helpdesk_no_change
TK-243157,2025-07-05 12:06,2025-07,2025Q3,resolved,email,VR906031,VA-SW-NX2,Logistics,A3029,GW-OTHER,N,legacy_fd,2932,1299800,legacy_fd_div_100
TK-243163,2025-07-05 14:32,2025-07,2025Q3,resolved,email,,VA-HP-ST3,Logistics,A3030,LOST-TRANSIT,N,legacy_fd,2936,699900,legacy_fd_div_100
TK-243166,2025-07-05 17:28,2025-07,2025Q3,resolved,chat,VR887519,VA-SW-FIT,Billing,A3035,DUP-PAYMENT,N,legacy_fd,2938,189900,legacy_fd_div_100
TK-243169,2025-07-05 22:52,2025-07,2025Q3,resolved,chat,VR885780,VA-SP-MINI,Logistics,A3027,CANCEL,N,helpdesk,2940,249900,helpdesk_no_change
TK-243185,2025-07-06 16:49,2025-07,2025Q3,resolved,chat,,VA-EB-PL1,Billing,A3035,GW-OTHER,N,legacy_fd,2952,249900,legacy_fd_div_100
TK-243188,2025-07-06 21:27,2025-07,2025Q3,resolved,voice,VR895867,VA-SW-NX2,Returns Desk,A3037,RETURN-QC-OK,N,legacy_fd,2954,552400,legacy_fd_div_100
TK-243207,2025-07-07 16:02,2025-07,2025Q3,resolved,voice,VR887082,VA-EB-PL1,Voice Frontline,A3026,GW-OTHER,N,legacy_fd,2975,199900,legacy_fd_div_100
TK-243210,2025-07-07 19:38,2025-07,2025Q3,resolved,chat,VR890279,VA-EB-PL1,Logistics,A3030,GW-OTHER,Y,legacy_fd,2978,249900,legacy_fd_div_100
TK-243212,2025-07-07 20:18,2025-07,2025Q3,resolved,email,,VA-HP-ST2,Email Frontline,A3020,GW-OTHER,N,legacy_fd,2979,449900,legacy_fd_div_100
TK-243215,2025-07-07 21:39,2025-07,2025Q3,pending,email,VR906031,VA-SW-NX2,Logistics,A3027,GW-OTHER,N,legacy_fd,2981,1299800,legacy_fd_div_100
TK-243220,2025-07-07 22:56,2025-07,2025Q3,resolved,chat,VR884744,VA-SW-NX2,Returns Desk,A3038,RETURN-QC-OK,N,helpdesk,2987,58500,helpdesk_no_change
TK-243224,2025-07-08 01:34,2025-07,2025Q3,resolved,email,VR899108,VA-EB-PL1,Billing,A3032,GW-OTHER,N,legacy_fd,2991,224900,legacy_fd_div_100
TK-243234,2025-07-08 16:16,2025-07,2025Q3,resolved,chat,VR905462,VA-SP-MINI,Billing,A3035,DUP-PAYMENT,N,legacy_fd,3002,22500,legacy_fd_div_100
TK-243238,2025-07-08 17:44,2025-07,2025Q3,resolved,chat,VR904401,VA-SW-FIT,Chat Frontline,A3009,DUP-PAYMENT,N,legacy_fd,3005,189900,legacy_fd_div_100
TK-243247,2025-07-09 07:35,2025-07,2025Q3,resolved,chat,VR899904,VA-HP-ST3,Billing,A3032,DUP-PAYMENT,N,legacy_fd,3015,112000,legacy_fd_div_100
TK-243253,2025-07-09 15:12,2025-07,2025Q3,resolved,email,VR887519,VA-SW-FIT,Email Frontline,A3018,CANCEL,N,legacy_fd,3021,189900,legacy_fd_div_100
TK-243262,2025-07-10 01:57,2025-07,2025Q3,resolved,chat,VR906873,VA-AC-CH65,Billing,A3032,CANCEL,N,legacy_fd,3029,28500,legacy_fd_div_100
TK-243268,2025-07-10 14:46,2025-07,2025Q3,resolved,email,VR908654,VA-EB-PL1,Billing,A3035,RETURN-QC-OK,N,legacy_fd,3033,224900,legacy_fd_div_100
TK-243270,2025-07-10 17:04,2025-07,2025Q3,resolved,chat,VR882487,VA-EB-AIR,Chat Frontline,A3009,CANCEL,N,legacy_fd,3035,179900,legacy_fd_div_100
TK-243273,2025-07-10 18:59,2025-07,2025Q3,resolved,chat,VR903653,VA-EB-AIR,Billing,A3035,GW-OTHER,N,legacy_fd,3037,179900,legacy_fd_div_100
TK-243279,2025-07-11 09:54,2025-07,2025Q3,resolved,social,,VA-EB-PL1,Returns Desk,A3038,RETURN-QC-OK,N,legacy_fd,3042,100000,legacy_fd_div_100
TK-243284,2025-07-11 14:39,2025-07,2025Q3,resolved,chat,VR898155,VA-SP-MINI,Returns Desk,A3036,RETURN-QC-OK,N,legacy_fd,3047,237400,legacy_fd_div_100
TK-243286,2025-07-11 14:55,2025-07,2025Q3,resolved,voice,VR902274,VA-AC-CBL,Billing,A3035,GW-OTHER,N,legacy_fd,3049,37900,legacy_fd_div_100
TK-243292,2025-07-12 14:30,2025-07,2025Q3,resolved,chat,VR905359,VA-SW-FIT,Returns Desk,A3036,RETURN-QC-OK,N,legacy_fd,3057,30000,legacy_fd_div_100
TK-243305,2025-07-13 19:00,2025-07,2025Q3,resolved,social,VR901307,VA-EB-PL1,Logistics,A3028,GW-OTHER,N,legacy_fd,3070,249900,legacy_fd_div_100
TK-243324,2025-07-14 19:25,2025-07,2025Q3,resolved,chat,VR889458,VA-SW-NX2,Billing,A3035,DUP-PAYMENT,N,legacy_fd,3084,552400,legacy_fd_div_100
TK-243329,2025-07-15 00:57,2025-07,2025Q3,resolved,chat,,VA-EB-PL2,Returns Desk,A3038,GW-OTHER,N,legacy_fd,3091,31500,legacy_fd_div_100
TK-243337,2025-07-15 12:55,2025-07,2025Q3,resolved,voice,VR886671,VA-EB-AIR,Billing,A3033,GW-OTHER,N,legacy_fd,3100,170900,legacy_fd_div_100
TK-243338,2025-07-15 15:18,2025-07,2025Q3,resolved,email,VR890335,VA-NB-ARC,Returns Desk,A3036,RETURN-QC-OK,N,helpdesk,3101,116900,helpdesk_no_change
TK-243341,2025-07-15 16:13,2025-07,2025Q3,resolved,voice,VR899885,VA-EB-AIR,Voice Frontline,A3026,GW-OTHER,N,legacy_fd,3104,179900,legacy_fd_div_100
TK-243343,2025-07-15 17:12,2025-07,2025Q3,resolved,chat,VR904104,VA-EB-AIR,Chat Frontline,A3015,DUP-PAYMENT,N,legacy_fd,3105,179900,legacy_fd_div_100
TK-243357,2025-07-16 17:15,2025-07,2025Q3,resolved,email,VR889291,VA-SW-NX1,Logistics,A3030,GW-OTHER,N,legacy_fd,3118,499900,legacy_fd_div_100
TK-243366,2025-07-17 04:51,2025-07,2025Q3,resolved,social,VR903943,VA-EB-PL1,Chat Frontline,A3017,WTY-BUYBACK,Y,legacy_fd,3126,237400,legacy_fd_div_100
TK-243374,2025-07-17 11:33,2025-07,2025Q3,resolved,email,VR903079,VA-EB-PL1,Email Frontline,A3021,CANCEL,N,legacy_fd,3135,212400,legacy_fd_div_100
TK-243380,2025-07-17 19:24,2025-07,2025Q3,resolved,chat,VR898659,VA-HP-ST3,Chat Frontline,A3015,DUP-PAYMENT,N,legacy_fd,3140,350000,legacy_fd_div_100
TK-243385,2025-07-17 20:46,2025-07,2025Q3,resolved,chat,VR894874,VA-HP-ST3,Chat Frontline,A3004,CANCEL,N,legacy_fd,3145,559900,legacy_fd_div_100
TK-243391,2025-07-18 12:04,2025-07,2025Q3,resolved,voice,,VA-SW-NX2,Billing,A3035,RETURN-QC-OK,N,helpdesk,3150,519900,helpdesk_no_change
TK-243392,2025-07-18 12:12,2025-07,2025Q3,resolved,chat,VR901743,VA-SW-NX2,Chat Frontline,A3010,GW-OTHER,N,legacy_fd,3152,617400,legacy_fd_div_100
TK-243394,2025-07-18 13:54,2025-07,2025Q3,resolved,chat,VR901102,VA-EB-AIR,Chat Frontline,A3004,CANCEL,N,helpdesk,3154,161900,helpdesk_no_change
TK-243395,2025-07-18 17:58,2025-07,2025Q3,resolved,chat,VR883780,VA-SW-NX2,Escalations & Warranty,A3044,GW-OTHER,N,legacy_fd,3156,617400,legacy_fd_div_100
TK-243401,2025-07-18 23:28,2025-07,2025Q3,open,email,VR891711,VA-EB-PL2,Billing,A3032,GW-OTHER,N,legacy_fd,3162,332400,legacy_fd_div_100
TK-243402,2025-07-19 11:11,2025-07,2025Q3,resolved,voice,VR884737,VA-EB-AIR,Logistics,A3027,GW-OTHER,Y,legacy_fd,3163,170900,legacy_fd_div_100
TK-243408,2025-07-19 13:12,2025-07,2025Q3,resolved,chat,,VA-EB-AIR,Chat Frontline,A3013,GW-OTHER,N,legacy_fd,3168,170900,legacy_fd_div_100
TK-243414,2025-07-19 15:09,2025-07,2025Q3,resolved,chat,VR897706,VA-NB-ARC,Logistics,A3030,DOA-REPL,N,legacy_fd,3172,116900,legacy_fd_div_100
TK-243417,2025-07-19 17:13,2025-07,2025Q3,resolved,voice,VR889642,VA-SW-FIT,Voice Frontline,A3026,CANCEL,N,legacy_fd,3174,30000,legacy_fd_div_100
TK-243419,2025-07-19 17:27,2025-07,2025Q3,resolved,chat,VR902823,VA-HP-ST3,Escalations & Warranty,A3044,DOA-REPL,N,legacy_fd,3176,699900,legacy_fd_div_100
TK-243424,2025-07-20 00:58,2025-07,2025Q3,resolved,email,,VA-SW-NX2,Email Frontline,A3016,CANCEL,N,legacy_fd,3180,110500,legacy_fd_div_100
TK-243425,2025-07-20 02:06,2025-07,2025Q3,closed,social,,VA-EB-PL1,Chat Frontline,A3002,PRICE-ADJ,N,legacy_fd,3181,118700,legacy_fd_div_100
TK-243434,2025-07-20 17:11,2025-07,2025Q3,resolved,chat,VR898629,VA-SW-NX2,Chat Frontline,A3009,DUP-PAYMENT,N,legacy_fd,3188,260000,legacy_fd_div_100
TK-243441,2025-07-20 23:08,2025-07,2025Q3,resolved,chat,,VA-HP-ST3,Billing,A3034,DUP-PAYMENT,N,legacy_fd,3195,699900,legacy_fd_div_100
TK-243449,2025-07-21 12:16,2025-07,2025Q3,resolved,chat,VR905401,VA-HP-ST3,Returns Desk,A3037,RETURN-QC-OK,N,legacy_fd,3202,699900,legacy_fd_div_100
TK-243451,2025-07-21 13:15,2025-07,2025Q3,resolved,chat,VR885365,VA-SP-ORB,Chat Frontline,A3013,CANCEL,N,legacy_fd,3203,1199800,legacy_fd_div_100
TK-243461,2025-07-21 18:43,2025-07,2025Q3,resolved,email,,VA-SW-FIT,Logistics,A3031,GW-OTHER,N,legacy_fd,3211,199900,legacy_fd_div_100
TK-243465,2025-07-21 21:53,2025-07,2025Q3,resolved,email,VR888744,VA-EB-PL2,Billing,A3033,DUP-PAYMENT,N,legacy_fd,3216,297400,legacy_fd_div_100
TK-243479,2025-07-22 14:35,2025-07,2025Q3,resolved,chat,VR904650,VA-EB-PL2,Billing,A3035,CANCEL,N,legacy_fd,3228,119000,legacy_fd_div_100
TK-243482,2025-07-22 16:46,2025-07,2025Q3,resolved,chat,,VA-HP-ST3,Returns Desk,A3036,RETURN-QC-OK,N,legacy_fd,3231,629900,legacy_fd_div_100
TK-243486,2025-07-22 20:11,2025-07,2025Q3,resolved,social,VR906346,VA-HP-ST2,Billing,A3018,GW-OTHER,N,legacy_fd,3234,225000,legacy_fd_div_100
TK-243490,2025-07-23 10:10,2025-07,2025Q3,resolved,voice,VR899238,VA-EB-PL2,Voice Frontline,A3024,GW-OTHER,N,legacy_fd,3239,279900,legacy_fd_div_100
TK-243492,2025-07-23 10:34,2025-07,2025Q3,closed,social,,VA-SW-NX1,Logistics,A3028,GW-OTHER,N,legacy_fd,3241,474900,legacy_fd_div_100
TK-243496,2025-07-23 11:43,2025-07,2025Q3,resolved,email,VR892644,VA-EB-PL1,Logistics,A3030,GW-OTHER,N,legacy_fd,3243,224900,legacy_fd_div_100
TK-243501,2025-07-23 16:52,2025-07,2025Q3,resolved,voice,VR880989,VA-AC-CH65,Returns Desk,A3036,GW-OTHER,N,legacy_fd,3247,254800,legacy_fd_div_100
TK-243514,2025-07-23 21:50,2025-07,2025Q3,resolved,social,VR883131,VA-SP-MINI,Billing,A3033,GW-OTHER,N,legacy_fd,3257,212400,legacy_fd_div_100
TK-243522,2025-07-24 11:52,2025-07,2025Q3,resolved,email,VR906367,VA-SW-NX2,Escalations & Warranty,A3041,WTY-BUYBACK,N,legacy_fd,3265,584900,legacy_fd_div_100
TK-243531,2025-07-24 22:04,2025-07,2025Q3,resolved,chat,,VA-SP-MINI,Returns Desk,A3037,RETURN-QC-OK,N,helpdesk,3274,249900,helpdesk_no_change
TK-243538,2025-07-25 09:22,2025-07,2025Q3,resolved,chat,,VA-EB-PL2,Billing,A3034,DUP-PAYMENT,N,helpdesk,3281,59500,helpdesk_no_change
TK-243542,2025-07-25 13:02,2025-07,2025Q3,resolved,voice,VR889547,VA-SP-ORB,Billing,A3032,GW-OTHER,N,legacy_fd,3286,72000,legacy_fd_div_100
TK-243544,2025-07-25 13:23,2025-07,2025Q3,resolved,email,,VA-SW-NX2,Logistics,A3030,RETURN-QC-OK,N,legacy_fd,3287,649900,legacy_fd_div_100
TK-243549,2025-07-25 16:37,2025-07,2025Q3,resolved,voice,VR880533,VA-EB-PL1,Billing,A3035,PRICE-ADJ,N,legacy_fd,3293,224900,legacy_fd_div_100
TK-243552,2025-07-25 19:33,2025-07,2025Q3,resolved,social,VR909338,VA-EB-AIR,Returns Desk,A3036,RETURN-QC-OK,N,legacy_fd,3297,152900,legacy_fd_div_100
TK-243553,2025-07-25 20:02,2025-07,2025Q3,resolved,chat,VR882406,VA-HP-ST3,Logistics,A3014,DOA-REPL,N,legacy_fd,3298,94500,legacy_fd_div_100
TK-243554,2025-07-25 20:21,2025-07,2025Q3,resolved,chat,,VA-SP-MINI,Returns Desk,A3036,GW-OTHER,N,legacy_fd,3299,249900,legacy_fd_div_100
TK-243565,2025-07-26 10:51,2025-07,2025Q3,resolved,voice,VR889715,VA-EB-PL2,Billing,A3022,GW-OTHER,N,legacy_fd,3310,349900,legacy_fd_div_100
TK-243574,2025-07-26 16:30,2025-07,2025Q3,resolved,voice,VR902335,VA-HP-ST2,Billing,A3035,PRICE-ADJ,N,legacy_fd,3317,474900,legacy_fd_div_100
TK-243578,2025-07-26 18:14,2025-07,2025Q3,resolved,chat,VR888239,VA-EB-PL2,Logistics,A3030,LOST-TRANSIT,N,legacy_fd,3320,35000,legacy_fd_div_100
TK-243586,2025-07-26 21:07,2025-07,2025Q3,resolved,email,VR887006,VA-EB-AIR,Billing,A3032,GW-OTHER,N,legacy_fd,3327,179900,legacy_fd_div_100
TK-243592,2025-07-27 08:27,2025-07,2025Q3,closed,social,VR900476,VA-SW-FIT,Chat Frontline,A3010,GW-OTHER,N,legacy_fd,3332,199900,legacy_fd_div_100
TK-243594,2025-07-27 09:06,2025-07,2025Q3,resolved,chat,VR894402,VA-EB-PL2,Billing,A3033,PRICE-ADJ,N,helpdesk,3333,349900,helpdesk_no_change
TK-243600,2025-07-27 13:41,2025-07,2025Q3,closed,social,VR900423,VA-EB-PL2,Billing,A3035,GW-OTHER,N,legacy_fd,3339,44600,legacy_fd_div_100
TK-243601,2025-07-27 13:44,2025-07,2025Q3,closed,chat,VR890103,VA-AC-CBL,Chat Frontline,A3013,GW-OTHER,N,legacy_fd,3340,33900,legacy_fd_div_100
TK-243603,2025-07-27 14:23,2025-07,2025Q3,resolved,chat,,VA-EB-AIR,Logistics,A3030,GW-OTHER,N,legacy_fd,3342,170900,legacy_fd_div_100
TK-243615,2025-07-27 20:27,2025-07,2025Q3,resolved,chat,VR895003,VA-SW-FIT,Chat Frontline,A3012,DUP-PAYMENT,N,legacy_fd,3350,199900,legacy_fd_div_100
TK-243619,2025-07-27 22:32,2025-07,2025Q3,resolved,email,VR904698,VA-AC-CBL,Returns Desk,A3038,RETURN-QC-OK,N,legacy_fd,3353,5700,legacy_fd_div_100
TK-243620,2025-07-27 22:44,2025-07,2025Q3,resolved,chat,,VA-SW-NX2,Billing,A3032,DUP-PAYMENT,N,legacy_fd,3354,519900,legacy_fd_div_100
TK-243626,2025-07-28 11:25,2025-07,2025Q3,resolved,social,VR899207,VA-EB-PL1,Logistics,A3027,LOST-TRANSIT,N,legacy_fd,3359,45000,legacy_fd_div_100
TK-243634,2025-07-28 18:07,2025-07,2025Q3,pending,chat,VR883944,VA-EB-PL1,Chat Frontline,A3005,DUP-PAYMENT,N,legacy_fd,3366,212400,legacy_fd_div_100
TK-243635,2025-07-28 18:28,2025-07,2025Q3,resolved,social,VR904577,VA-SP-ORB,Billing,A3035,DUP-PAYMENT,N,legacy_fd,3367,599900,legacy_fd_div_100
TK-243645,2025-07-28 21:42,2025-07,2025Q3,closed,chat,VR909813,VA-EB-PL2,Chat Frontline,A3029,CANCEL,N,legacy_fd,3377,664800,legacy_fd_div_100
TK-243653,2025-07-29 08:26,2025-07,2025Q3,closed,chat,VR885577,VA-EB-PL2,Logistics,A3029,DOA-REPL,N,legacy_fd,3384,349900,legacy_fd_div_100
TK-243657,2025-07-29 09:28,2025-07,2025Q3,resolved,voice,VR897206,VA-SW-NX1,Billing,A3033,GW-OTHER,N,legacy_fd,3386,75000,legacy_fd_div_100
TK-243659,2025-07-29 10:09,2025-07,2025Q3,resolved,voice,VR884765,VA-SW-NX2,Billing,A3034,GW-OTHER,N,legacy_fd,3387,649900,legacy_fd_div_100
TK-243661,2025-07-29 10:29,2025-07,2025Q3,resolved,email,,VA-EB-PL2,Returns Desk,A3038,GW-OTHER,N,legacy_fd,3389,297400,legacy_fd_div_100
TK-243662,2025-07-29 10:32,2025-07,2025Q3,resolved,chat,,VA-EB-PL1,Logistics,A3029,CANCEL,N,legacy_fd,3390,47500,legacy_fd_div_100
TK-243667,2025-07-29 12:13,2025-07,2025Q3,closed,email,,VA-SW-NX2,Email Frontline,A3037,CANCEL,N,helpdesk,3396,65000,helpdesk_no_change
TK-243676,2025-07-29 15:09,2025-07,2025Q3,resolved,voice,VR889547,VA-SP-ORB,Logistics,A3030,GW-OTHER,N,helpdesk,3406,479900,helpdesk_no_change
TK-243681,2025-07-29 17:52,2025-07,2025Q3,resolved,chat,VR895807,VA-SP-MINI,Chat Frontline,A3014,GW-OTHER,N,legacy_fd,3412,249900,legacy_fd_div_100
TK-243697,2025-07-30 14:13,2025-07,2025Q3,resolved,email,,VA-AC-CBL,Logistics,A3030,DOA-REPL,N,legacy_fd,3428,79800,legacy_fd_div_100
TK-243704,2025-07-30 21:42,2025-07,2025Q3,open,email,VR891215,VA-EB-PL2,Billing,A3032,DUP-PAYMENT,N,helpdesk,3435,332400,helpdesk_no_change
TK-243707,2025-07-30 23:11,2025-07,2025Q3,resolved,social,VR880818,VA-EB-AIR,Billing,A3034,DUP-PAYMENT,N,legacy_fd,3438,161900,legacy_fd_div_100
TK-243710,2025-07-31 08:08,2025-07,2025Q3,resolved,chat,,VA-HP-ST2,Chat Frontline,A3010,DOA-REPL,Y,legacy_fd,3442,449900,legacy_fd_div_100
TK-243715,2025-07-31 10:15,2025-07,2025Q3,resolved,email,VR896370,VA-SW-NX2,Returns Desk,A3036,RETURN-QC-OK,N,legacy_fd,3447,649900,legacy_fd_div_100
TK-243716,2025-07-31 10:19,2025-07,2025Q3,resolved,voice,VR902466,VA-EB-PL1,Returns Desk,A3038,RETURN-QC-OK,N,legacy_fd,3448,237400,legacy_fd_div_100
TK-243718,2025-07-31 12:13,2025-07,2025Q3,closed,chat,,VA-SW-FIT,Logistics,A3031,GW-OTHER,N,legacy_fd,3450,199900,legacy_fd_div_100
TK-243723,2025-07-31 17:18,2025-07,2025Q3,closed,social,,VA-NB-ARC,Chat Frontline,A3002,CANCEL,N,legacy_fd,3454,129900,legacy_fd_div_100
TK-243724,2025-07-31 17:33,2025-07,2025Q3,open,chat,VR898602,VA-SW-FIT,Chat Frontline,A3014,LOST-TRANSIT,N,legacy_fd,3455,199900,legacy_fd_div_100
TK-243730,2025-07-31 20:33,2025-07,2025Q3,closed,voice,,VA-SP-ORB,Logistics,A3030,CANCEL,N,legacy_fd,3460,539900,legacy_fd_div_100
TK-243738,2025-08-01 10:11,2025-08,2025Q3,resolved,email,VR897206,VA-SW-NX1,Returns Desk,A3036,GW-OTHER,N,legacy_fd,3465,499900,legacy_fd_div_100
TK-243765,2025-08-02 09:55,2025-08,2025Q3,resolved,chat,VR880308,VA-EB-PL2,Logistics,A3028,RETURN-QC-OK,N,legacy_fd,3490,279900,legacy_fd_div_100
TK-243771,2025-08-02 11:49,2025-08,2025Q3,resolved,voice,,VA-SW-NX2,Logistics,A3029,LOST-TRANSIT,N,legacy_fd,3495,649900,legacy_fd_div_100
TK-243778,2025-08-02 17:36,2025-08,2025Q3,resolved,email,,VA-EB-PL2,Returns Desk,A3036,GW-OTHER,N,legacy_fd,3504,297400,legacy_fd_div_100
TK-243781,2025-08-02 22:24,2025-08,2025Q3,resolved,chat,,VA-SW-NX2,Chat Frontline,A3017,CANCEL,N,helpdesk,3508,649900,helpdesk_no_change
TK-243784,2025-08-03 01:18,2025-08,2025Q3,resolved,chat,,VA-EB-PL2,Chat Frontline,A3017,GW-OTHER,N,legacy_fd,3511,349900,legacy_fd_div_100
TK-243789,2025-08-03 11:42,2025-08,2025Q3,resolved,chat,VR902850,VA-SW-NX2,Escalations & Warranty,A3039,GW-OTHER,N,legacy_fd,3515,649900,legacy_fd_div_100
TK-243792,2025-08-03 12:51,2025-08,2025Q3,resolved,chat,VR906615,VA-SW-NX2,Escalations & Warranty,A3039,GW-OTHER,Y,helpdesk,3517,519900,helpdesk_no_change
TK-243794,2025-08-03 13:29,2025-08,2025Q3,resolved,email,VR889243,VA-SP-ORB,Email Frontline,A3018,CANCEL,N,helpdesk,3521,539900,helpdesk_no_change
TK-243796,2025-08-03 13:30,2025-08,2025Q3,resolved,email,VR901269,VA-EB-PL2,Logistics,A3030,GW-OTHER,N,legacy_fd,3523,314900,legacy_fd_div_100
TK-243800,2025-08-03 15:41,2025-08,2025Q3,resolved,chat,,VA-EB-PL2,Logistics,A3030,WTY-BUYBACK,Y,legacy_fd,3526,332400,legacy_fd_div_100
TK-243806,2025-08-03 20:15,2025-08,2025Q3,resolved,email,,VA-EB-PL2,Returns Desk,A3037,RETURN-QC-OK,N,legacy_fd,3531,175000,legacy_fd_div_100
TK-243814,2025-08-04 09:08,2025-08,2025Q3,resolved,chat,VR880419,VA-SW-NX2,Chat Frontline,A3007,GW-OTHER,Y,legacy_fd,3542,649900,legacy_fd_div_100
TK-243820,2025-08-04 11:41,2025-08,2025Q3,resolved,chat,VR887112,VA-SP-ORB,Billing,A3033,DUP-PAYMENT,N,legacy_fd,3547,599900,legacy_fd_div_100
TK-243823,2025-08-04 14:01,2025-08,2025Q3,resolved,chat,VR893621,VA-EB-AIR,Logistics,A3030,GW-OTHER,N,legacy_fd,3551,143900,legacy_fd_div_100
TK-243824,2025-08-04 14:26,2025-08,2025Q3,resolved,voice,VR895351,VA-EB-PL2,Logistics,A3030,LOST-TRANSIT,N,legacy_fd,3552,314900,legacy_fd_div_100
TK-243828,2025-08-04 15:25,2025-08,2025Q3,resolved,chat,VR896909,VA-EB-PL1,Billing,A3035,DUP-PAYMENT,N,helpdesk,3554,100000,helpdesk_no_change
TK-243829,2025-08-04 17:09,2025-08,2025Q3,resolved,chat,VR890489,VA-SP-ORB,Logistics,A3030,LOST-TRANSIT,N,legacy_fd,3556,569900,legacy_fd_div_100
TK-243834,2025-08-04 18:10,2025-08,2025Q3,resolved,email,,VA-AC-CASE,Billing,A3035,GW-OTHER,N,helpdesk,3561,129900,helpdesk_no_change
TK-243843,2025-08-05 08:10,2025-08,2025Q3,resolved,chat,VR899904,VA-HP-ST3,Returns Desk,A3038,GW-OTHER,N,legacy_fd,3569,559900,legacy_fd_div_100
TK-243880,2025-08-06 13:12,2025-08,2025Q3,resolved,chat,VR887489,VA-EB-PL2,Logistics,A3029,GW-OTHER,N,legacy_fd,3600,279900,legacy_fd_div_100
TK-243881,2025-08-06 14:02,2025-08,2025Q3,closed,email,VR901695,VA-EB-PL1,Billing,A3035,CANCEL,N,legacy_fd,3601,249900,legacy_fd_div_100
TK-243889,2025-08-06 21:37,2025-08,2025Q3,resolved,chat,VR897932,VA-SW-NX2,Logistics,A3030,CANCEL,N,legacy_fd,3609,649900,legacy_fd_div_100
TK-243895,2025-08-07 10:26,2025-08,2025Q3,resolved,social,,VA-EB-PL1,Returns Desk,A3037,GW-OTHER,N,legacy_fd,3615,33700,legacy_fd_div_100
TK-243900,2025-08-07 14:37,2025-08,2025Q3,resolved,chat,VR900570,VA-EB-AIR,Chat Frontline,A3008,WTY-BUYBACK,N,legacy_fd,3619,179900,legacy_fd_div_100
TK-243902,2025-08-07 16:25,2025-08,2025Q3,resolved,chat,VR905305,VA-EB-AIR,Chat Frontline,A3004,PRICE-ADJ,N,legacy_fd,3621,287800,legacy_fd_div_100
TK-243905,2025-08-07 19:10,2025-08,2025Q3,resolved,chat,,VA-SW-FIT,Returns Desk,A3036,GW-OTHER,N,helpdesk,3624,199900,helpdesk_no_change
TK-243908,2025-08-08 04:59,2025-08,2025Q3,resolved,email,VR903768,VA-EB-PL2,Email Frontline,A3022,DUP-PAYMENT,N,legacy_fd,3629,332400,legacy_fd_div_100
TK-243913,2025-08-08 10:05,2025-08,2025Q3,resolved,chat,VR897706,VA-NB-ARC,Returns Desk,A3038,RETURN-QC-OK,N,legacy_fd,3634,23400,legacy_fd_div_100
TK-243914,2025-08-08 11:28,2025-08,2025Q3,resolved,voice,VR901722,VA-EB-PL2,Billing,A3034,CANCEL,N,legacy_fd,3635,175000,legacy_fd_div_100
TK-243917,2025-08-08 12:59,2025-08,2025Q3,resolved,social,VR898785,VA-SP-ORB,Returns Desk,A3038,RETURN-QC-OK,N,legacy_fd,3637,270000,legacy_fd_div_100
TK-243931,2025-08-08 21:41,2025-08,2025Q3,resolved,email,VR907066,VA-HP-ST3,Email Frontline,A3001,CANCEL,N,helpdesk,3649,629900,helpdesk_no_change
TK-243932,2025-08-08 22:50,2025-08,2025Q3,resolved,social,VR890553,VA-EB-PL2,Billing,A3033,DUP-PAYMENT,N,legacy_fd,3651,332400,legacy_fd_div_100
TK-243933,2025-08-09 00:24,2025-08,2025Q3,resolved,chat,VR902798,VA-SW-NX1,Billing,A3034,GW-OTHER,N,legacy_fd,3652,474900,legacy_fd_div_100
TK-243944,2025-08-09 13:24,2025-08,2025Q3,resolved,email,VR888930,VA-EB-PL2,Returns Desk,A3036,RETURN-QC-OK,N,legacy_fd,3661,314900,legacy_fd_div_100
TK-243946,2025-08-09 15:34,2025-08,2025Q3,resolved,chat,,VA-EB-PL2,Escalations & Warranty,A3044,DOA-REPL,N,legacy_fd,3663,349900,legacy_fd_div_100
TK-243961,2025-08-09 22:26,2025-08,2025Q3,resolved,chat,,VA-EB-AIR,Chat Frontline,A3017,GW-OTHER,Y,legacy_fd,3677,161900,legacy_fd_div_100
TK-243965,2025-08-10 04:19,2025-08,2025Q3,resolved,chat,VR880697,VA-SP-MINI,Returns Desk,A3038,GW-OTHER,N,helpdesk,3680,249900,helpdesk_no_change
TK-243973,2025-08-10 13:31,2025-08,2025Q3,resolved,chat,VR886338,VA-EB-PL2,Billing,A3032,DUP-PAYMENT,N,legacy_fd,3688,35000,legacy_fd_div_100
TK-243984,2025-08-10 21:02,2025-08,2025Q3,resolved,email,VR903699,VA-NB-ARC,Email Frontline,A3018,DUP-PAYMENT,N,legacy_fd,3696,22100,legacy_fd_div_100
TK-243991,2025-08-11 08:13,2025-08,2025Q3,resolved,email,,VA-EB-AIR,Returns Desk,A3036,GW-OTHER,N,legacy_fd,3702,161900,legacy_fd_div_100
TK-243993,2025-08-11 09:42,2025-08,2025Q3,resolved,chat,,VA-EB-AIR,Chat Frontline,A3007,DOA-REPL,Y,legacy_fd,3703,143900,legacy_fd_div_100
TK-243994,2025-08-11 09:50,2025-08,2025Q3,resolved,chat,,VA-EB-AIR,Returns Desk,A3037,RETURN-QC-OK,N,legacy_fd,3704,179900,legacy_fd_div_100
TK-244000,2025-08-11 13:35,2025-08,2025Q3,resolved,chat,,VA-EB-AIR,Returns Desk,A3038,GW-OTHER,N,legacy_fd,3710,161900,legacy_fd_div_100
TK-244007,2025-08-11 15:16,2025-08,2025Q3,resolved,voice,,VA-EB-PL2,Logistics,A3030,DOA-REPL,N,legacy_fd,3718,297400,legacy_fd_div_100
TK-244010,2025-08-11 16:38,2025-08,2025Q3,resolved,social,,VA-SP-MINI,Returns Desk,A3006,GW-OTHER,N,legacy_fd,3720,237400,legacy_fd_div_100
TK-244018,2025-08-11 20:27,2025-08,2025Q3,resolved,social,VR904650,VA-EB-PL2,Returns Desk,A3037,GW-OTHER,N,legacy_fd,3727,594800,legacy_fd_div_100
TK-244024,2025-08-12 07:20,2025-08,2025Q3,resolved,email,VR904577,VA-SP-ORB,Returns Desk,A3037,RETURN-QC-OK,N,legacy_fd,3734,599900,legacy_fd_div_100
TK-244026,2025-08-12 11:19,2025-08,2025Q3,resolved,voice,,VA-EB-PL2,Billing,A3032,CANCEL,N,legacy_fd,3736,349900,legacy_fd_div_100
TK-244029,2025-08-12 16:16,2025-08,2025Q3,resolved,chat,,VA-EB-PL2,Returns Desk,A3036,GW-OTHER,N,legacy_fd,3739,332400,legacy_fd_div_100
TK-244031,2025-08-12 16:59,2025-08,2025Q3,resolved,chat,VR882709,VA-HP-ST2,Returns Desk,A3036,GW-OTHER,N,legacy_fd,3741,499900,legacy_fd_div_100
TK-244034,2025-08-12 21:04,2025-08,2025Q3,resolved,email,,VA-EB-PL2,Returns Desk,A3036,RETURN-QC-OK,N,legacy_fd,3744,349900,legacy_fd_div_100
TK-244040,2025-08-13 07:49,2025-08,2025Q3,resolved,chat,,VA-SW-NX2,Returns Desk,A3037,GW-OTHER,Y,helpdesk,3749,617400,helpdesk_no_change
TK-244042,2025-08-13 09:18,2025-08,2025Q3,closed,chat,,VA-EB-PL2,Returns Desk,A3038,RETURN-QC-OK,N,legacy_fd,3752,35000,legacy_fd_div_100
TK-244054,2025-08-13 17:14,2025-08,2025Q3,resolved,voice,,VA-HP-ST3,Logistics,A3030,GW-OTHER,N,helpdesk,3765,594900,helpdesk_no_change
TK-244074,2025-08-14 19:33,2025-08,2025Q3,resolved,voice,VR880886,VA-EB-PL2,Billing,A3035,DUP-PAYMENT,N,legacy_fd,3783,314900,legacy_fd_div_100
TK-244078,2025-08-14 20:22,2025-08,2025Q3,resolved,chat,,VA-EB-PL2,Returns Desk,A3036,GW-OTHER,N,legacy_fd,3786,47200,legacy_fd_div_100
TK-244084,2025-08-15 02:48,2025-08,2025Q3,resolved,chat,,VA-SP-MINI,Returns Desk,A3032,RETURN-QC-OK,N,legacy_fd,3791,50000,legacy_fd_div_100
TK-244086,2025-08-15 14:09,2025-08,2025Q3,resolved,chat,VR886720,VA-SP-ORB,Billing,A3035,DUP-PAYMENT,N,legacy_fd,3793,599900,legacy_fd_div_100
TK-244095,2025-08-15 18:01,2025-08,2025Q3,resolved,chat,VR894470,VA-HP-ST3,Chat Frontline,A3014,GW-OTHER,N,legacy_fd,3801,559900,legacy_fd_div_100
TK-244097,2025-08-15 18:47,2025-08,2025Q3,resolved,chat,VR882908,VA-EB-PL1,Returns Desk,A3036,RETURN-QC-OK,N,legacy_fd,3802,249900,legacy_fd_div_100
TK-244111,2025-08-16 11:01,2025-08,2025Q3,resolved,chat,,VA-SW-NX2,Chat Frontline,A3011,CANCEL,N,legacy_fd,3813,649900,legacy_fd_div_100
TK-244116,2025-08-16 12:24,2025-08,2025Q3,resolved,email,,VA-AC-CBL,Returns Desk,A3036,RETURN-QC-OK,N,helpdesk,3816,12000,helpdesk_no_change
TK-244125,2025-08-16 18:41,2025-08,2025Q3,resolved,voice,VR908047,VA-EB-PL2,Billing,A3035,DUP-PAYMENT,N,helpdesk,3827,349900,helpdesk_no_change
TK-244134,2025-08-17 08:22,2025-08,2025Q3,resolved,chat,,VA-SW-NX2,Billing,A3033,DUP-PAYMENT,N,legacy_fd,3836,649900,legacy_fd_div_100
TK-244146,2025-08-17 14:32,2025-08,2025Q3,resolved,email,VR882635,VA-EB-PL2,Returns Desk,A3036,RETURN-QC-OK,N,legacy_fd,3847,332400,legacy_fd_div_100
TK-244151,2025-08-17 20:24,2025-08,2025Q3,closed,social,VR909432,VA-EB-PL2,Returns Desk,A3007,GW-OTHER,N,legacy_fd,3852,349900,legacy_fd_div_100
TK-244152,2025-08-17 20:43,2025-08,2025Q3,resolved,chat,,VA-EB-PL2,Billing,A3035,GW-OTHER,N,legacy_fd,3853,279900,legacy_fd_div_100
TK-244153,2025-08-17 21:03,2025-08,2025Q3,resolved,email,,VA-SW-NX2,Logistics,A3031,LOST-TRANSIT,N,legacy_fd,3854,61700,legacy_fd_div_100
TK-244162,2025-08-18 17:51,2025-08,2025Q3,resolved,chat,VR892562,VA-SP-MINI,Chat Frontline,A3014,GW-OTHER,N,helpdesk,3862,224900,helpdesk_no_change
TK-244164,2025-08-18 19:48,2025-08,2025Q3,resolved,chat,,VA-EB-PL2,Billing,A3035,GW-OTHER,N,legacy_fd,3865,52500,legacy_fd_div_100
TK-244165,2025-08-18 20:07,2025-08,2025Q3,open,chat,VR899010,VA-EB-PL2,Chat Frontline,A3005,GW-OTHER,N,legacy_fd,3866,349900,legacy_fd_div_100
TK-244167,2025-08-18 20:09,2025-08,2025Q3,resolved,voice,VR902066,VA-SP-ORB,Escalations & Warranty,A3042,DOA-REPL,N,legacy_fd,3867,599900,legacy_fd_div_100
TK-244172,2025-08-19 07:24,2025-08,2025Q3,resolved,email,VR906783,VA-SP-MINI,Email Frontline,A3022,GW-OTHER,N,legacy_fd,3872,199900,legacy_fd_div_100
TK-244176,2025-08-19 11:21,2025-08,2025Q3,resolved,voice,,VA-SP-ORB,Returns Desk,A3037,RETURN-QC-OK,Y,helpdesk,3876,108000,helpdesk_no_change
TK-244185,2025-08-19 14:58,2025-08,2025Q3,resolved,social,VR895804,VA-EB-PL2,Returns Desk,A3036,WTY-BUYBACK,Y,legacy_fd,3884,349900,legacy_fd_div_100
TK-244187,2025-08-19 15:32,2025-08,2025Q3,resolved,social,VR890984,VA-EB-PL2,Billing,A3035,RETURN-QC-OK,N,helpdesk,3886,70000,helpdesk_no_change
TK-244190,2025-08-19 17:38,2025-08,2025Q3,closed,chat,VR902737,VA-SW-NX2,Logistics,A3030,DOA-REPL,Y,legacy_fd,3889,649900,legacy_fd_div_100
TK-244194,2025-08-19 19:26,2025-08,2025Q3,open,email,,VA-SW-NX2,Billing,A3034,RETURN-QC-OK,N,legacy_fd,3892,123500,legacy_fd_div_100
TK-244209,2025-08-20 14:17,2025-08,2025Q3,closed,voice,,VA-SP-MINI,Voice Frontline,A3026,CANCEL,N,legacy_fd,3906,249900,legacy_fd_div_100
TK-244210,2025-08-20 14:30,2025-08,2025Q3,resolved,chat,,VA-SW-FIT,Billing,A3035,DUP-PAYMENT,N,legacy_fd,3907,159900,legacy_fd_div_100
TK-244212,2025-08-20 16:17,2025-08,2025Q3,resolved,voice,,VA-EB-PL2,Voice Frontline,A3026,CANCEL,N,legacy_fd,3908,349900,legacy_fd_div_100
TK-244216,2025-08-20 20:31,2025-08,2025Q3,resolved,social,,VA-EB-PL1,Billing,A3033,DUP-PAYMENT,N,legacy_fd,3912,237400,legacy_fd_div_100
TK-244218,2025-08-20 22:07,2025-08,2025Q3,resolved,chat,VR894921,VA-EB-PL2,Logistics,A3027,LOST-TRANSIT,N,legacy_fd,3914,349900,legacy_fd_div_100
TK-244220,2025-08-20 22:09,2025-08,2025Q3,resolved,chat,VR897002,VA-EB-PL2,Returns Desk,A3037,GW-OTHER,N,legacy_fd,3915,349900,legacy_fd_div_100
TK-244224,2025-08-21 09:00,2025-08,2025Q3,resolved,email,,VA-EB-PL2,Returns Desk,A3038,RETURN-QC-OK,N,helpdesk,3919,279900,helpdesk_no_change
TK-244228,2025-08-21 10:31,2025-08,2025Q3,resolved,chat,,VA-EB-PL2,Escalations & Warranty,A3039,GW-OTHER,N,legacy_fd,3924,349900,legacy_fd_div_100
TK-244231,2025-08-21 14:33,2025-08,2025Q3,resolved,chat,VR880738,VA-EB-PL2,Chat Frontline,A3012,GW-OTHER,N,legacy_fd,3927,140000,legacy_fd_div_100
TK-244241,2025-08-21 20:41,2025-08,2025Q3,resolved,email,VR899027,VA-EB-PL1,Billing,A3035,PRICE-ADJ,N,legacy_fd,3937,249900,legacy_fd_div_100
TK-244243,2025-08-21 21:29,2025-08,2025Q3,resolved,chat,VR882908,VA-EB-PL1,Escalations & Warranty,A3041,WTY-BUYBACK,N,legacy_fd,3939,249900,legacy_fd_div_100
TK-244273,2025-08-23 10:13,2025-08,2025Q3,resolved,email,VR895937,VA-EB-PL2,Logistics,A3029,GW-OTHER,N,helpdesk,3966,279900,helpdesk_no_change
TK-244276,2025-08-23 12:19,2025-08,2025Q3,resolved,voice,VR883569,VA-EB-PL2,Billing,A3033,DUP-PAYMENT,N,helpdesk,3969,279900,helpdesk_no_change
TK-244281,2025-08-23 14:59,2025-08,2025Q3,resolved,email,VR886489,VA-NB-ARC,Email Frontline,A3018,DOA-REPL,N,legacy_fd,3973,116900,legacy_fd_div_100
TK-244293,2025-08-24 06:29,2025-08,2025Q3,resolved,chat,VR880872,VA-EB-PL1,Returns Desk,A3037,RETURN-QC-OK,N,legacy_fd,3983,249900,legacy_fd_div_100
TK-244294,2025-08-24 07:09,2025-08,2025Q3,resolved,chat,VR899914,VA-EB-PL2,Returns Desk,A3038,RETURN-QC-OK,N,legacy_fd,3984,349900,legacy_fd_div_100
TK-244296,2025-08-24 08:05,2025-08,2025Q3,resolved,chat,,VA-EB-PL2,Billing,A3034,RETURN-QC-OK,N,legacy_fd,3986,157400,legacy_fd_div_100
TK-244300,2025-08-24 10:07,2025-08,2025Q3,resolved,voice,VR889335,VA-HP-ST2,Returns Desk,A3038,RETURN-QC-OK,N,legacy_fd,3991,399900,legacy_fd_div_100
TK-244310,2025-08-24 21:36,2025-08,2025Q3,closed,email,VR906714,VA-SW-NX1,Billing,A3034,GW-OTHER,N,legacy_fd,4004,47500,legacy_fd_div_100
TK-244317,2025-08-25 13:07,2025-08,2025Q3,open,chat,VR893243,VA-EB-PL1,Chat Frontline,A3007,GW-OTHER,N,legacy_fd,4011,249900,legacy_fd_div_100
TK-244323,2025-08-25 20:28,2025-08,2025Q3,resolved,social,VR891943,VA-SP-ORB,Billing,A3032,GW-OTHER,N,legacy_fd,4016,81000,legacy_fd_div_100
TK-244330,2025-08-26 10:30,2025-08,2025Q3,resolved,chat,VR898873,VA-EB-PL2,Returns Desk,A3037,GW-OTHER,N,legacy_fd,4024,148700,legacy_fd_div_100
TK-244333,2025-08-26 12:30,2025-08,2025Q3,resolved,social,VR888191,VA-EB-PL2,Returns Desk,A3036,GW-OTHER,N,legacy_fd,4027,349900,legacy_fd_div_100
TK-244345,2025-08-27 01:10,2025-08,2025Q3,resolved,email,VR905033,VA-SW-NX2,Returns Desk,A3038,RETURN-QC-OK,N,legacy_fd,4038,649900,legacy_fd_div_100
TK-244347,2025-08-27 07:25,2025-08,2025Q3,resolved,chat,,VA-EB-PL2,Returns Desk,A3034,RETURN-QC-OK,N,helpdesk,4039,42000,helpdesk_no_change
TK-244349,2025-08-27 09:15,2025-08,2025Q3,resolved,voice,VR889018,VA-EB-PL2,Voice Frontline,A3025,GW-OTHER,N,legacy_fd,4042,297400,legacy_fd_div_100
TK-244354,2025-08-27 12:19,2025-08,2025Q3,resolved,social,VR906207,VA-SW-FIT,Billing,A3033,GW-OTHER,N,helpdesk,4045,199900,helpdesk_no_change
TK-244355,2025-08-27 12:22,2025-08,2025Q3,resolved,chat,VR888826,VA-EB-AIR,Chat Frontline,A3006,GW-OTHER,N,legacy_fd,4047,179900,legacy_fd_div_100
TK-244356,2025-08-27 12:50,2025-08,2025Q3,resolved,chat,,VA-SW-NX1,Logistics,A3031,DOA-REPL,N,legacy_fd,4048,499900,legacy_fd_div_100
TK-244364,2025-08-27 19:25,2025-08,2025Q3,resolved,email,VR888239,VA-EB-PL2,Returns Desk,A3036,RETURN-QC-OK,N,legacy_fd,4055,52500,legacy_fd_div_100
TK-244366,2025-08-27 19:29,2025-08,2025Q3,resolved,chat,,VA-EB-PL2,Returns Desk,A3036,RETURN-QC-OK,N,legacy_fd,4056,279900,legacy_fd_div_100
TK-244373,2025-08-28 11:23,2025-08,2025Q3,resolved,email,VR906554,VA-EB-PL1,Logistics,A3028,RETURN-QC-OK,N,legacy_fd,4062,249900,legacy_fd_div_100
TK-244379,2025-08-28 15:58,2025-08,2025Q3,resolved,email,VR902690,VA-SW-FIT,Escalations & Warranty,A3040,DOA-REPL,N,legacy_fd,4067,199900,legacy_fd_div_100
TK-244383,2025-08-29 07:44,2025-08,2025Q3,resolved,chat,,VA-SW-NX2,Returns Desk,A3038,RETURN-QC-OK,N,legacy_fd,4071,649900,legacy_fd_div_100
TK-244386,2025-08-29 08:40,2025-08,2025Q3,pending,chat,VR897936,VA-SP-ORB,Billing,A3032,DUP-PAYMENT,N,legacy_fd,4073,102000,legacy_fd_div_100
TK-244392,2025-08-29 11:25,2025-08,2025Q3,resolved,chat,VR898859,VA-EB-PL2,Chat Frontline,A3010,GW-OTHER,Y,legacy_fd,4078,314900,legacy_fd_div_100
TK-244396,2025-08-29 12:37,2025-08,2025Q3,resolved,chat,VR891936,VA-SP-MINI,Returns Desk,A3038,RETURN-QC-OK,N,legacy_fd,4082,45000,legacy_fd_div_100
TK-244422,2025-08-30 09:55,2025-08,2025Q3,closed,chat,VR887377,VA-EB-PL2,Billing,A3033,DUP-PAYMENT,N,legacy_fd,4104,52500,legacy_fd_div_100
TK-244423,2025-08-30 10:28,2025-08,2025Q3,resolved,voice,,VA-EB-PL1,Voice Frontline,A3025,GW-OTHER,N,legacy_fd,4105,249900,legacy_fd_div_100
TK-244425,2025-08-30 10:44,2025-08,2025Q3,resolved,email,VR897892,VA-SP-MINI,Billing,A3035,DUP-PAYMENT,N,helpdesk,4106,125000,helpdesk_no_change
TK-244430,2025-08-30 16:43,2025-08,2025Q3,resolved,email,VR897182,VA-EB-PL2,Email Frontline,A3018,CANCEL,N,legacy_fd,4112,31500,legacy_fd_div_100
TK-244433,2025-08-30 19:35,2025-08,2025Q3,resolved,chat,,VA-EB-AIR,Chat Frontline,A3005,GW-OTHER,N,helpdesk,4114,81000,helpdesk_no_change
TK-244436,2025-08-30 20:14,2025-08,2025Q3,resolved,chat,VR900679,VA-EB-PL1,Chat Frontline,A3014,CANCEL,N,legacy_fd,4117,224900,legacy_fd_div_100
TK-244445,2025-08-31 09:28,2025-08,2025Q3,resolved,chat,,VA-EB-PL1,Returns Desk,A3038,RETURN-QC-OK,N,legacy_fd,4125,249900,legacy_fd_div_100
TK-244456,2025-08-31 15:38,2025-08,2025Q3,resolved,chat,VR899312,VA-EB-PL2,Logistics,A3030,GW-OTHER,N,legacy_fd,4135,332400,legacy_fd_div_100
TK-244458,2025-08-31 19:27,2025-08,2025Q3,resolved,email,,VA-EB-PL1,Logistics,A3030,GW-OTHER,N,legacy_fd,4136,22500,legacy_fd_div_100
TK-244481,2025-09-01 11:52,2025-09,2025Q3,resolved,voice,,VA-SW-NX2,Escalations & Warranty,A3039,DOA-REPL,N,legacy_fd,4155,97500,legacy_fd_div_100
TK-244482,2025-09-01 13:57,2025-09,2025Q3,resolved,social,,VA-EB-PL2,Returns Desk,A3036,RETURN-QC-OK,N,legacy_fd,4156,349900,legacy_fd_div_100
TK-244484,2025-09-01 14:54,2025-09,2025Q3,pending,email,VR882747,VA-EB-PL1,Logistics,A3028,GW-OTHER,N,legacy_fd,4159,249900,legacy_fd_div_100
TK-244490,2025-09-01 19:30,2025-09,2025Q3,closed,chat,VR880736,VA-EB-PL2,Billing,A3035,DUP-PAYMENT,N,legacy_fd,4165,314900,legacy_fd_div_100
TK-244492,2025-09-01 19:56,2025-09,2025Q3,resolved,email,,VA-EB-PL2,Returns Desk,A3017,GW-OTHER,N,legacy_fd,4168,279900,legacy_fd_div_100
TK-244495,2025-09-01 23:47,2025-09,2025Q3,resolved,chat,,VA-SW-NX2,Chat Frontline,A3038,GW-OTHER,N,legacy_fd,4171,519900,legacy_fd_div_100
TK-244497,2025-09-02 07:20,2025-09,2025Q3,resolved,email,VR900694,VA-EB-AIR,Billing,A3034,DUP-PAYMENT,N,legacy_fd,4173,179900,legacy_fd_div_100
TK-244498,2025-09-02 07:46,2025-09,2025Q3,closed,chat,VR894885,VA-HP-ST2,Logistics,A3027,DOA-REPL,N,legacy_fd,4174,499900,legacy_fd_div_100
TK-244500,2025-09-02 10:17,2025-09,2025Q3,resolved,chat,VR882499,VA-EB-PL2,Logistics,A3027,DOA-REPL,Y,legacy_fd,4176,297400,legacy_fd_div_100
TK-244510,2025-09-02 15:57,2025-09,2025Q3,resolved,chat,,VA-SW-FIT,Billing,A3020,GW-OTHER,N,legacy_fd,4186,199900,legacy_fd_div_100
TK-244515,2025-09-02 17:09,2025-09,2025Q3,resolved,chat,VR882896,VA-EB-AIR,Chat Frontline,A3015,GW-OTHER,Y,legacy_fd,4190,170900,legacy_fd_div_100
TK-244528,2025-09-03 10:13,2025-09,2025Q3,resolved,email,VR904029,VA-EB-AIR,Billing,A3035,DUP-PAYMENT,N,helpdesk,4203,179900,helpdesk_no_change
TK-244544,2025-09-03 19:01,2025-09,2025Q3,resolved,email,VR908486,VA-EB-PL2,Logistics,A3030,RETURN-QC-OK,N,legacy_fd,4218,35000,legacy_fd_div_100
TK-244550,2025-09-03 22:02,2025-09,2025Q3,resolved,chat,VR893723,VA-EB-PL2,Returns Desk,A3037,RETURN-QC-OK,N,legacy_fd,4224,56000,legacy_fd_div_100
TK-244553,2025-09-04 07:15,2025-09,2025Q3,resolved,chat,,VA-EB-PL1,Chat Frontline,A3006,GW-OTHER,N,legacy_fd,4227,249900,legacy_fd_div_100
TK-244556,2025-09-04 10:20,2025-09,2025Q3,resolved,voice,,VA-EB-PL2,Logistics,A3029,GW-OTHER,N,legacy_fd,4230,279900,legacy_fd_div_100
TK-244561,2025-09-04 16:04,2025-09,2025Q3,resolved,chat,VR904924,VA-EB-PL1,Billing,A3035,GW-OTHER,N,legacy_fd,4235,249900,legacy_fd_div_100
TK-244563,2025-09-04 16:56,2025-09,2025Q3,resolved,social,VR892454,VA-SW-NX2,Chat Frontline,A3008,CANCEL,N,legacy_fd,4237,325000,legacy_fd_div_100
TK-244570,2025-09-05 07:29,2025-09,2025Q3,resolved,chat,VR894402,VA-EB-PL2,Escalations & Warranty,A3039,GW-OTHER,N,helpdesk,4243,349900,helpdesk_no_change
TK-244573,2025-09-05 08:44,2025-09,2025Q3,resolved,voice,,VA-EB-AIR,Voice Frontline,A3025,GW-OTHER,N,legacy_fd,4246,152900,legacy_fd_div_100
TK-244575,2025-09-05 09:05,2025-09,2025Q3,pending,chat,,VA-EB-PL2,Returns Desk,A3038,RETURN-QC-OK,N,legacy_fd,4248,349900,legacy_fd_div_100
TK-244578,2025-09-05 10:52,2025-09,2025Q3,resolved,chat,,VA-EB-PL2,Chat Frontline,A3010,DOA-REPL,Y,legacy_fd,4252,297400,legacy_fd_div_100
TK-244583,2025-09-05 12:07,2025-09,2025Q3,resolved,chat,VR898341,VA-SP-MINI,Billing,A3034,CANCEL,N,legacy_fd,4256,224900,legacy_fd_div_100
TK-244599,2025-09-06 03:14,2025-09,2025Q3,resolved,social,VR895143,VA-EB-PL2,Billing,A3033,DUP-PAYMENT,N,legacy_fd,4269,332400,legacy_fd_div_100
TK-244606,2025-09-06 09:00,2025-09,2025Q3,resolved,chat,,VA-SW-NX2,Logistics,A3031,DOA-REPL,N,legacy_fd,4275,649900,legacy_fd_div_100
TK-244608,2025-09-06 09:18,2025-09,2025Q3,resolved,chat,VR908455,VA-AC-CASE,Billing,A3034,DUP-PAYMENT,N,legacy_fd,4276,116900,legacy_fd_div_100
TK-244610,2025-09-06 11:25,2025-09,2025Q3,resolved,email,VR905251,VA-HP-ST2,Billing,A3035,PRICE-ADJ,N,legacy_fd,4278,399900,legacy_fd_div_100
TK-244611,2025-09-06 13:17,2025-09,2025Q3,closed,email,VR880872,VA-EB-PL1,Email Frontline,A3018,CANCEL,N,legacy_fd,4279,249900,legacy_fd_div_100
TK-244615,2025-09-06 14:54,2025-09,2025Q3,resolved,chat,VR895152,VA-EB-PL2,Chat Frontline,A3015,CANCEL,N,legacy_fd,4283,175000,legacy_fd_div_100
TK-244622,2025-09-06 20:42,2025-09,2025Q3,resolved,social,,VA-NB-ARC,Chat Frontline,A3009,GW-OTHER,N,legacy_fd,4290,123400,legacy_fd_div_100
TK-244624,2025-09-07 03:14,2025-09,2025Q3,resolved,email,,VA-EB-PL2,Billing,A3033,PRICE-ADJ,N,legacy_fd,4292,140000,legacy_fd_div_100
TK-244629,2025-09-07 11:38,2025-09,2025Q3,resolved,chat,VR897892,VA-SP-MINI,Logistics,A3028,LOST-TRANSIT,N,legacy_fd,4298,249900,legacy_fd_div_100
TK-244635,2025-09-07 12:54,2025-09,2025Q3,closed,voice,,VA-EB-PL2,Voice Frontline,A3026,GW-OTHER,N,legacy_fd,4303,31500,legacy_fd_div_100
TK-244639,2025-09-07 14:24,2025-09,2025Q3,resolved,voice,VR900260,VA-AC-CASE,Billing,A3035,RETURN-QC-OK,N,helpdesk,4307,61700,helpdesk_no_change
TK-244642,2025-09-07 15:02,2025-09,2025Q3,resolved,email,,VA-SP-MINI,Returns Desk,A3036,GW-OTHER,N,legacy_fd,4310,212400,legacy_fd_div_100
TK-244644,2025-09-07 15:14,2025-09,2025Q3,resolved,chat,VR899211,VA-SW-NX2,Logistics,A3030,WTY-BUYBACK,N,legacy_fd,4312,649900,legacy_fd_div_100
TK-244645,2025-09-07 15:57,2025-09,2025Q3,resolved,chat,VR906919,VA-EB-PL2,Returns Desk,A3036,RETURN-QC-OK,N,legacy_fd,4313,349900,legacy_fd_div_100
TK-244674,2025-09-08 11:34,2025-09,2025Q3,closed,voice,,VA-AC-CASE,Billing,A3033,PRICE-ADJ,N,legacy_fd,4343,103900,legacy_fd_div_100
TK-244677,2025-09-08 12:23,2025-09,2025Q3,resolved,chat,,VA-HP-ST3,Chat Frontline,A3013,GW-OTHER,Y,helpdesk,4345,699900,helpdesk_no_change
TK-244687,2025-09-08 17:34,2025-09,2025Q3,resolved,voice,,VA-EB-PL2,Logistics,A3030,LOST-TRANSIT,N,legacy_fd,4355,349900,legacy_fd_div_100
TK-244700,2025-09-09 10:53,2025-09,2025Q3,resolved,social,VR885946,VA-EB-PL2,Logistics,A3028,RETURN-QC-OK,N,legacy_fd,4367,349900,legacy_fd_div_100
TK-244708,2025-09-09 16:10,2025-09,2025Q3,closed,chat,VR883371,VA-HP-ST2,Billing,A3035,DUP-PAYMENT,N,legacy_fd,4374,449900,legacy_fd_div_100
TK-244710,2025-09-09 16:23,2025-09,2025Q3,resolved,email,,VA-EB-PL2,Returns Desk,A3036,RETURN-QC-OK,N,legacy_fd,4376,279900,legacy_fd_div_100
TK-244715,2025-09-09 18:20,2025-09,2025Q3,resolved,social,VR894590,VA-EB-PL2,Billing,A3035,DUP-PAYMENT,N,legacy_fd,4380,664800,legacy_fd_div_100
TK-244725,2025-09-10 09:58,2025-09,2025Q3,resolved,chat,VR882311,VA-EB-PL2,Chat Frontline,A3007,CANCEL,N,legacy_fd,4392,279900,legacy_fd_div_100
TK-244726,2025-09-10 10:05,2025-09,2025Q3,closed,social,,VA-EB-AIR,Chat Frontline,A3013,CANCEL,N,legacy_fd,4393,34200,legacy_fd_div_100
TK-244727,2025-09-10 11:09,2025-09,2025Q3,resolved,voice,,VA-HP-ST3,Voice Frontline,A3024,CANCEL,N,legacy_fd,4394,1119800,legacy_fd_div_100
TK-244733,2025-09-10 14:46,2025-09,2025Q3,resolved,chat,VR905751,VA-AC-CH65,Billing,A3035,GW-OTHER,N,legacy_fd,4400,60000,legacy_fd_div_100
TK-244743,2025-09-10 18:52,2025-09,2025Q3,resolved,social,VR895763,VA-SW-NX2,Logistics,A3030,RETURN-QC-OK,N,helpdesk,4409,130000,helpdesk_no_change
TK-244746,2025-09-10 19:05,2025-09,2025Q3,closed,chat,VR893356,VA-HP-ST2,Chat Frontline,A3005,GW-OTHER,N,legacy_fd,4412,71200,legacy_fd_div_100
TK-244754,2025-09-10 22:22,2025-09,2025Q3,resolved,chat,VR892934,VA-EB-PL1,Logistics,A3031,WTY-BUYBACK,N,legacy_fd,4420,224900,legacy_fd_div_100
TK-244756,2025-09-10 23:07,2025-09,2025Q3,resolved,chat,,VA-SP-MINI,Billing,A3032,PRICE-ADJ,N,legacy_fd,4422,75000,legacy_fd_div_100
TK-244757,2025-09-11 01:35,2025-09,2025Q3,resolved,email,,VA-SP-MINI,Billing,A3034,GW-OTHER,N,legacy_fd,4423,100000,legacy_fd_div_100
TK-244768,2025-09-11 11:11,2025-09,2025Q3,resolved,email,VR892215,VA-EB-PL1,Billing,A3034,DUP-PAYMENT,N,legacy_fd,4433,249900,legacy_fd_div_100
TK-244772,2025-09-11 12:33,2025-09,2025Q3,resolved,chat,VR893988,VA-EB-PL2,Returns Desk,A3038,GW-OTHER,N,helpdesk,4438,594800,helpdesk_no_change
TK-244780,2025-09-11 16:24,2025-09,2025Q3,resolved,social,,VA-SP-MINI,Escalations & Warranty,A3040,DOA-REPL,N,legacy_fd,4446,118700,legacy_fd_div_100
TK-244794,2025-09-12 08:41,2025-09,2025Q3,resolved,email,VR885161,VA-EB-PL2,Email Frontline,A3021,CANCEL,N,legacy_fd,4462,28000,legacy_fd_div_100
TK-244802,2025-09-12 12:35,2025-09,2025Q3,resolved,social,VR884784,VA-EB-PL1,Returns Desk,A3037,RETURN-QC-OK,N,legacy_fd,4471,212400,legacy_fd_div_100
TK-244806,2025-09-12 13:32,2025-09,2025Q3,resolved,email,,VA-SW-NX2,Returns Desk,A3036,RETURN-QC-OK,N,legacy_fd,4473,649900,legacy_fd_div_100
TK-244815,2025-09-12 19:21,2025-09,2025Q3,resolved,chat,VR881352,VA-EB-PL2,Returns Desk,A3036,RETURN-QC-OK,N,legacy_fd,4482,349900,legacy_fd_div_100
TK-244820,2025-09-12 23:25,2025-09,2025Q3,resolved,email,VR895685,VA-EB-AIR,Returns Desk,A3037,RETURN-QC-OK,N,legacy_fd,4487,152900,legacy_fd_div_100
TK-244824,2025-09-13 09:23,2025-09,2025Q3,closed,email,,VA-EB-PL2,Returns Desk,A3038,GW-OTHER,N,legacy_fd,4490,349900,legacy_fd_div_100
TK-244840,2025-09-13 20:34,2025-09,2025Q3,resolved,chat,,VA-EB-PL2,Chat Frontline,A3014,GW-OTHER,N,helpdesk,4506,297400,helpdesk_no_change
TK-244843,2025-09-13 21:12,2025-09,2025Q3,resolved,voice,,VA-HP-ST3,Returns Desk,A3037,GW-OTHER,N,legacy_fd,4510,559900,legacy_fd_div_100
TK-244844,2025-09-13 21:27,2025-09,2025Q3,resolved,voice,VR884919,VA-SW-NX2,Voice Frontline,A3003,GW-OTHER,N,legacy_fd,4511,617400,legacy_fd_div_100
TK-244845,2025-09-13 23:35,2025-09,2025Q3,resolved,email,VR907682,VA-EB-PL2,Returns Desk,A3038,GW-OTHER,N,legacy_fd,4512,297400,legacy_fd_div_100
TK-244850,2025-09-14 09:17,2025-09,2025Q3,resolved,chat,,VA-EB-AIR,Returns Desk,A3037,RETURN-QC-OK,N,helpdesk,4516,143900,helpdesk_no_change
TK-244856,2025-09-14 10:38,2025-09,2025Q3,closed,chat,VR886123,VA-EB-PL2,Returns Desk,A3038,RETURN-QC-OK,N,helpdesk,4520,47200,helpdesk_no_change
TK-244859,2025-09-14 12:37,2025-09,2025Q3,pending,social,VR891180,VA-EB-PL1,Returns Desk,A3037,RETURN-QC-OK,N,helpdesk,4522,212400,helpdesk_no_change
TK-244861,2025-09-14 12:40,2025-09,2025Q3,resolved,chat,VR894578,VA-EB-PL1,Chat Frontline,A3010,CANCEL,N,helpdesk,4523,31900,helpdesk_no_change
TK-244867,2025-09-14 14:33,2025-09,2025Q3,resolved,chat,,VA-EB-PL2,Chat Frontline,A3015,WTY-BUYBACK,N,helpdesk,4527,349900,helpdesk_no_change
TK-244872,2025-09-14 18:39,2025-09,2025Q3,resolved,chat,VR894578,VA-EB-PL1,Logistics,A3030,GW-OTHER,Y,helpdesk,4531,212400,helpdesk_no_change
TK-244880,2025-09-14 23:14,2025-09,2025Q3,resolved,email,VR887389,VA-EB-AIR,Email Frontline,A3016,GW-OTHER,N,helpdesk,4538,179900,helpdesk_no_change
TK-244887,2025-09-15 12:21,2025-09,2025Q3,resolved,chat,VR887714,VA-EB-PL2,Billing,A3033,DUP-PAYMENT,N,helpdesk,4545,349900,helpdesk_no_change
TK-244891,2025-09-15 13:36,2025-09,2025Q3,resolved,voice,,VA-EB-PL2,Voice Frontline,A3026,GW-OTHER,N,helpdesk,4549,349900,helpdesk_no_change
TK-244910,2025-09-15 21:07,2025-09,2025Q3,resolved,voice,,VA-EB-AIR,Voice Frontline,A3003,GW-OTHER,Y,helpdesk,4564,179900,helpdesk_no_change
TK-244911,2025-09-15 21:36,2025-09,2025Q3,resolved,chat,VR907936,VA-HP-ST2,Billing,A3035,GW-OTHER,N,helpdesk,4565,424900,helpdesk_no_change
TK-244928,2025-09-16 12:36,2025-09,2025Q3,closed,chat,VR897627,VA-SP-MINI,Billing,A3032,DUP-PAYMENT,N,helpdesk,4578,249900,helpdesk_no_change
TK-244931,2025-09-16 13:58,2025-09,2025Q3,pending,chat,VR895727,VA-SW-NX2,Billing,A3037,GW-OTHER,N,helpdesk,4581,519900,helpdesk_no_change
TK-244934,2025-09-16 17:51,2025-09,2025Q3,resolved,chat,VR892629,VA-EB-AIR,Chat Frontline,A3004,GW-OTHER,N,helpdesk,4584,16200,helpdesk_no_change
TK-244940,2025-09-16 19:58,2025-09,2025Q3,resolved,chat,,VA-EB-PL2,Chat Frontline,A3005,CANCEL,N,helpdesk,4589,29700,helpdesk_no_change
TK-244941,2025-09-16 20:04,2025-09,2025Q3,resolved,social,,VA-NB-ARC,Billing,A3034,DUP-PAYMENT,N,helpdesk,4590,11700,helpdesk_no_change
TK-244950,2025-09-17 09:08,2025-09,2025Q3,resolved,chat,,VA-EB-PL1,Billing,A3034,PRICE-ADJ,N,helpdesk,4597,199900,helpdesk_no_change
TK-244952,2025-09-17 11:45,2025-09,2025Q3,resolved,voice,VR894042,VA-EB-PL2,Returns Desk,A3038,RETURN-QC-OK,N,helpdesk,4599,314900,helpdesk_no_change
TK-244959,2025-09-17 20:39,2025-09,2025Q3,resolved,email,VR887175,VA-SP-MINI,Returns Desk,A3037,RETURN-QC-OK,N,helpdesk,4605,31900,helpdesk_no_change
TK-244962,2025-09-18 08:12,2025-09,2025Q3,closed,email,VR901072,VA-EB-PL1,Email Frontline,A3018,GW-OTHER,N,helpdesk,4608,212400,helpdesk_no_change
TK-244966,2025-09-18 09:46,2025-09,2025Q3,resolved,email,VR900494,VA-EB-PL2,Logistics,A3030,GW-OTHER,Y,helpdesk,4611,332400,helpdesk_no_change
TK-244967,2025-09-18 10:39,2025-09,2025Q3,pending,voice,VR903844,VA-EB-PL2,Voice Frontline,A3025,GW-OTHER,N,helpdesk,4612,297400,helpdesk_no_change
TK-244968,2025-09-18 10:44,2025-09,2025Q3,closed,chat,VR884531,VA-AC-CASE,Returns Desk,A3038,RETURN-QC-OK,N,helpdesk,4613,24700,helpdesk_no_change
TK-244969,2025-09-18 11:08,2025-09,2025Q3,resolved,email,VR888885,VA-EB-PL1,Logistics,A3031,GW-OTHER,N,helpdesk,4614,249900,helpdesk_no_change
TK-244971,2025-09-18 11:47,2025-09,2025Q3,resolved,social,VR900247,VA-EB-PL2,Billing,A3032,GW-OTHER,N,helpdesk,4616,349900,helpdesk_no_change
TK-244974,2025-09-18 12:06,2025-09,2025Q3,resolved,email,VR908315,VA-HP-ST2,Email Frontline,A3018,GW-OTHER,N,helpdesk,4618,499900,helpdesk_no_change
TK-244981,2025-09-18 16:09,2025-09,2025Q3,resolved,chat,VR882913,VA-EB-AIR,Chat Frontline,A3004,CANCEL,N,helpdesk,4623,143900,helpdesk_no_change
TK-244983,2025-09-18 16:48,2025-09,2025Q3,resolved,voice,,VA-EB-PL2,Logistics,A3030,RETURN-QC-OK,N,helpdesk,4625,349900,helpdesk_no_change
TK-245000,2025-09-19 11:54,2025-09,2025Q3,resolved,voice,VR884350,VA-EB-PL2,Billing,A3032,GW-OTHER,N,helpdesk,4640,349900,helpdesk_no_change
TK-245003,2025-09-19 13:07,2025-09,2025Q3,resolved,chat,VR880975,VA-EB-AIR,Returns Desk,A3038,RETURN-QC-OK,N,helpdesk,4642,36000,helpdesk_no_change
TK-245009,2025-09-19 14:42,2025-09,2025Q3,resolved,chat,VR901302,VA-HP-ST2,Billing,A3035,DUP-PAYMENT,N,helpdesk,4647,90000,helpdesk_no_change
TK-245011,2025-09-19 17:37,2025-09,2025Q3,open,social,,VA-EB-AIR,Chat Frontline,A3008,CANCEL,N,helpdesk,4649,21600,helpdesk_no_change
TK-245014,2025-09-19 19:01,2025-09,2025Q3,resolved,email,VR899449,VA-SP-ORB,Email Frontline,A3018,GW-OTHER,N,helpdesk,4651,85500,helpdesk_no_change
TK-245021,2025-09-19 23:55,2025-09,2025Q3,resolved,social,,VA-SP-MINI,Returns Desk,A3037,RETURN-QC-OK,N,helpdesk,4657,237400,helpdesk_no_change
TK-245039,2025-09-20 20:48,2025-09,2025Q3,resolved,email,VR907181,VA-EB-PL2,Email Frontline,A3018,CANCEL,N,helpdesk,4671,297400,helpdesk_no_change
TK-245040,2025-09-20 22:35,2025-09,2025Q3,resolved,email,,VA-SW-NX2,Returns Desk,A3038,RETURN-QC-OK,N,helpdesk,4672,52000,helpdesk_no_change
TK-245047,2025-09-21 09:38,2025-09,2025Q3,resolved,email,VR884812,VA-EB-PL2,Returns Desk,A3037,RETURN-QC-OK,N,helpdesk,4678,29700,helpdesk_no_change
TK-245048,2025-09-21 09:39,2025-09,2025Q3,resolved,chat,VR891232,VA-HP-ST3,Billing,A3034,GW-OTHER,N,helpdesk,4679,699900,helpdesk_no_change
TK-245050,2025-09-21 10:34,2025-09,2025Q3,resolved,voice,VR904191,VA-EB-PL2,Voice Frontline,A3024,WTY-BUYBACK,N,helpdesk,4680,70000,helpdesk_no_change
TK-245058,2025-09-21 20:11,2025-09,2025Q3,closed,email,VR881405,VA-EB-AIR,Email Frontline,A3018,DOA-REPL,N,helpdesk,4688,143900,helpdesk_no_change
TK-245069,2025-09-22 09:31,2025-09,2025Q3,resolved,email,VR898376,VA-EB-PL2,Billing,A3035,GW-OTHER,N,helpdesk,4697,349900,helpdesk_no_change
TK-245071,2025-09-22 10:32,2025-09,2025Q3,pending,chat,,VA-EB-PL2,Billing,A3032,GW-OTHER,N,helpdesk,4698,279900,helpdesk_no_change
TK-245076,2025-09-22 12:56,2025-09,2025Q3,resolved,email,,VA-SP-ORB,Email Frontline,A3018,LOST-TRANSIT,N,helpdesk,4703,599900,helpdesk_no_change
TK-245079,2025-09-22 16:13,2025-09,2025Q3,open,chat,,VA-SW-NX2,Billing,A3035,DUP-PAYMENT,N,helpdesk,4705,552400,helpdesk_no_change
TK-245083,2025-09-22 18:18,2025-09,2025Q3,resolved,email,VR897819,VA-SP-MINI,Billing,A3035,GW-OTHER,N,helpdesk,4709,249900,helpdesk_no_change
TK-245084,2025-09-22 19:22,2025-09,2025Q3,pending,email,VR908566,VA-HP-ST3,Returns Desk,A3038,GW-OTHER,N,helpdesk,4710,1399800,helpdesk_no_change
TK-245092,2025-09-22 21:49,2025-09,2025Q3,open,email,VR897551,VA-EB-PL2,Logistics,A3028,GW-OTHER,N,helpdesk,4716,297400,helpdesk_no_change
TK-245112,2025-09-23 14:27,2025-09,2025Q3,resolved,voice,,VA-HP-ST3,Voice Frontline,A3026,GW-OTHER,N,helpdesk,4729,629900,helpdesk_no_change
TK-245113,2025-09-23 14:28,2025-09,2025Q3,resolved,email,VR897046,VA-SW-NX1,Email Frontline,A3018,DOA-REPL,N,helpdesk,4730,499900,helpdesk_no_change
TK-245125,2025-09-24 08:44,2025-09,2025Q3,resolved,chat,VR884998,VA-AC-CH65,Chat Frontline,A3006,DUP-PAYMENT,N,helpdesk,4741,149900,helpdesk_no_change
TK-245129,2025-09-24 12:28,2025-09,2025Q3,resolved,chat,VR892440,VA-SW-NX2,Chat Frontline,A3013,PRICE-ADJ,N,helpdesk,4744,552400,helpdesk_no_change
TK-245132,2025-09-24 14:04,2025-09,2025Q3,resolved,voice,VR901075,VA-EB-AIR,Voice Frontline,A3026,DUP-PAYMENT,N,helpdesk,4747,143900,helpdesk_no_change
TK-245136,2025-09-24 16:32,2025-09,2025Q3,resolved,email,VR880579,VA-EB-PL2,Returns Desk,A3036,GW-OTHER,N,helpdesk,4751,148700,helpdesk_no_change
TK-245137,2025-09-24 17:44,2025-09,2025Q3,resolved,chat,VR881725,VA-NB-ARC,Chat Frontline,A3015,GW-OTHER,N,helpdesk,4752,52000,helpdesk_no_change
TK-245140,2025-09-24 20:41,2025-09,2025Q3,resolved,voice,VR880658,VA-EB-PL2,Returns Desk,A3036,GW-OTHER,N,helpdesk,4755,70000,helpdesk_no_change
TK-245141,2025-09-24 20:52,2025-09,2025Q3,resolved,email,VR907463,VA-HP-ST3,Logistics,A3028,GW-OTHER,N,helpdesk,4756,699900,helpdesk_no_change
TK-245158,2025-09-25 12:57,2025-09,2025Q3,resolved,social,,VA-SW-NX2,Returns Desk,A3036,RETURN-QC-OK,N,helpdesk,4767,649900,helpdesk_no_change
TK-245160,2025-09-25 15:02,2025-09,2025Q3,resolved,chat,VR880286,VA-SP-MINI,Returns Desk,A3036,GW-OTHER,N,helpdesk,4769,199900,helpdesk_no_change
TK-245163,2025-09-25 15:12,2025-09,2025Q3,resolved,email,,VA-EB-PL2,Logistics,A3030,GW-OTHER,N,helpdesk,4771,279900,helpdesk_no_change
TK-245197,2025-09-26 13:03,2025-09,2025Q3,resolved,voice,VR906567,VA-SW-NX1,Escalations & Warranty,A3043,WTY-BUYBACK,N,helpdesk,4795,499900,helpdesk_no_change
TK-245204,2025-09-26 16:59,2025-09,2025Q3,resolved,email,VR892440,VA-SW-NX2,Returns Desk,A3036,GW-OTHER,N,helpdesk,4800,552400,helpdesk_no_change
TK-245209,2025-09-26 19:37,2025-09,2025Q3,resolved,voice,,VA-AC-CASE,Billing,A3035,GW-OTHER,N,helpdesk,4804,103900,helpdesk_no_change
TK-245214,2025-09-27 07:31,2025-09,2025Q3,resolved,email,VR909523,VA-EB-PL2,Billing,A3034,DUP-PAYMENT,N,helpdesk,4809,52500,helpdesk_no_change
TK-245216,2025-09-27 08:10,2025-09,2025Q3,resolved,voice,VR900133,VA-HP-ST2,Returns Desk,A3037,GW-OTHER,N,helpdesk,4810,499900,helpdesk_no_change
TK-245217,2025-09-27 09:07,2025-09,2025Q3,open,chat,,VA-SW-NX2,Chat Frontline,A3006,CANCEL,N,helpdesk,4811,519900,helpdesk_no_change
TK-245228,2025-09-27 11:25,2025-09,2025Q3,resolved,chat,VR909232,VA-EB-PL1,Billing,A3033,DUP-PAYMENT,N,helpdesk,4819,125000,helpdesk_no_change
TK-245232,2025-09-27 11:34,2025-09,2025Q3,resolved,voice,,VA-EB-PL2,Returns Desk,A3038,GW-OTHER,N,helpdesk,4821,349900,helpdesk_no_change
TK-245244,2025-09-27 14:48,2025-09,2025Q3,pending,email,,VA-SW-FIT,Returns Desk,A3036,GW-OTHER,N,helpdesk,4831,199900,helpdesk_no_change
TK-245256,2025-09-27 19:50,2025-09,2025Q3,resolved,chat,,VA-SW-NX2,Chat Frontline,A3015,GW-OTHER,Y,helpdesk,4840,617400,helpdesk_no_change
TK-245259,2025-09-27 21:12,2025-09,2025Q3,resolved,email,VR897944,VA-EB-PL2,Returns Desk,A3038,RETURN-QC-OK,N,helpdesk,4842,349900,helpdesk_no_change
TK-245260,2025-09-28 01:27,2025-09,2025Q3,resolved,email,,VA-NB-ARC,Email Frontline,A3002,GW-OTHER,N,helpdesk,4843,123400,helpdesk_no_change
TK-245264,2025-09-28 08:10,2025-09,2025Q3,resolved,email,,VA-AC-CASE,Email Frontline,A3022,DUP-PAYMENT,N,helpdesk,4845,103900,helpdesk_no_change
TK-245265,2025-09-28 08:42,2025-09,2025Q3,closed,social,VR908934,VA-EB-PL2,Returns Desk,A3037,GW-OTHER,N,helpdesk,4846,349900,helpdesk_no_change
TK-245266,2025-09-28 09:38,2025-09,2025Q3,resolved,chat,,VA-SP-MINI,Logistics,A3028,GW-OTHER,N,helpdesk,4847,199900,helpdesk_no_change
TK-245269,2025-09-28 10:08,2025-09,2025Q3,resolved,voice,,VA-EB-PL2,Billing,A3032,RETURN-QC-OK,N,helpdesk,4849,70000,helpdesk_no_change
TK-245272,2025-09-28 14:01,2025-09,2025Q3,resolved,chat,VR898820,VA-SW-NX2,Chat Frontline,A3005,CANCEL,N,helpdesk,4852,617400,helpdesk_no_change
TK-245274,2025-09-28 15:05,2025-09,2025Q3,resolved,voice,VR890575,VA-SW-NX1,Returns Desk,A3029,GW-OTHER,N,helpdesk,4853,999800,helpdesk_no_change
TK-245280,2025-09-28 18:48,2025-09,2025Q3,resolved,email,,VA-SP-MINI,Returns Desk,A3037,RETURN-QC-OK,N,helpdesk,4857,237400,helpdesk_no_change
TK-245282,2025-09-28 19:22,2025-09,2025Q3,resolved,email,VR884262,VA-EB-AIR,Email Frontline,A3016,GW-OTHER,N,helpdesk,4858,179900,helpdesk_no_change
TK-245283,2025-09-28 19:27,2025-09,2025Q3,resolved,email,,VA-SW-NX2,Escalations & Warranty,A3039,DOA-REPL,N,helpdesk,4859,617400,helpdesk_no_change
TK-245288,2025-09-28 20:11,2025-09,2025Q3,resolved,email,VR902530,VA-HP-ST3,Billing,A3032,DUP-PAYMENT,N,helpdesk,4863,70000,helpdesk_no_change
TK-245289,2025-09-28 20:38,2025-09,2025Q3,resolved,chat,,VA-EB-PL2,Chat Frontline,A3039,GW-OTHER,Y,helpdesk,4864,349900,helpdesk_no_change
TK-245305,2025-09-29 12:08,2025-09,2025Q3,closed,social,VR885289,VA-HP-ST3,Escalations & Warranty,A3039,DOA-REPL,N,helpdesk,4875,699900,helpdesk_no_change
TK-245306,2025-09-29 12:43,2025-09,2025Q3,resolved,chat,VR904043,VA-EB-PL1,Billing,A3032,GW-OTHER,N,helpdesk,4876,249900,helpdesk_no_change
TK-245307,2025-09-29 12:59,2025-09,2025Q3,resolved,chat,,VA-SP-ORB,Returns Desk,A3038,GW-OTHER,N,helpdesk,4877,569900,helpdesk_no_change
TK-245319,2025-09-29 18:14,2025-09,2025Q3,resolved,email,,VA-NB-ARC,Logistics,A3031,GW-OTHER,N,helpdesk,4886,129900,helpdesk_no_change
TK-245322,2025-09-29 19:12,2025-09,2025Q3,resolved,voice,VR902018,VA-HP-ST2,Billing,A3035,DUP-PAYMENT,N,helpdesk,4889,449900,helpdesk_no_change
TK-245325,2025-09-29 21:09,2025-09,2025Q3,resolved,chat,,VA-SW-NX2,Billing,A3035,DUP-PAYMENT,N,helpdesk,4892,552400,helpdesk_no_change
TK-245326,2025-09-29 23:20,2025-09,2025Q3,resolved,email,VR888288,VA-HP-ST3,Escalations & Warranty,A3039,GW-OTHER,N,helpdesk,4893,699900,helpdesk_no_change
TK-245331,2025-09-30 05:20,2025-09,2025Q3,resolved,chat,,VA-EB-PL2,Billing,A3033,DUP-PAYMENT,N,helpdesk,4897,297400,helpdesk_no_change
TK-245336,2025-09-30 10:48,2025-09,2025Q3,resolved,email,VR902384,VA-EB-PL1,Email Frontline,A3018,GW-OTHER,N,helpdesk,4901,237400,helpdesk_no_change
TK-245341,2025-09-30 14:49,2025-09,2025Q3,resolved,email,VR907588,VA-SW-NX2,Returns Desk,A3036,DOA-REPL,N,helpdesk,4906,617400,helpdesk_no_change
TK-245345,2025-09-30 15:56,2025-09,2025Q3,resolved,email,,VA-EB-PL2,Returns Desk,A3036,GW-OTHER,N,helpdesk,4909,44600,helpdesk_no_change
TK-245356,2025-09-30 20:23,2025-09,2025Q3,resolved,email,VR908638,VA-EB-PL2,Logistics,A3027,GW-OTHER,Y,helpdesk,4919,279900,helpdesk_no_change
TK-245361,2025-09-30 20:42,2025-09,2025Q3,resolved,voice,VR882186,VA-EB-PL1,Voice Frontline,A3026,WTY-BUYBACK,Y,helpdesk,4922,249900,helpdesk_no_change
TK-245364,2025-10-01 00:13,2025-10,2025Q4,open,chat,VR903252,VA-HP-ST3,Billing,A3033,DUP-PAYMENT,N,helpdesk,4924,664900,helpdesk_no_change
TK-245367,2025-10-01 09:56,2025-10,2025Q4,resolved,chat,VR887334,VA-SW-NX2,Returns Desk,A3038,RETURN-QC-OK,N,helpdesk,4926,65000,helpdesk_no_change
TK-245378,2025-10-01 14:32,2025-10,2025Q4,resolved,chat,VR882943,VA-AC-CASE,Billing,A3035,DUP-PAYMENT,N,helpdesk,4935,129900,helpdesk_no_change
TK-245381,2025-10-01 16:23,2025-10,2025Q4,resolved,chat,VR882898,VA-SP-MINI,Logistics,A3030,GW-OTHER,N,helpdesk,4938,224900,helpdesk_no_change
TK-245382,2025-10-01 16:37,2025-10,2025Q4,closed,social,VR906334,VA-EB-AIR,Billing,A3035,GW-OTHER,N,helpdesk,4939,21600,helpdesk_no_change
TK-245388,2025-10-01 19:52,2025-10,2025Q4,closed,chat,VR908050,VA-EB-PL1,Chat Frontline,A3005,GW-OTHER,N,helpdesk,4945,249900,helpdesk_no_change
TK-245406,2025-10-02 19:40,2025-10,2025Q4,resolved,voice,VR906037,VA-SW-FIT,Returns Desk,A3036,GW-OTHER,N,helpdesk,4959,199900,helpdesk_no_change
TK-245407,2025-10-02 20:17,2025-10,2025Q4,resolved,chat,VR883275,VA-AC-CBL,Logistics,A3030,GW-OTHER,N,helpdesk,4960,37900,helpdesk_no_change
TK-245408,2025-10-02 20:20,2025-10,2025Q4,closed,chat,VR881621,VA-HP-ST2,Chat Frontline,A3004,WTY-BUYBACK,N,helpdesk,4961,399900,helpdesk_no_change
TK-245411,2025-10-02 21:55,2025-10,2025Q4,resolved,chat,,VA-SW-NX2,Returns Desk,A3038,GW-OTHER,N,helpdesk,4963,649900,helpdesk_no_change
TK-245413,2025-10-02 22:22,2025-10,2025Q4,resolved,chat,VR899026,VA-SW-NX2,Chat Frontline,A3016,PRICE-ADJ,N,helpdesk,4965,617400,helpdesk_no_change
TK-245423,2025-10-03 12:03,2025-10,2025Q4,resolved,email,VR904281,VA-EB-PL2,Returns Desk,A3036,GW-OTHER,Y,helpdesk,4973,332400,helpdesk_no_change
TK-245424,2025-10-03 12:36,2025-10,2025Q4,resolved,voice,,VA-EB-PL2,Billing,A3032,GW-OTHER,N,helpdesk,4974,332400,helpdesk_no_change
TK-245437,2025-10-03 16:30,2025-10,2025Q4,resolved,voice,VR885023,VA-SW-FIT,Returns Desk,A3036,RETURN-QC-OK,N,helpdesk,4982,20000,helpdesk_no_change
TK-245440,2025-10-03 18:18,2025-10,2025Q4,resolved,email,VR880289,VA-HP-ST3,Email Frontline,A3001,GW-OTHER,N,helpdesk,4984,699900,helpdesk_no_change
TK-245442,2025-10-03 19:21,2025-10,2025Q4,resolved,email,,VA-EB-PL2,Email Frontline,A3018,WTY-BUYBACK,N,helpdesk,4985,47200,helpdesk_no_change
TK-245443,2025-10-03 20:40,2025-10,2025Q4,resolved,voice,VR901075,VA-EB-AIR,Returns Desk,A3038,GW-OTHER,N,helpdesk,4986,28800,helpdesk_no_change
TK-245457,2025-10-04 09:57,2025-10,2025Q4,resolved,email,VR904712,VA-EB-PL1,Returns Desk,A3038,RETURN-QC-OK,N,helpdesk,4997,45000,helpdesk_no_change
TK-245466,2025-10-04 12:40,2025-10,2025Q4,resolved,chat,VR885673,VA-EB-PL1,Billing,A3033,DUP-PAYMENT,N,helpdesk,5003,249900,helpdesk_no_change
TK-245478,2025-10-04 20:11,2025-10,2025Q4,pending,voice,VR905334,VA-SW-FIT,Voice Frontline,A3026,DOA-REPL,Y,helpdesk,5012,199900,helpdesk_no_change
TK-245480,2025-10-04 22:44,2025-10,2025Q4,resolved,chat,,VA-EB-PL2,Chat Frontline,A3017,CANCEL,N,helpdesk,5014,332400,helpdesk_no_change
TK-245486,2025-10-05 10:49,2025-10,2025Q4,resolved,email,,VA-EB-PL2,Billing,A3032,DUP-PAYMENT,N,helpdesk,5020,332400,helpdesk_no_change
TK-245488,2025-10-05 13:54,2025-10,2025Q4,closed,voice,VR890034,VA-HP-ST3,Voice Frontline,A3026,GW-OTHER,N,helpdesk,5022,1189800,helpdesk_no_change
TK-245492,2025-10-05 17:06,2025-10,2025Q4,resolved,email,VR909187,VA-EB-PL2,Returns Desk,A3037,RETURN-QC-OK,N,helpdesk,5025,699800,helpdesk_no_change
TK-245494,2025-10-05 17:27,2025-10,2025Q4,resolved,social,VR888615,VA-EB-PL2,Billing,A3035,GW-OTHER,N,helpdesk,5026,349900,helpdesk_no_change
TK-245499,2025-10-05 19:13,2025-10,2025Q4,resolved,chat,VR880924,VA-SP-MINI,Billing,A3035,GW-OTHER,N,helpdesk,5030,249900,helpdesk_no_change
TK-245502,2025-10-05 20:03,2025-10,2025Q4,resolved,email,VR894087,VA-SP-MINI,Email Frontline,A3001,GW-OTHER,N,helpdesk,5032,212400,helpdesk_no_change
TK-245507,2025-10-06 07:21,2025-10,2025Q4,resolved,social,VR903977,VA-EB-PL2,Returns Desk,A3037,RETURN-QC-OK,N,helpdesk,5037,66500,helpdesk_no_change
TK-245509,2025-10-06 08:37,2025-10,2025Q4,resolved,social,VR896450,VA-AC-CBL,Billing,A3034,GW-OTHER,N,helpdesk,5038,3200,helpdesk_no_change
TK-245523,2025-10-06 16:10,2025-10,2025Q4,resolved,email,VR905972,VA-EB-PL2,Returns Desk,A3036,GW-OTHER,N,helpdesk,5049,35000,helpdesk_no_change
TK-245534,2025-10-07 09:57,2025-10,2025Q4,resolved,chat,VR893272,VA-EB-PL2,Returns Desk,A3037,RETURN-QC-OK,N,helpdesk,5059,349900,helpdesk_no_change
TK-245535,2025-10-07 10:13,2025-10,2025Q4,resolved,chat,VR900623,VA-SW-FIT,Escalations & Warranty,A3039,GW-OTHER,N,helpdesk,5060,159900,helpdesk_no_change
TK-245547,2025-10-07 14:20,2025-10,2025Q4,resolved,chat,VR907453,VA-EB-PL2,Returns Desk,A3036,RETURN-QC-OK,N,helpdesk,5069,63000,helpdesk_no_change
TK-245548,2025-10-07 15:44,2025-10,2025Q4,closed,email,VR892026,VA-EB-PL2,Email Frontline,A3018,GW-OTHER,N,helpdesk,5070,332400,helpdesk_no_change
TK-245553,2025-10-07 16:27,2025-10,2025Q4,resolved,voice,VR894245,VA-EB-AIR,Voice Frontline,A3026,GW-OTHER,N,helpdesk,5073,161900,helpdesk_no_change
TK-245563,2025-10-07 19:45,2025-10,2025Q4,resolved,voice,VR892649,VA-EB-PL2,Returns Desk,A3036,GW-OTHER,N,helpdesk,5079,314900,helpdesk_no_change
TK-245570,2025-10-07 23:25,2025-10,2025Q4,resolved,email,,VA-EB-AIR,Returns Desk,A3037,RETURN-QC-OK,N,helpdesk,5084,34200,helpdesk_no_change
TK-245577,2025-10-08 08:36,2025-10,2025Q4,resolved,chat,VR896055,VA-SW-NX2,Chat Frontline,A3011,GW-OTHER,N,helpdesk,5089,260000,helpdesk_no_change
TK-245582,2025-10-08 10:44,2025-10,2025Q4,resolved,chat,VR897994,VA-EB-PL2,Chat Frontline,A3010,GW-OTHER,N,helpdesk,5093,664800,helpdesk_no_change
TK-245584,2025-10-08 10:55,2025-10,2025Q4,resolved,chat,VR886701,VA-EB-PL2,Logistics,A3031,GW-OTHER,N,helpdesk,5094,332400,helpdesk_no_change
TK-245586,2025-10-08 11:23,2025-10,2025Q4,resolved,email,VR901872,VA-SW-FIT,Returns Desk,A3037,GW-OTHER,N,helpdesk,5095,90000,helpdesk_no_change
TK-245589,2025-10-08 11:56,2025-10,2025Q4,resolved,chat,VR899855,VA-EB-PL1,Logistics,A3028,GW-OTHER,N,helpdesk,5098,237400,helpdesk_no_change
TK-245590,2025-10-08 12:05,2025-10,2025Q4,resolved,email,VR902326,VA-SP-MINI,Logistics,A3029,LOST-TRANSIT,N,helpdesk,5099,249900,helpdesk_no_change
TK-245606,2025-10-08 16:36,2025-10,2025Q4,closed,chat,,VA-EB-PL2,Chat Frontline,A3005,DUP-PAYMENT,N,helpdesk,5110,332400,helpdesk_no_change
TK-245607,2025-10-08 17:03,2025-10,2025Q4,resolved,chat,VR895888,VA-EB-PL2,Returns Desk,A3036,GW-OTHER,N,helpdesk,5111,349900,helpdesk_no_change
TK-245610,2025-10-08 18:57,2025-10,2025Q4,resolved,voice,,VA-EB-PL1,Billing,A3035,PRICE-ADJ,N,helpdesk,5114,37500,helpdesk_no_change
TK-245625,2025-10-09 09:14,2025-10,2025Q4,resolved,chat,VR890253,VA-SW-NX1,Billing,A3034,GW-OTHER,N,helpdesk,5125,499900,helpdesk_no_change
TK-245629,2025-10-09 13:53,2025-10,2025Q4,resolved,chat,,VA-EB-PL2,Chat Frontline,A3009,GW-OTHER,N,helpdesk,5128,349900,helpdesk_no_change
TK-245644,2025-10-10 00:42,2025-10,2025Q4,resolved,chat,VR887755,VA-EB-PL2,Billing,A3032,DUP-PAYMENT,N,helpdesk,5141,297400,helpdesk_no_change
TK-245659,2025-10-10 15:44,2025-10,2025Q4,resolved,voice,VR887334,VA-SW-NX2,Voice Frontline,A3026,CANCEL,N,helpdesk,5152,649900,helpdesk_no_change
TK-245664,2025-10-10 17:04,2025-10,2025Q4,resolved,voice,VR886088,VA-AC-CH65,Billing,A3035,GW-OTHER,N,helpdesk,5155,142400,helpdesk_no_change
TK-245670,2025-10-10 21:43,2025-10,2025Q4,resolved,email,,VA-EB-PL2,Email Frontline,A3017,CANCEL,N,helpdesk,5160,314900,helpdesk_no_change
TK-245672,2025-10-10 22:29,2025-10,2025Q4,resolved,social,VR891256,VA-EB-PL2,Chat Frontline,A3017,WTY-BUYBACK,N,helpdesk,5161,349900,helpdesk_no_change
TK-245685,2025-10-11 12:12,2025-10,2025Q4,resolved,chat,VR909092,VA-EB-PL2,Logistics,A3027,RETURN-QC-OK,N,helpdesk,5170,349900,helpdesk_no_change
TK-245687,2025-10-11 12:37,2025-10,2025Q4,closed,social,VR907494,VA-AC-CH65,Chat Frontline,A3012,DUP-PAYMENT,N,helpdesk,5172,149900,helpdesk_no_change
TK-245697,2025-10-11 19:11,2025-10,2025Q4,resolved,chat,VR896105,VA-EB-AIR,Logistics,A3030,GW-OTHER,N,helpdesk,5181,152900,helpdesk_no_change
TK-245705,2025-10-11 21:43,2025-10,2025Q4,resolved,email,VR880827,VA-EB-PL1,Email Frontline,A3002,GW-OTHER,Y,helpdesk,5186,424800,helpdesk_no_change
TK-245708,2025-10-12 00:25,2025-10,2025Q4,resolved,chat,VR894340,VA-EB-PL1,Returns Desk,A3038,RETURN-QC-OK,N,helpdesk,5188,224900,helpdesk_no_change
TK-245710,2025-10-12 09:53,2025-10,2025Q4,resolved,email,VR895424,VA-SP-ORB,Email Frontline,A3020,CANCEL,N,helpdesk,5190,539900,helpdesk_no_change
TK-245716,2025-10-12 13:07,2025-10,2025Q4,closed,chat,,VA-EB-PL2,Billing,A3032,GW-OTHER,N,helpdesk,5196,166200,helpdesk_no_change
TK-245721,2025-10-12 15:54,2025-10,2025Q4,closed,chat,VR909784,VA-EB-PL2,Billing,A3035,DUP-PAYMENT,N,helpdesk,5200,52500,helpdesk_no_change
TK-245734,2025-10-12 20:30,2025-10,2025Q4,resolved,chat,VR899518,VA-SW-FIT,Billing,A3009,CANCEL,N,helpdesk,5208,169900,helpdesk_no_change
TK-245743,2025-10-12 23:46,2025-10,2025Q4,resolved,chat,VR885673,VA-EB-PL1,Billing,A3034,GW-OTHER,N,helpdesk,5215,249900,helpdesk_no_change
TK-245745,2025-10-13 01:26,2025-10,2025Q4,resolved,email,,VA-HP-ST3,Logistics,A3002,GW-OTHER,N,helpdesk,5216,699900,helpdesk_no_change
TK-245750,2025-10-13 09:46,2025-10,2025Q4,resolved,voice,VR909479,VA-EB-PL2,Voice Frontline,A3023,GW-OTHER,N,helpdesk,5220,699800,helpdesk_no_change
TK-245757,2025-10-13 12:18,2025-10,2025Q4,closed,email,VR892988,VA-EB-PL1,Billing,A3032,GW-OTHER,N,helpdesk,5225,237400,helpdesk_no_change
TK-245764,2025-10-13 15:20,2025-10,2025Q4,resolved,chat,VR884005,VA-EB-PL2,Returns Desk,A3036,GW-OTHER,N,helpdesk,5230,314900,helpdesk_no_change
TK-245767,2025-10-13 15:44,2025-10,2025Q4,resolved,chat,,VA-EB-PL1,Billing,A3035,DUP-PAYMENT,N,helpdesk,5232,35600,helpdesk_no_change
TK-245774,2025-10-13 18:30,2025-10,2025Q4,resolved,chat,VR898999,VA-NB-ARC,Logistics,A3032,LOST-TRANSIT,N,helpdesk,5237,65000,helpdesk_no_change
TK-245777,2025-10-13 19:32,2025-10,2025Q4,resolved,voice,VR902885,VA-EB-PL1,Returns Desk,A3036,GW-OTHER,Y,helpdesk,5239,249900,helpdesk_no_change
TK-245784,2025-10-13 22:28,2025-10,2025Q4,closed,email,VR890218,VA-NB-ARC,Billing,A3034,DUP-PAYMENT,N,helpdesk,5244,129900,helpdesk_no_change
TK-245787,2025-10-14 07:26,2025-10,2025Q4,resolved,email,VR883923,VA-SW-NX2,Billing,A3033,DUP-PAYMENT,N,helpdesk,5247,552400,helpdesk_no_change
TK-245792,2025-10-14 11:49,2025-10,2025Q4,resolved,email,VR895460,VA-EB-PL2,Billing,A3035,GW-OTHER,N,helpdesk,5251,157400,helpdesk_no_change
TK-245793,2025-10-14 11:56,2025-10,2025Q4,resolved,email,VR881924,VA-EB-PL2,Billing,A3032,GW-OTHER,N,helpdesk,5252,664800,helpdesk_no_change
TK-245796,2025-10-14 13:32,2025-10,2025Q4,resolved,email,VR887516,VA-EB-PL1,Email Frontline,A3018,DUP-PAYMENT,N,helpdesk,5255,199900,helpdesk_no_change
TK-245806,2025-10-14 18:27,2025-10,2025Q4,resolved,chat,VR891639,VA-SP-MINI,Logistics,A3017,GW-OTHER,N,helpdesk,5264,199900,helpdesk_no_change
TK-245822,2025-10-15 07:45,2025-10,2025Q4,resolved,chat,VR892231,VA-SW-NX1,Chat Frontline,A3032,CANCEL,N,helpdesk,5277,200000,helpdesk_no_change
TK-245823,2025-10-15 09:01,2025-10,2025Q4,resolved,email,VR883414,VA-SP-ORB,Returns Desk,A3038,RETURN-QC-OK,N,helpdesk,5278,539900,helpdesk_no_change
TK-245827,2025-10-15 10:04,2025-10,2025Q4,open,email,,VA-EB-PL2,Billing,A3032,DUP-PAYMENT,N,helpdesk,5281,314900,helpdesk_no_change
TK-245830,2025-10-15 10:35,2025-10,2025Q4,resolved,email,,VA-EB-AIR,Returns Desk,A3036,GW-OTHER,N,helpdesk,5283,179900,helpdesk_no_change
TK-245838,2025-10-15 13:28,2025-10,2025Q4,resolved,email,,VA-EB-PL2,Logistics,A3030,GW-OTHER,N,helpdesk,5289,349900,helpdesk_no_change
TK-245840,2025-10-15 13:41,2025-10,2025Q4,resolved,email,VR883597,VA-HP-ST3,Returns Desk,A3036,RETURN-QC-OK,N,helpdesk,5290,699900,helpdesk_no_change
TK-245841,2025-10-15 13:46,2025-10,2025Q4,resolved,chat,,VA-SP-MINI,Billing,A3032,DUP-PAYMENT,N,helpdesk,5291,31900,helpdesk_no_change
TK-245846,2025-10-15 15:55,2025-10,2025Q4,resolved,chat,VR881924,VA-EB-PL2,Returns Desk,A3036,GW-OTHER,N,helpdesk,5295,664800,helpdesk_no_change
TK-245871,2025-10-16 06:26,2025-10,2025Q4,resolved,chat,,VA-HP-ST3,Logistics,A3028,GW-OTHER,N,helpdesk,5315,699900,helpdesk_no_change
TK-245875,2025-10-16 11:37,2025-10,2025Q4,resolved,chat,VR900676,VA-NB-ARC,Billing,A3032,GW-OTHER,N,helpdesk,5319,129900,helpdesk_no_change
TK-245880,2025-10-16 14:17,2025-10,2025Q4,resolved,email,VR908895,VA-EB-PL2,Returns Desk,A3036,GW-OTHER,N,helpdesk,5323,297400,helpdesk_no_change
TK-245888,2025-10-16 19:23,2025-10,2025Q4,closed,chat,VR882093,VA-EB-PL2,Logistics,A3030,GW-OTHER,N,helpdesk,5328,56000,helpdesk_no_change
TK-245902,2025-10-17 10:10,2025-10,2025Q4,resolved,chat,,VA-EB-PL2,Logistics,A3031,GW-OTHER,N,helpdesk,5340,314900,helpdesk_no_change
TK-245903,2025-10-17 10:14,2025-10,2025Q4,resolved,chat,,VA-HP-ST3,Logistics,A3005,GW-OTHER,N,helpdesk,5341,559900,helpdesk_no_change
TK-245910,2025-10-17 11:36,2025-10,2025Q4,resolved,voice,,VA-SP-ORB,Voice Frontline,A3023,GW-OTHER,N,helpdesk,5346,539900,helpdesk_no_change
TK-245918,2025-10-17 14:44,2025-10,2025Q4,resolved,chat,VR883591,VA-EB-AIR,Billing,A3035,DUP-PAYMENT,N,helpdesk,5353,179900,helpdesk_no_change
TK-245927,2025-10-17 17:53,2025-10,2025Q4,resolved,chat,,VA-EB-PL2,Chat Frontline,A3004,CANCEL,N,helpdesk,5359,332400,helpdesk_no_change
TK-245928,2025-10-17 19:13,2025-10,2025Q4,resolved,email,VR895135,VA-AC-CH65,Email Frontline,A3018,DUP-PAYMENT,N,helpdesk,5360,149900,helpdesk_no_change
TK-245935,2025-10-17 22:57,2025-10,2025Q4,pending,social,VR903870,VA-HP-ST3,Billing,A3034,DUP-PAYMENT,N,helpdesk,5365,140000,helpdesk_no_change
TK-245941,2025-10-18 11:13,2025-10,2025Q4,closed,social,,VA-AC-CBL,Chat Frontline,A3010,CANCEL,N,helpdesk,5370,4000,helpdesk_no_change
TK-245943,2025-10-18 14:07,2025-10,2025Q4,resolved,chat,VR905886,VA-EB-PL2,Returns Desk,A3036,GW-OTHER,N,helpdesk,5372,699800,helpdesk_no_change
TK-245945,2025-10-18 14:14,2025-10,2025Q4,resolved,email,VR888154,VA-EB-PL2,Email Frontline,A3018,GW-OTHER,N,helpdesk,5373,349900,helpdesk_no_change
TK-245968,2025-10-18 21:40,2025-10,2025Q4,resolved,chat,VR884350,VA-EB-PL2,Logistics,A3030,CANCEL,N,helpdesk,5388,349900,helpdesk_no_change
TK-245981,2025-10-19 08:39,2025-10,2025Q4,resolved,chat,,VA-EB-PL1,Logistics,A3029,GW-OTHER,N,helpdesk,5398,237400,helpdesk_no_change
TK-245994,2025-10-19 16:09,2025-10,2025Q4,resolved,chat,VR904844,VA-HP-ST3,Chat Frontline,A3012,GW-OTHER,N,helpdesk,5409,594900,helpdesk_no_change
TK-246000,2025-10-19 19:45,2025-10,2025Q4,closed,chat,,VA-EB-PL2,Billing,A3035,DUP-PAYMENT,N,helpdesk,5414,49900,helpdesk_no_change
TK-246001,2025-10-19 19:58,2025-10,2025Q4,resolved,email,VR884847,VA-EB-PL1,Returns Desk,A3038,GW-OTHER,N,helpdesk,5415,249900,helpdesk_no_change
TK-246003,2025-10-19 21:33,2025-10,2025Q4,resolved,chat,,VA-HP-ST3,Billing,A3035,DUP-PAYMENT,N,helpdesk,5417,699900,helpdesk_no_change
TK-246005,2025-10-19 21:52,2025-10,2025Q4,closed,voice,VR888186,VA-HP-ST2,Voice Frontline,A3003,DOA-REPL,Y,helpdesk,5419,449900,helpdesk_no_change
TK-246015,2025-10-20 10:46,2025-10,2025Q4,closed,chat,VR890224,VA-EB-PL2,Chat Frontline,A3006,PRICE-ADJ,N,helpdesk,5426,279900,helpdesk_no_change
TK-246017,2025-10-20 11:37,2025-10,2025Q4,resolved,email,VR908631,VA-SP-ORB,Email Frontline,A3022,GW-OTHER,N,helpdesk,5427,599900,helpdesk_no_change
TK-246022,2025-10-20 12:21,2025-10,2025Q4,resolved,chat,VR905513,VA-SW-NX1,Returns Desk,A3021,GW-OTHER,N,helpdesk,5431,399900,helpdesk_no_change
TK-246028,2025-10-20 13:01,2025-10,2025Q4,resolved,email,VR891120,VA-EB-AIR,Billing,A3035,PRICE-ADJ,N,helpdesk,5435,28800,helpdesk_no_change
TK-246036,2025-10-20 18:51,2025-10,2025Q4,pending,social,VR886437,VA-SP-ORB,Billing,A3035,GW-OTHER,N,helpdesk,5442,599900,helpdesk_no_change
TK-246059,2025-10-21 12:46,2025-10,2025Q4,resolved,chat,,VA-EB-PL1,Chat Frontline,A3011,GW-OTHER,N,helpdesk,5462,125000,helpdesk_no_change
TK-246060,2025-10-21 12:51,2025-10,2025Q4,resolved,voice,,VA-EB-PL2,Escalations & Warranty,A3039,GW-OTHER,Y,helpdesk,5463,314900,helpdesk_no_change
TK-246071,2025-10-21 17:01,2025-10,2025Q4,resolved,chat,,VA-SW-FIT,Returns Desk,A3036,GW-OTHER,N,helpdesk,5471,169900,helpdesk_no_change
TK-246079,2025-10-21 21:28,2025-10,2025Q4,resolved,social,VR883838,VA-SP-MINI,Logistics,A3018,LOST-TRANSIT,N,helpdesk,5478,22500,helpdesk_no_change
TK-246093,2025-10-22 11:53,2025-10,2025Q4,resolved,social,,VA-SP-MINI,Billing,A3032,DUP-PAYMENT,N,helpdesk,5487,199900,helpdesk_no_change
TK-246095,2025-10-22 12:36,2025-10,2025Q4,closed,chat,VR900462,VA-SW-NX1,Chat Frontline,A3028,GW-OTHER,N,helpdesk,5489,225000,helpdesk_no_change
TK-246126,2025-10-22 23:12,2025-10,2025Q4,closed,email,VR899211,VA-SW-NX2,Escalations & Warranty,A3039,GW-OTHER,N,helpdesk,5511,649900,helpdesk_no_change
TK-246128,2025-10-23 00:26,2025-10,2025Q4,resolved,chat,VR891920,VA-NB-ARC,Chat Frontline,A3002,GW-OTHER,N,helpdesk,5513,55200,helpdesk_no_change
TK-246139,2025-10-23 10:41,2025-10,2025Q4,resolved,chat,VR908977,VA-EB-PL2,Chat Frontline,A3006,GW-OTHER,N,helpdesk,5522,699800,helpdesk_no_change
TK-246145,2025-10-23 11:21,2025-10,2025Q4,resolved,chat,VR903341,VA-EB-PL1,Billing,A3033,GW-OTHER,N,helpdesk,5526,249900,helpdesk_no_change
TK-246146,2025-10-23 11:46,2025-10,2025Q4,resolved,chat,VR905204,VA-EB-PL2,Billing,A3032,DUP-PAYMENT,N,helpdesk,5527,349900,helpdesk_no_change
TK-246148,2025-10-23 11:56,2025-10,2025Q4,closed,chat,,VA-SW-NX2,Returns Desk,A3038,RETURN-QC-OK,N,helpdesk,5528,649900,helpdesk_no_change
TK-246152,2025-10-23 12:12,2025-10,2025Q4,closed,voice,VR899685,VA-EB-AIR,Returns Desk,A3038,GW-OTHER,N,helpdesk,5530,179900,helpdesk_no_change
TK-246154,2025-10-23 12:35,2025-10,2025Q4,resolved,voice,VR888374,VA-HP-ST3,Billing,A3034,DUP-PAYMENT,N,helpdesk,5532,66500,helpdesk_no_change
TK-246164,2025-10-23 14:54,2025-10,2025Q4,resolved,chat,,VA-EB-PL2,Returns Desk,A3036,GW-OTHER,N,helpdesk,5538,349900,helpdesk_no_change
TK-246168,2025-10-23 15:37,2025-10,2025Q4,resolved,email,,VA-SW-FIT,Returns Desk,A3036,RETURN-QC-OK,N,helpdesk,5540,51000,helpdesk_no_change
TK-246170,2025-10-23 16:47,2025-10,2025Q4,resolved,voice,VR901110,VA-HP-ST3,Voice Frontline,A3039,GW-OTHER,Y,helpdesk,5541,699900,helpdesk_no_change
TK-246171,2025-10-23 17:19,2025-10,2025Q4,resolved,chat,VR887053,VA-EB-PL2,Logistics,A3030,GW-OTHER,Y,helpdesk,5542,349900,helpdesk_no_change
TK-246175,2025-10-23 19:13,2025-10,2025Q4,pending,voice,VR887067,VA-HP-ST3,Billing,A3035,GW-OTHER,N,helpdesk,5546,94500,helpdesk_no_change
TK-246182,2025-10-23 23:00,2025-10,2025Q4,open,email,,VA-SW-FIT,Returns Desk,A3005,RETURN-QC-OK,N,helpdesk,5551,339800,helpdesk_no_change
TK-246202,2025-10-24 16:05,2025-10,2025Q4,resolved,email,,VA-SW-FIT,Email Frontline,A3018,DUP-PAYMENT,N,helpdesk,5566,169900,helpdesk_no_change
TK-246204,2025-10-24 16:08,2025-10,2025Q4,resolved,chat,,VA-EB-PL2,Chat Frontline,A3012,DOA-REPL,N,helpdesk,5567,332400,helpdesk_no_change
TK-246226,2025-10-25 10:42,2025-10,2025Q4,resolved,email,VR902432,VA-SW-NX2,Billing,A3035,GW-OTHER,N,helpdesk,5586,649900,helpdesk_no_change
TK-246239,2025-10-25 13:52,2025-10,2025Q4,resolved,email,VR880597,VA-EB-AIR,Returns Desk,A3036,RETURN-QC-OK,N,helpdesk,5596,305800,helpdesk_no_change
TK-246242,2025-10-25 16:35,2025-10,2025Q4,closed,chat,VR883637,VA-HP-ST3,Chat Frontline,A3009,GW-OTHER,N,helpdesk,5598,140000,helpdesk_no_change
TK-246247,2025-10-25 19:00,2025-10,2025Q4,resolved,voice,VR887916,VA-SW-NX1,Logistics,A3030,GW-OTHER,N,helpdesk,5601,50000,helpdesk_no_change
TK-246252,2025-10-26 07:07,2025-10,2025Q4,resolved,email,VR884473,VA-EB-PL1,Email Frontline,A3021,CANCEL,N,helpdesk,5606,212400,helpdesk_no_change
TK-246255,2025-10-26 08:41,2025-10,2025Q4,resolved,chat,,VA-EB-PL2,Chat Frontline,A3011,CANCEL,N,helpdesk,5609,314900,helpdesk_no_change
TK-246257,2025-10-26 10:42,2025-10,2025Q4,resolved,chat,VR888215,VA-EB-AIR,Billing,A3016,GW-OTHER,N,helpdesk,5611,179900,helpdesk_no_change
TK-246262,2025-10-26 11:08,2025-10,2025Q4,resolved,email,VR899396,VA-EB-PL2,Logistics,A3029,GW-OTHER,N,helpdesk,5615,279900,helpdesk_no_change
TK-246263,2025-10-26 11:27,2025-10,2025Q4,resolved,email,VR898733,VA-SW-NX1,Billing,A3035,DUP-PAYMENT,N,helpdesk,5616,424900,helpdesk_no_change
TK-246272,2025-10-26 18:09,2025-10,2025Q4,resolved,chat,VR889564,VA-HP-ST3,Escalations & Warranty,A3042,GW-OTHER,N,helpdesk,5625,350000,helpdesk_no_change
TK-246276,2025-10-26 18:21,2025-10,2025Q4,pending,social,VR894340,VA-EB-PL1,Billing,A3035,GW-OTHER,N,helpdesk,5628,224900,helpdesk_no_change
TK-246279,2025-10-26 19:02,2025-10,2025Q4,resolved,chat,VR887516,VA-EB-PL1,Chat Frontline,A3014,GW-OTHER,Y,helpdesk,5631,199900,helpdesk_no_change
TK-246285,2025-10-26 19:53,2025-10,2025Q4,open,voice,,VA-SW-NX2,Returns Desk,A3038,RETURN-QC-OK,N,helpdesk,5635,552400,helpdesk_no_change
TK-246289,2025-10-27 06:08,2025-10,2025Q4,resolved,social,VR901288,VA-EB-PL2,Chat Frontline,A3011,GW-OTHER,N,helpdesk,5638,699800,helpdesk_no_change
TK-246290,2025-10-27 07:40,2025-10,2025Q4,resolved,chat,VR882532,VA-HP-ST3,Chat Frontline,A3010,WTY-BUYBACK,N,helpdesk,5639,664900,helpdesk_no_change
TK-246306,2025-10-27 13:50,2025-10,2025Q4,resolved,chat,,VA-EB-PL1,Billing,A3033,DUP-PAYMENT,N,helpdesk,5652,45000,helpdesk_no_change
TK-246310,2025-10-27 16:49,2025-10,2025Q4,resolved,chat,VR883368,VA-EB-PL2,Logistics,A3030,DOA-REPL,N,helpdesk,5655,349900,helpdesk_no_change
TK-246313,2025-10-27 18:56,2025-10,2025Q4,resolved,voice,,VA-SW-NX1,Billing,A3035,GW-OTHER,N,helpdesk,5658,999800,helpdesk_no_change
TK-246314,2025-10-27 19:17,2025-10,2025Q4,resolved,email,,VA-EB-PL1,Billing,A3033,DUP-PAYMENT,N,helpdesk,5659,224900,helpdesk_no_change
TK-246317,2025-10-27 20:02,2025-10,2025Q4,resolved,chat,VR880523,VA-EB-AIR,Logistics,A3030,GW-OTHER,Y,helpdesk,5661,179900,helpdesk_no_change
TK-246318,2025-10-27 20:16,2025-10,2025Q4,resolved,social,VR892018,VA-EB-PL1,Billing,A3035,CANCEL,N,helpdesk,5662,237400,helpdesk_no_change
TK-246319,2025-10-27 20:39,2025-10,2025Q4,resolved,voice,,VA-AC-CASE,Billing,A3035,DUP-PAYMENT,N,helpdesk,5663,129900,helpdesk_no_change
TK-246321,2025-10-27 21:18,2025-10,2025Q4,resolved,email,VR880129,VA-EB-PL2,Email Frontline,A3001,CANCEL,N,helpdesk,5665,297400,helpdesk_no_change
TK-246339,2025-10-28 12:57,2025-10,2025Q4,resolved,chat,VR880576,VA-SW-NX2,Billing,A3033,DUP-PAYMENT,N,helpdesk,5679,617400,helpdesk_no_change
TK-246341,2025-10-28 14:03,2025-10,2025Q4,resolved,email,VR891461,VA-EB-PL1,Returns Desk,A3036,RETURN-QC-OK,N,helpdesk,5681,499800,helpdesk_no_change
TK-246344,2025-10-28 14:18,2025-10,2025Q4,resolved,email,VR881866,VA-EB-PL2,Billing,A3032,GW-OTHER,N,helpdesk,5683,349900,helpdesk_no_change
TK-246349,2025-10-28 15:00,2025-10,2025Q4,resolved,chat,,VA-SP-MINI,Chat Frontline,A3009,CANCEL,N,helpdesk,5687,224900,helpdesk_no_change
TK-246352,2025-10-28 16:11,2025-10,2025Q4,pending,email,,VA-EB-PL2,Email Frontline,A3016,CANCEL,N,helpdesk,5690,175000,helpdesk_no_change
TK-246354,2025-10-28 17:20,2025-10,2025Q4,resolved,email,,VA-EB-PL2,Returns Desk,A3036,GW-OTHER,N,helpdesk,5692,279900,helpdesk_no_change
TK-246357,2025-10-28 18:25,2025-10,2025Q4,resolved,chat,,VA-EB-AIR,Billing,A3035,GW-OTHER,N,helpdesk,5694,179900,helpdesk_no_change
TK-246358,2025-10-28 19:49,2025-10,2025Q4,resolved,voice,VR897102,VA-EB-AIR,Billing,A3036,GW-OTHER,N,helpdesk,5695,179900,helpdesk_no_change
TK-246362,2025-10-28 20:19,2025-10,2025Q4,resolved,social,VR882653,VA-EB-PL2,Billing,A3035,DUP-PAYMENT,N,helpdesk,5698,70000,helpdesk_no_change
TK-246379,2025-10-29 12:30,2025-10,2025Q4,resolved,chat,,VA-HP-ST3,Chat Frontline,A3033,GW-OTHER,N,helpdesk,5712,1189800,helpdesk_no_change
TK-246391,2025-10-29 16:50,2025-10,2025Q4,resolved,email,,VA-EB-PL2,Email Frontline,A3017,GW-OTHER,N,helpdesk,5723,314900,helpdesk_no_change
TK-246395,2025-10-29 20:10,2025-10,2025Q4,resolved,email,VR889622,VA-AC-CH65,Billing,A3034,DUP-PAYMENT,N,helpdesk,5727,22500,helpdesk_no_change
TK-246398,2025-10-29 20:57,2025-10,2025Q4,closed,chat,VR887832,VA-SP-ORB,Logistics,A3030,DOA-REPL,N,helpdesk,5730,569900,helpdesk_no_change
TK-246399,2025-10-29 21:28,2025-10,2025Q4,resolved,social,VR906303,VA-SP-MINI,Billing,A3035,GW-OTHER,N,helpdesk,5731,199900,helpdesk_no_change
TK-246405,2025-10-30 02:38,2025-10,2025Q4,resolved,chat,,VA-HP-ST3,Escalations & Warranty,A3039,GW-OTHER,N,helpdesk,5736,664900,helpdesk_no_change
TK-246408,2025-10-30 09:06,2025-10,2025Q4,resolved,chat,,VA-NB-ARC,Returns Desk,A3038,GW-OTHER,N,helpdesk,5739,103900,helpdesk_no_change
TK-246412,2025-10-30 10:33,2025-10,2025Q4,resolved,chat,VR899489,VA-EB-AIR,Billing,A3032,GW-OTHER,N,helpdesk,5741,179900,helpdesk_no_change
TK-246413,2025-10-30 10:40,2025-10,2025Q4,resolved,voice,VR896355,VA-HP-ST2,Returns Desk,A3037,RETURN-QC-OK,N,helpdesk,5742,424900,helpdesk_no_change
TK-246415,2025-10-30 12:05,2025-10,2025Q4,closed,email,,VA-EB-PL2,Billing,A3035,GW-OTHER,N,helpdesk,5744,314900,helpdesk_no_change
TK-246424,2025-10-30 15:15,2025-10,2025Q4,resolved,social,VR885392,VA-SW-NX2,Chat Frontline,A3009,DUP-PAYMENT,N,helpdesk,5751,97500,helpdesk_no_change
TK-246427,2025-10-30 15:53,2025-10,2025Q4,resolved,email,VR896141,VA-EB-PL1,Billing,A3035,DUP-PAYMENT,N,helpdesk,5753,224900,helpdesk_no_change
TK-246431,2025-10-30 17:00,2025-10,2025Q4,resolved,email,VR887925,VA-EB-PL2,Email Frontline,A3018,GW-OTHER,N,helpdesk,5755,140000,helpdesk_no_change
TK-246432,2025-10-30 17:15,2025-10,2025Q4,resolved,voice,,VA-AC-CASE,Billing,A3035,DUP-PAYMENT,N,helpdesk,5756,103900,helpdesk_no_change
TK-246444,2025-10-31 06:50,2025-10,2025Q4,resolved,chat,,VA-EB-PL2,Billing,A3034,GW-OTHER,N,helpdesk,5765,49900,helpdesk_no_change
TK-246451,2025-10-31 10:59,2025-10,2025Q4,resolved,social,VR892139,VA-EB-AIR,Logistics,A3030,DOA-REPL,N,helpdesk,5771,81000,helpdesk_no_change
TK-246460,2025-10-31 15:57,2025-10,2025Q4,resolved,email,VR905367,VA-EB-PL2,Returns Desk,A3038,RETURN-QC-OK,N,helpdesk,5779,349900,helpdesk_no_change
TK-246462,2025-10-31 16:12,2025-10,2025Q4,resolved,chat,VR887348,VA-EB-PL2,Billing,A3035,GW-OTHER,N,helpdesk,5780,279900,helpdesk_no_change
TK-246465,2025-10-31 17:12,2025-10,2025Q4,closed,voice,VR902120,VA-SW-NX2,Returns Desk,A3036,RETURN-QC-OK,N,helpdesk,5783,1039800,helpdesk_no_change
TK-246466,2025-10-31 17:16,2025-10,2025Q4,resolved,chat,VR908959,VA-HP-ST2,Returns Desk,A3033,GW-OTHER,N,helpdesk,5784,399900,helpdesk_no_change
TK-246472,2025-10-31 19:36,2025-10,2025Q4,resolved,chat,VR907546,VA-SP-MINI,Chat Frontline,A3008,CANCEL,N,helpdesk,5788,249900,helpdesk_no_change
TK-246487,2025-11-01 09:10,2025-11,2025Q4,open,voice,VR898988,VA-EB-PL2,Billing,A3034,GW-OTHER,N,helpdesk,5802,332400,helpdesk_no_change
TK-246489,2025-11-01 09:30,2025-11,2025Q4,resolved,voice,,VA-AC-CH65,Returns Desk,A3038,RETURN-QC-OK,N,helpdesk,5804,149900,helpdesk_no_change
TK-246495,2025-11-01 10:49,2025-11,2025Q4,resolved,chat,,VA-EB-PL1,Returns Desk,A3038,RETURN-QC-OK,N,helpdesk,5808,199900,helpdesk_no_change
TK-246499,2025-11-01 11:35,2025-11,2025Q4,open,email,VR896501,VA-EB-PL2,Billing,A3035,DUP-PAYMENT,N,helpdesk,5811,629800,helpdesk_no_change
TK-246507,2025-11-01 14:20,2025-11,2025Q4,closed,social,VR881743,VA-HP-ST3,Logistics,A3030,DOA-REPL,N,helpdesk,5817,126000,helpdesk_no_change
TK-246538,2025-11-02 13:16,2025-11,2025Q4,resolved,social,,VA-SW-NX2,Returns Desk,A3036,GW-OTHER,N,helpdesk,5841,649900,helpdesk_no_change
TK-246552,2025-11-02 18:45,2025-11,2025Q4,resolved,email,VR904500,VA-EB-PL2,Logistics,A3030,RETURN-QC-OK,N,helpdesk,5853,314900,helpdesk_no_change
TK-246559,2025-11-02 21:19,2025-11,2025Q4,resolved,chat,VR892038,VA-AC-CH65,Billing,A3035,GW-OTHER,N,helpdesk,5857,119900,helpdesk_no_change
TK-246562,2025-11-02 21:50,2025-11,2025Q4,resolved,voice,,VA-SP-ORB,Billing,A3032,DUP-PAYMENT,N,helpdesk,5859,599900,helpdesk_no_change
TK-246570,2025-11-03 08:57,2025-11,2025Q4,resolved,voice,VR900555,VA-EB-AIR,Returns Desk,A3038,RETURN-QC-OK,N,helpdesk,5866,179900,helpdesk_no_change
TK-246584,2025-11-03 14:04,2025-11,2025Q4,closed,chat,VR902619,VA-SW-NX2,Billing,A3035,DUP-PAYMENT,N,helpdesk,5877,519900,helpdesk_no_change
TK-246585,2025-11-03 15:19,2025-11,2025Q4,open,email,,VA-EB-PL2,Email Frontline,A3018,GW-OTHER,N,helpdesk,5878,349900,helpdesk_no_change
TK-246589,2025-11-03 17:09,2025-11,2025Q4,resolved,email,VR882461,VA-EB-PL1,Returns Desk,A3037,RETURN-QC-OK,N,helpdesk,5880,249900,helpdesk_no_change
TK-246601,2025-11-04 02:27,2025-11,2025Q4,open,chat,VR907826,VA-SP-MINI,Billing,A3033,GW-OTHER,N,helpdesk,5888,118700,helpdesk_no_change
TK-246607,2025-11-04 10:59,2025-11,2025Q4,resolved,social,,VA-HP-ST3,Chat Frontline,A3011,CANCEL,N,helpdesk,5893,664900,helpdesk_no_change
TK-246610,2025-11-04 12:06,2025-11,2025Q4,resolved,chat,VR909724,VA-SW-NX2,Logistics,A3027,DOA-REPL,N,helpdesk,5895,552400,helpdesk_no_change
TK-246612,2025-11-04 12:45,2025-11,2025Q4,resolved,email,VR901039,VA-SW-NX2,Escalations & Warranty,A3042,GW-OTHER,N,helpdesk,5897,61700,helpdesk_no_change
TK-246633,2025-11-05 00:20,2025-11,2025Q4,resolved,chat,VR886838,VA-EB-PL2,Billing,A3033,GW-OTHER,N,helpdesk,5913,332400,helpdesk_no_change
TK-246639,2025-11-05 11:09,2025-11,2025Q4,resolved,social,VR901899,VA-EB-AIR,Returns Desk,A3037,GW-OTHER,N,helpdesk,5918,179900,helpdesk_no_change
TK-246642,2025-11-05 11:21,2025-11,2025Q4,open,email,,VA-AC-CASE,Billing,A3032,GW-OTHER,N,helpdesk,5920,58400,helpdesk_no_change
TK-246644,2025-11-05 11:51,2025-11,2025Q4,resolved,email,,VA-EB-PL2,Email Frontline,A3019,WTY-BUYBACK,N,helpdesk,5922,314900,helpdesk_no_change
TK-246650,2025-11-05 12:31,2025-11,2025Q4,resolved,social,VR881934,VA-HP-ST3,Returns Desk,A3036,RETURN-QC-OK,N,helpdesk,5926,699900,helpdesk_no_change
TK-246654,2025-11-05 16:49,2025-11,2025Q4,resolved,email,,VA-HP-ST3,Email Frontline,A3018,GW-OTHER,N,helpdesk,5929,63000,helpdesk_no_change
TK-246678,2025-11-06 11:08,2025-11,2025Q4,resolved,voice,VR889925,VA-EB-PL2,Returns Desk,A3038,RETURN-QC-OK,N,helpdesk,5948,349900,helpdesk_no_change
TK-246696,2025-11-06 15:48,2025-11,2025Q4,resolved,email,VR889881,VA-EB-AIR,Logistics,A3030,GW-OTHER,N,helpdesk,5962,179900,helpdesk_no_change
TK-246698,2025-11-06 17:18,2025-11,2025Q4,resolved,voice,,VA-EB-PL1,Voice Frontline,A3026,WTY-BUYBACK,N,helpdesk,5964,199900,helpdesk_no_change
TK-246700,2025-11-06 18:00,2025-11,2025Q4,resolved,social,VR885627,VA-EB-AIR,Chat Frontline,A3005,GW-OTHER,N,helpdesk,5965,28800,helpdesk_no_change
TK-246706,2025-11-06 20:59,2025-11,2025Q4,resolved,email,VR889486,VA-SW-NX1,Billing,A3033,RETURN-QC-OK,N,helpdesk,5969,449900,helpdesk_no_change
TK-246722,2025-11-07 10:21,2025-11,2025Q4,resolved,chat,VR906009,VA-EB-PL2,Chat Frontline,A3013,DUP-PAYMENT,N,helpdesk,5981,314900,helpdesk_no_change
TK-246723,2025-11-07 11:29,2025-11,2025Q4,resolved,chat,VR885134,VA-EB-PL1,Chat Frontline,A3013,CANCEL,N,helpdesk,5982,249900,helpdesk_no_change
TK-246724,2025-11-07 12:19,2025-11,2025Q4,resolved,chat,VR886240,VA-SW-NX2,Billing,A3033,DUP-PAYMENT,N,helpdesk,5983,61700,helpdesk_no_change
TK-246731,2025-11-07 14:26,2025-11,2025Q4,resolved,email,,VA-SW-FIT,Email Frontline,A3018,DUP-PAYMENT,N,helpdesk,5990,179900,helpdesk_no_change
TK-246750,2025-11-07 20:45,2025-11,2025Q4,resolved,chat,VR881947,VA-EB-AIR,Chat Frontline,A3012,GW-OTHER,N,helpdesk,6003,179900,helpdesk_no_change
TK-246751,2025-11-07 21:54,2025-11,2025Q4,resolved,chat,VR897537,VA-NB-ARC,Billing,A3035,DUP-PAYMENT,N,helpdesk,6004,129900,helpdesk_no_change
TK-246756,2025-11-08 03:29,2025-11,2025Q4,resolved,chat,,VA-EB-PL2,Returns Desk,A3038,RETURN-QC-OK,N,helpdesk,6008,349900,helpdesk_no_change
TK-246758,2025-11-08 08:47,2025-11,2025Q4,resolved,voice,VR890854,VA-EB-AIR,Logistics,A3031,GW-OTHER,N,helpdesk,6010,76400,helpdesk_no_change
TK-246761,2025-11-08 09:51,2025-11,2025Q4,resolved,email,,VA-EB-PL2,Returns Desk,A3037,RETURN-QC-OK,N,helpdesk,6013,349900,helpdesk_no_change
TK-246764,2025-11-08 10:46,2025-11,2025Q4,pending,chat,,VA-HP-ST2,Logistics,A3027,DOA-REPL,N,helpdesk,6016,474900,helpdesk_no_change
TK-246767,2025-11-08 12:46,2025-11,2025Q4,resolved,email,VR905246,VA-HP-ST3,Email Frontline,A3018,GW-OTHER,N,helpdesk,6019,350000,helpdesk_no_change
TK-246788,2025-11-08 18:15,2025-11,2025Q4,closed,chat,VR892895,VA-EB-PL2,Returns Desk,A3036,GW-OTHER,N,helpdesk,6035,279900,helpdesk_no_change
TK-246814,2025-11-09 09:50,2025-11,2025Q4,resolved,chat,VR888415,VA-HP-ST3,Billing,A3034,PRICE-ADJ,N,helpdesk,6053,594900,helpdesk_no_change
TK-246825,2025-11-09 12:18,2025-11,2025Q4,resolved,email,,VA-EB-PL1,Logistics,A3030,DOA-REPL,Y,helpdesk,6063,224900,helpdesk_no_change
TK-246838,2025-11-09 18:47,2025-11,2025Q4,resolved,email,,VA-EB-PL1,Email Frontline,A3021,WTY-BUYBACK,N,helpdesk,6075,249900,helpdesk_no_change
TK-246839,2025-11-09 20:20,2025-11,2025Q4,resolved,chat,VR904558,VA-EB-PL2,Billing,A3035,DUP-PAYMENT,N,helpdesk,6076,297400,helpdesk_no_change
TK-246844,2025-11-09 21:52,2025-11,2025Q4,resolved,social,,VA-SW-NX2,Logistics,A3029,GW-OTHER,Y,helpdesk,6080,649900,helpdesk_no_change
TK-246846,2025-11-10 06:05,2025-11,2025Q4,closed,email,,VA-EB-PL2,Billing,A3034,DUP-PAYMENT,N,helpdesk,6082,349900,helpdesk_no_change
TK-246850,2025-11-10 08:43,2025-11,2025Q4,resolved,voice,VR884942,VA-EB-PL2,Escalations & Warranty,A3039,GW-OTHER,N,helpdesk,6086,332400,helpdesk_no_change
TK-246853,2025-11-10 10:19,2025-11,2025Q4,resolved,chat,VR880584,VA-SW-NX2,Billing,A3033,RETURN-QC-OK,N,helpdesk,6088,584900,helpdesk_no_change
TK-246858,2025-11-10 12:47,2025-11,2025Q4,resolved,chat,,VA-SW-FIT,Returns Desk,A3037,RETURN-QC-OK,N,helpdesk,6092,189900,helpdesk_no_change
TK-246862,2025-11-10 13:09,2025-11,2025Q4,resolved,chat,,VA-HP-ST3,Chat Frontline,A3011,CANCEL,N,helpdesk,6095,699900,helpdesk_no_change
TK-246868,2025-11-10 18:00,2025-11,2025Q4,resolved,email,VR882394,VA-EB-PL1,Returns Desk,A3037,DOA-REPL,N,helpdesk,6100,249900,helpdesk_no_change
TK-246870,2025-11-10 19:21,2025-11,2025Q4,resolved,voice,VR892240,VA-SW-NX2,Logistics,A3030,DOA-REPL,N,helpdesk,6102,519900,helpdesk_no_change
TK-246876,2025-11-10 21:56,2025-11,2025Q4,resolved,chat,,VA-HP-ST3,Logistics,A3030,GW-OTHER,Y,helpdesk,6107,594900,helpdesk_no_change
TK-246888,2025-11-11 11:14,2025-11,2025Q4,resolved,email,VR902176,VA-EB-PL2,Returns Desk,A3036,GW-OTHER,N,helpdesk,6116,314900,helpdesk_no_change
TK-246895,2025-11-11 17:43,2025-11,2025Q4,pending,voice,VR900909,VA-HP-ST2,Logistics,A3030,WTY-BUYBACK,Y,helpdesk,6122,399900,helpdesk_no_change
TK-246896,2025-11-11 18:11,2025-11,2025Q4,resolved,social,VR897497,VA-EB-PL1,Billing,A3035,DUP-PAYMENT,N,helpdesk,6123,37500,helpdesk_no_change
TK-246910,2025-11-12 00:07,2025-11,2025Q4,resolved,email,,VA-EB-PL2,Billing,A3034,GW-OTHER,N,helpdesk,6135,29700,helpdesk_no_change
TK-246915,2025-11-12 07:04,2025-11,2025Q4,resolved,email,,VA-SP-MINI,Returns Desk,A3037,GW-OTHER,N,helpdesk,6139,50000,helpdesk_no_change
TK-246916,2025-11-12 07:32,2025-11,2025Q4,closed,chat,,VA-EB-PL2,Billing,A3033,DUP-PAYMENT,N,helpdesk,6140,332400,helpdesk_no_change
TK-246927,2025-11-12 11:32,2025-11,2025Q4,resolved,chat,VR887548,VA-SW-NX2,Billing,A3033,GW-OTHER,N,helpdesk,6148,649900,helpdesk_no_change
TK-246928,2025-11-12 12:20,2025-11,2025Q4,resolved,voice,,VA-EB-PL2,Voice Frontline,A3024,GW-OTHER,Y,helpdesk,6149,332400,helpdesk_no_change
TK-246932,2025-11-12 13:25,2025-11,2025Q4,resolved,chat,VR894560,VA-NB-ARC,Chat Frontline,A3011,CANCEL,N,helpdesk,6153,123400,helpdesk_no_change
TK-246935,2025-11-12 14:51,2025-11,2025Q4,closed,chat,VR893455,VA-EB-PL2,Chat Frontline,A3015,GW-OTHER,N,helpdesk,6155,52500,helpdesk_no_change
TK-246936,2025-11-12 15:15,2025-11,2025Q4,resolved,email,VR903593,VA-EB-PL1,Billing,A3035,GW-OTHER,N,helpdesk,6156,37500,helpdesk_no_change
TK-246943,2025-11-12 18:52,2025-11,2025Q4,resolved,social,VR887000,VA-SP-MINI,Billing,A3035,GW-OTHER,N,helpdesk,6161,249900,helpdesk_no_change
TK-246948,2025-11-12 19:36,2025-11,2025Q4,resolved,voice,VR883582,VA-EB-PL1,Billing,A3035,GW-OTHER,N,helpdesk,6165,249900,helpdesk_no_change
TK-246954,2025-11-12 22:49,2025-11,2025Q4,resolved,email,VR892718,VA-EB-PL2,Billing,A3034,DUP-PAYMENT,N,helpdesk,6169,349900,helpdesk_no_change
TK-246960,2025-11-13 08:57,2025-11,2025Q4,resolved,email,,VA-SP-ORB,Billing,A3032,GW-OTHER,N,helpdesk,6174,569900,helpdesk_no_change
TK-246967,2025-11-13 12:28,2025-11,2025Q4,resolved,chat,,VA-HP-ST2,Chat Frontline,A3010,CANCEL,N,helpdesk,6179,449900,helpdesk_no_change
TK-246972,2025-11-13 13:16,2025-11,2025Q4,resolved,chat,VR890550,VA-EB-PL2,Billing,A3033,DUP-PAYMENT,N,helpdesk,6183,349900,helpdesk_no_change
TK-246976,2025-11-13 14:32,2025-11,2025Q4,resolved,chat,VR886004,VA-SW-FIT,Billing,A3035,PRICE-ADJ,N,helpdesk,6186,199900,helpdesk_no_change
TK-246980,2025-11-13 16:16,2025-11,2025Q4,resolved,email,,VA-EB-PL2,Logistics,A3031,GW-OTHER,N,helpdesk,6190,279900,helpdesk_no_change
TK-246987,2025-11-13 18:27,2025-11,2025Q4,resolved,email,,VA-EB-AIR,Email Frontline,A3018,GW-OTHER,N,helpdesk,6196,152900,helpdesk_no_change
TK-246991,2025-11-13 20:23,2025-11,2025Q4,resolved,voice,VR881789,VA-EB-PL2,Logistics,A3030,LOST-TRANSIT,N,helpdesk,6200,70000,helpdesk_no_change
TK-247015,2025-11-14 14:44,2025-11,2025Q4,resolved,chat,VR901295,VA-EB-PL1,Logistics,A3030,RETURN-QC-OK,N,helpdesk,6218,249900,helpdesk_no_change
TK-247022,2025-11-14 18:33,2025-11,2025Q4,resolved,chat,VR883794,VA-AC-CBL,Returns Desk,A3036,GW-OTHER,N,helpdesk,6223,39900,helpdesk_no_change
TK-247025,2025-11-14 19:22,2025-11,2025Q4,resolved,chat,VR904284,VA-EB-AIR,Returns Desk,A3036,GW-OTHER,N,helpdesk,6225,170900,helpdesk_no_change
TK-247030,2025-11-14 21:14,2025-11,2025Q4,resolved,chat,VR893225,VA-EB-PL2,Chat Frontline,A3012,CANCEL,N,helpdesk,6229,297400,helpdesk_no_change
TK-247034,2025-11-15 00:59,2025-11,2025Q4,resolved,chat,VR880967,VA-SW-NX2,Chat Frontline,A3003,DUP-PAYMENT,N,helpdesk,6233,617400,helpdesk_no_change
TK-247041,2025-11-15 08:00,2025-11,2025Q4,resolved,chat,VR904284,VA-EB-AIR,Logistics,A3028,GW-OTHER,N,helpdesk,6239,170900,helpdesk_no_change
TK-247045,2025-11-15 09:22,2025-11,2025Q4,resolved,email,,VA-EB-PL1,Returns Desk,A3037,GW-OTHER,N,helpdesk,6241,224900,helpdesk_no_change
TK-247055,2025-11-15 12:40,2025-11,2025Q4,open,chat,VR901295,VA-EB-PL1,Logistics,A3029,DOA-REPL,N,helpdesk,6249,249900,helpdesk_no_change
TK-247056,2025-11-15 12:41,2025-11,2025Q4,resolved,email,VR889350,VA-EB-PL2,Billing,A3035,DUP-PAYMENT,N,helpdesk,6250,47200,helpdesk_no_change
TK-247060,2025-11-15 14:55,2025-11,2025Q4,resolved,chat,VR902296,VA-EB-PL2,Billing,A3035,GW-OTHER,N,helpdesk,6253,349900,helpdesk_no_change
TK-247062,2025-11-15 15:03,2025-11,2025Q4,resolved,chat,,VA-SW-NX1,Returns Desk,A3036,GW-OTHER,N,helpdesk,6254,449900,helpdesk_no_change
TK-247065,2025-11-15 18:15,2025-11,2025Q4,resolved,social,VR898884,VA-EB-PL1,Returns Desk,A3036,RETURN-QC-OK,N,helpdesk,6257,112400,helpdesk_no_change
TK-247068,2025-11-15 18:54,2025-11,2025Q4,resolved,voice,VR901295,VA-EB-PL1,Billing,A3035,PRICE-ADJ,N,helpdesk,6259,249900,helpdesk_no_change
TK-247079,2025-11-15 23:52,2025-11,2025Q4,resolved,email,,VA-SP-ORB,Escalations & Warranty,A3039,WTY-BUYBACK,N,helpdesk,6267,599900,helpdesk_no_change
TK-247084,2025-11-16 09:37,2025-11,2025Q4,resolved,voice,VR895625,VA-EB-PL2,Returns Desk,A3038,RETURN-QC-OK,N,helpdesk,6271,297400,helpdesk_no_change
TK-247086,2025-11-16 10:32,2025-11,2025Q4,resolved,voice,,VA-SW-FIT,Escalations & Warranty,A3039,GW-OTHER,Y,helpdesk,6272,159900,helpdesk_no_change
TK-247090,2025-11-16 11:40,2025-11,2025Q4,resolved,email,,VA-EB-PL2,Returns Desk,A3037,RETURN-QC-OK,N,helpdesk,6275,47200,helpdesk_no_change
TK-247093,2025-11-16 12:52,2025-11,2025Q4,closed,voice,,VA-EB-PL1,Logistics,A3030,GW-OTHER,Y,helpdesk,6278,249900,helpdesk_no_change
TK-247095,2025-11-16 13:14,2025-11,2025Q4,closed,voice,VR882242,VA-EB-PL2,Voice Frontline,A3024,GW-OTHER,N,helpdesk,6279,70000,helpdesk_no_change
TK-247102,2025-11-16 16:33,2025-11,2025Q4,resolved,email,VR893005,VA-HP-ST3,Billing,A3035,DUP-PAYMENT,N,helpdesk,6286,350000,helpdesk_no_change
TK-247114,2025-11-17 09:06,2025-11,2025Q4,resolved,email,VR900484,VA-EB-PL2,Escalations & Warranty,A3042,GW-OTHER,N,helpdesk,6296,664800,helpdesk_no_change
TK-247120,2025-11-17 11:09,2025-11,2025Q4,resolved,voice,VR884769,VA-SP-ORB,Logistics,A3027,GW-OTHER,N,helpdesk,6302,1139800,helpdesk_no_change
TK-247126,2025-11-17 12:46,2025-11,2025Q4,resolved,chat,,VA-SP-ORB,Chat Frontline,A3006,GW-OTHER,N,helpdesk,6306,599900,helpdesk_no_change
TK-247128,2025-11-17 13:05,2025-11,2025Q4,pending,email,,VA-SW-NX2,Logistics,A3028,GW-OTHER,N,helpdesk,6307,110500,helpdesk_no_change
TK-247135,2025-11-17 19:15,2025-11,2025Q4,closed,chat,VR891984,VA-EB-PL2,Billing,A3035,DUP-PAYMENT,N,helpdesk,6313,175000,helpdesk_no_change
TK-247145,2025-11-18 07:56,2025-11,2025Q4,resolved,chat,,VA-HP-ST3,Billing,A3032,GW-OTHER,N,helpdesk,6321,699900,helpdesk_no_change
TK-247148,2025-11-18 08:50,2025-11,2025Q4,resolved,social,VR894195,VA-SW-FIT,Returns Desk,A3037,RETURN-QC-OK,N,helpdesk,6323,169900,helpdesk_no_change
TK-247157,2025-11-18 14:29,2025-11,2025Q4,closed,chat,VR891741,VA-AC-CH65,Logistics,A3030,GW-OTHER,N,helpdesk,6331,119900,helpdesk_no_change
TK-247158,2025-11-18 16:54,2025-11,2025Q4,resolved,chat,,VA-EB-PL2,Chat Frontline,A3012,GW-OTHER,N,helpdesk,6332,349900,helpdesk_no_change
TK-247175,2025-11-19 08:22,2025-11,2025Q4,resolved,chat,VR882294,VA-EB-PL2,Returns Desk,A3038,RETURN-QC-OK,N,helpdesk,6346,314900,helpdesk_no_change
TK-247190,2025-11-19 16:59,2025-11,2025Q4,resolved,email,VR904351,VA-EB-PL2,Returns Desk,A3038,GW-OTHER,N,helpdesk,6357,29700,helpdesk_no_change
TK-247208,2025-11-19 22:58,2025-11,2025Q4,resolved,chat,VR908740,VA-EB-PL2,Chat Frontline,A3003,CANCEL,N,helpdesk,6371,349900,helpdesk_no_change
TK-247211,2025-11-20 09:29,2025-11,2025Q4,resolved,chat,VR899767,VA-EB-PL2,Returns Desk,A3038,RETURN-QC-OK,N,helpdesk,6373,699800,helpdesk_no_change
TK-247215,2025-11-20 09:46,2025-11,2025Q4,resolved,chat,VR906204,VA-EB-PL2,Logistics,A3029,DOA-REPL,N,helpdesk,6376,166200,helpdesk_no_change
TK-247217,2025-11-20 10:14,2025-11,2025Q4,closed,social,VR892047,VA-AC-CBL,Returns Desk,A3037,GW-OTHER,N,helpdesk,6377,37900,helpdesk_no_change
TK-247221,2025-11-20 11:12,2025-11,2025Q4,resolved,chat,VR888313,VA-EB-PL1,Billing,A3032,DUP-PAYMENT,N,helpdesk,6379,212400,helpdesk_no_change
TK-247228,2025-11-20 13:24,2025-11,2025Q4,resolved,chat,VR888614,VA-EB-PL2,Logistics,A3029,RETURN-QC-OK,N,helpdesk,6384,166200,helpdesk_no_change
TK-247232,2025-11-20 13:45,2025-11,2025Q4,resolved,social,,VA-SW-NX1,Escalations & Warranty,A3039,GW-OTHER,N,helpdesk,6388,424900,helpdesk_no_change
TK-247254,2025-11-20 18:31,2025-11,2025Q4,resolved,chat,VR899236,VA-EB-PL1,Returns Desk,A3036,GW-OTHER,Y,helpdesk,6402,249900,helpdesk_no_change
TK-247263,2025-11-20 22:22,2025-11,2025Q4,resolved,email,,VA-EB-PL2,Email Frontline,A3016,DUP-PAYMENT,N,helpdesk,6408,699800,helpdesk_no_change
TK-247267,2025-11-20 23:53,2025-11,2025Q4,resolved,email,,VA-HP-ST3,Email Frontline,A3016,DOA-REPL,Y,helpdesk,6411,1399800,helpdesk_no_change
TK-247273,2025-11-21 07:04,2025-11,2025Q4,resolved,email,,VA-SW-NX2,Returns Desk,A3030,GW-OTHER,N,helpdesk,6416,649900,helpdesk_no_change
TK-247275,2025-11-21 07:21,2025-11,2025Q4,resolved,chat,VR900212,VA-HP-ST3,Chat Frontline,A3010,CANCEL,N,helpdesk,6418,664900,helpdesk_no_change
TK-247277,2025-11-21 07:53,2025-11,2025Q4,resolved,email,,VA-SW-NX1,Email Frontline,A3020,DUP-PAYMENT,N,helpdesk,6419,100000,helpdesk_no_change
TK-247281,2025-11-21 10:33,2025-11,2025Q4,resolved,social,,VA-SW-NX2,Chat Frontline,A3007,CANCEL,N,helpdesk,6423,649900,helpdesk_no_change
TK-247289,2025-11-21 13:10,2025-11,2025Q4,resolved,email,VR896276,VA-EB-PL2,Email Frontline,A3018,GW-OTHER,N,helpdesk,6429,349900,helpdesk_no_change
TK-247290,2025-11-21 13:59,2025-11,2025Q4,resolved,chat,,VA-EB-PL2,Returns Desk,A3036,RETURN-QC-OK,N,helpdesk,6430,332400,helpdesk_no_change
TK-247297,2025-11-21 15:30,2025-11,2025Q4,resolved,email,VR905861,VA-EB-PL2,Logistics,A3030,WTY-BUYBACK,Y,helpdesk,6435,297400,helpdesk_no_change
TK-247298,2025-11-21 16:19,2025-11,2025Q4,resolved,social,VR896236,VA-SP-MINI,Chat Frontline,A3014,GW-OTHER,N,helpdesk,6436,249900,helpdesk_no_change
TK-247303,2025-11-21 18:06,2025-11,2025Q4,resolved,chat,,VA-SP-ORB,Returns Desk,A3036,GW-OTHER,N,helpdesk,6440,599900,helpdesk_no_change
TK-247306,2025-11-21 18:37,2025-11,2025Q4,resolved,voice,VR887079,VA-EB-AIR,Voice Frontline,A3026,GW-OTHER,N,helpdesk,6443,27000,helpdesk_no_change
TK-247308,2025-11-21 19:41,2025-11,2025Q4,resolved,chat,VR890548,VA-SP-MINI,Returns Desk,A3036,GW-OTHER,N,helpdesk,6445,224900,helpdesk_no_change
TK-247310,2025-11-21 19:47,2025-11,2025Q4,resolved,email,VR901469,VA-SP-MINI,Returns Desk,A3038,RETURN-QC-OK,N,helpdesk,6446,237400,helpdesk_no_change
TK-247313,2025-11-21 20:32,2025-11,2025Q4,resolved,chat,,VA-SP-ORB,Logistics,A3030,DOA-REPL,N,helpdesk,6448,539900,helpdesk_no_change
TK-247314,2025-11-21 20:43,2025-11,2025Q4,resolved,chat,VR893339,VA-SP-ORB,Chat Frontline,A3015,GW-OTHER,N,helpdesk,6449,539900,helpdesk_no_change
TK-247319,2025-11-22 02:26,2025-11,2025Q4,resolved,chat,VR897804,VA-EB-PL2,Chat Frontline,A3017,DOA-REPL,N,helpdesk,6454,279900,helpdesk_no_change
TK-247342,2025-11-22 17:16,2025-11,2025Q4,resolved,chat,,VA-HP-ST3,Chat Frontline,A3005,GW-OTHER,N,helpdesk,6472,699900,helpdesk_no_change
TK-247346,2025-11-22 19:24,2025-11,2025Q4,resolved,chat,,VA-EB-PL2,Chat Frontline,A3015,WTY-BUYBACK,N,helpdesk,6475,279900,helpdesk_no_change
TK-247350,2025-11-22 20:56,2025-11,2025Q4,resolved,voice,VR890981,VA-SW-NX2,Returns Desk,A3036,GW-OTHER,N,helpdesk,6479,519900,helpdesk_no_change
TK-247354,2025-11-22 23:10,2025-11,2025Q4,resolved,email,,VA-SW-FIT,Email Frontline,A3018,GW-OTHER,N,helpdesk,6482,159900,helpdesk_no_change
TK-247389,2025-11-23 19:46,2025-11,2025Q4,resolved,voice,VR900526,VA-SW-NX2,Billing,A3035,DUP-PAYMENT,N,helpdesk,6510,552400,helpdesk_no_change
TK-247392,2025-11-23 20:55,2025-11,2025Q4,resolved,email,,VA-SW-NX1,Email Frontline,A3002,GW-OTHER,N,helpdesk,6513,474900,helpdesk_no_change
TK-247414,2025-11-24 12:04,2025-11,2025Q4,resolved,email,VR889185,VA-EB-PL2,Logistics,A3030,RETURN-QC-OK,N,helpdesk,6530,349900,helpdesk_no_change
TK-247425,2025-11-24 16:35,2025-11,2025Q4,resolved,chat,VR904406,VA-SP-MINI,Returns Desk,A3036,RETURN-QC-OK,N,helpdesk,6539,499800,helpdesk_no_change
TK-247433,2025-11-24 20:47,2025-11,2025Q4,resolved,chat,VR906744,VA-SW-FIT,Escalations & Warranty,A3042,GW-OTHER,N,helpdesk,6546,189900,helpdesk_no_change
TK-247438,2025-11-24 22:05,2025-11,2025Q4,resolved,email,VR880112,VA-EB-PL2,Returns Desk,A3037,RETURN-QC-OK,N,helpdesk,6551,314900,helpdesk_no_change
TK-247439,2025-11-24 22:37,2025-11,2025Q4,open,email,VR900947,VA-EB-PL1,Billing,A3034,DUP-PAYMENT,N,helpdesk,6552,37500,helpdesk_no_change
TK-247444,2025-11-25 10:39,2025-11,2025Q4,resolved,email,VR884919,VA-SW-NX2,Email Frontline,A3044,GW-OTHER,N,helpdesk,6556,617400,helpdesk_no_change
TK-247448,2025-11-25 12:08,2025-11,2025Q4,resolved,chat,VR887651,VA-SP-MINI,Billing,A3034,RETURN-QC-OK,N,helpdesk,6560,237400,helpdesk_no_change
TK-247457,2025-11-25 15:53,2025-11,2025Q4,closed,chat,VR892014,VA-EB-PL2,Returns Desk,A3036,WTY-BUYBACK,N,helpdesk,6567,349900,helpdesk_no_change
TK-247461,2025-11-25 18:59,2025-11,2025Q4,resolved,chat,VR880959,VA-EB-PL2,Logistics,A3030,CANCEL,N,helpdesk,6571,332400,helpdesk_no_change
TK-247468,2025-11-26 01:42,2025-11,2025Q4,resolved,chat,VR888965,VA-AC-CASE,Chat Frontline,A3003,GW-OTHER,N,helpdesk,6577,110400,helpdesk_no_change
TK-247471,2025-11-26 08:34,2025-11,2025Q4,pending,chat,VR908076,VA-EB-PL1,Returns Desk,A3037,RETURN-QC-OK,N,helpdesk,6580,25000,helpdesk_no_change
TK-247472,2025-11-26 08:36,2025-11,2025Q4,resolved,email,VR886440,VA-EB-AIR,Billing,A3034,GW-OTHER,N,helpdesk,6581,143900,helpdesk_no_change
TK-247478,2025-11-26 11:46,2025-11,2025Q4,resolved,voice,VR909422,VA-EB-PL2,Billing,A3033,GW-OTHER,N,helpdesk,6585,629800,helpdesk_no_change
TK-247487,2025-11-26 15:37,2025-11,2025Q4,resolved,chat,VR891006,VA-EB-PL2,Returns Desk,A3036,GW-OTHER,N,helpdesk,6590,349900,helpdesk_no_change
TK-247489,2025-11-26 16:08,2025-11,2025Q4,resolved,email,VR904128,VA-EB-AIR,Email Frontline,A3018,GW-OTHER,N,helpdesk,6592,18000,helpdesk_no_change
TK-247491,2025-11-26 16:22,2025-11,2025Q4,closed,chat,,VA-SP-MINI,Returns Desk,A3036,RETURN-QC-OK,N,helpdesk,6593,112400,helpdesk_no_change
TK-247492,2025-11-26 16:23,2025-11,2025Q4,resolved,social,,VA-SW-FIT,Logistics,A3030,GW-OTHER,Y,helpdesk,6594,199900,helpdesk_no_change
TK-247493,2025-11-26 17:13,2025-11,2025Q4,resolved,email,,VA-EB-PL2,Logistics,A3030,GW-OTHER,N,helpdesk,6595,349900,helpdesk_no_change
TK-247497,2025-11-26 19:46,2025-11,2025Q4,resolved,chat,VR909518,VA-EB-PL2,Returns Desk,A3036,RETURN-QC-OK,N,helpdesk,6599,349900,helpdesk_no_change
TK-247503,2025-11-27 07:20,2025-11,2025Q4,resolved,chat,,VA-EB-AIR,Chat Frontline,A3013,GW-OTHER,N,helpdesk,6604,170900,helpdesk_no_change
TK-247504,2025-11-27 08:26,2025-11,2025Q4,resolved,voice,VR886627,VA-EB-PL1,Voice Frontline,A3025,DOA-REPL,N,helpdesk,6605,21200,helpdesk_no_change
TK-247506,2025-11-27 08:36,2025-11,2025Q4,resolved,chat,VR892720,VA-EB-PL1,Billing,A3033,GW-OTHER,N,helpdesk,6606,212400,helpdesk_no_change
TK-247523,2025-11-27 12:03,2025-11,2025Q4,resolved,chat,,VA-EB-PL1,Logistics,A3029,GW-OTHER,N,helpdesk,6619,100000,helpdesk_no_change
TK-247529,2025-11-27 13:39,2025-11,2025Q4,open,chat,VR907509,VA-SW-NX2,Returns Desk,A3038,RETURN-QC-OK,N,helpdesk,6623,649900,helpdesk_no_change
TK-247531,2025-11-27 14:51,2025-11,2025Q4,resolved,social,VR883037,VA-EB-PL1,Returns Desk,A3036,RETURN-QC-OK,N,helpdesk,6625,224900,helpdesk_no_change
TK-247542,2025-11-27 22:17,2025-11,2025Q4,pending,chat,,VA-EB-PL2,Returns Desk,A3038,RETURN-QC-OK,N,helpdesk,6636,148700,helpdesk_no_change
TK-247550,2025-11-28 09:53,2025-11,2025Q4,closed,chat,,VA-HP-ST2,Billing,A3033,DUP-PAYMENT,N,helpdesk,6643,75000,helpdesk_no_change
TK-247554,2025-11-28 11:59,2025-11,2025Q4,resolved,email,VR903035,VA-SP-ORB,Billing,A3032,PRICE-ADJ,N,helpdesk,6646,599900,helpdesk_no_change
TK-247555,2025-11-28 12:29,2025-11,2025Q4,resolved,email,VR901064,VA-SP-MINI,Returns Desk,A3036,RETURN-QC-OK,N,helpdesk,6647,237400,helpdesk_no_change
TK-247560,2025-11-28 15:14,2025-11,2025Q4,open,chat,VR907112,VA-EB-PL2,Logistics,A3030,GW-OTHER,N,helpdesk,6651,314900,helpdesk_no_change
TK-247568,2025-11-28 16:37,2025-11,2025Q4,resolved,email,VR896562,VA-EB-AIR,Escalations & Warranty,A3041,GW-OTHER,Y,helpdesk,6655,143900,helpdesk_no_change
TK-247574,2025-11-28 18:48,2025-11,2025Q4,resolved,chat,,VA-SW-FIT,Returns Desk,A3036,WTY-BUYBACK,N,helpdesk,6659,199900,helpdesk_no_change
TK-247584,2025-11-28 21:13,2025-11,2025Q4,resolved,chat,VR895455,VA-SW-NX2,Billing,A3035,GW-OTHER,N,helpdesk,6667,97500,helpdesk_no_change
TK-247587,2025-11-28 22:07,2025-11,2025Q4,resolved,chat,VR881136,VA-EB-PL2,Returns Desk,A3037,RETURN-QC-OK,N,helpdesk,6669,279900,helpdesk_no_change
TK-247590,2025-11-28 23:54,2025-11,2025Q4,resolved,email,VR885394,VA-EB-AIR,Returns Desk,A3037,RETURN-QC-OK,N,helpdesk,6671,30600,helpdesk_no_change
TK-247599,2025-11-29 08:27,2025-11,2025Q4,closed,social,VR909689,VA-AC-CASE,Billing,A3033,DUP-PAYMENT,N,helpdesk,6679,52000,helpdesk_no_change
TK-247603,2025-11-29 09:52,2025-11,2025Q4,resolved,voice,VR907594,VA-EB-AIR,Billing,A3034,DUP-PAYMENT,N,helpdesk,6682,179900,helpdesk_no_change
TK-247606,2025-11-29 10:35,2025-11,2025Q4,resolved,voice,VR896276,VA-EB-PL2,Billing,A3033,DUP-PAYMENT,N,helpdesk,6684,52500,helpdesk_no_change
TK-247607,2025-11-29 10:38,2025-11,2025Q4,resolved,chat,,VA-EB-AIR,Billing,A3032,DUP-PAYMENT,N,helpdesk,6685,143900,helpdesk_no_change
TK-247610,2025-11-29 12:38,2025-11,2025Q4,closed,email,VR891560,VA-EB-PL2,Returns Desk,A3036,GW-OTHER,N,helpdesk,6687,297400,helpdesk_no_change
TK-247621,2025-11-29 17:49,2025-11,2025Q4,closed,email,VR894277,VA-HP-ST2,Returns Desk,A3036,GW-OTHER,Y,helpdesk,6696,499900,helpdesk_no_change
TK-247623,2025-11-29 18:48,2025-11,2025Q4,resolved,chat,VR880587,VA-EB-PL2,Logistics,A3030,DOA-REPL,N,helpdesk,6698,314900,helpdesk_no_change
TK-247627,2025-11-29 20:41,2025-11,2025Q4,resolved,social,,VA-NB-ARC,Escalations & Warranty,A3028,WTY-BUYBACK,N,helpdesk,6701,129900,helpdesk_no_change
TK-247629,2025-11-29 21:13,2025-11,2025Q4,resolved,chat,VR902049,VA-EB-PL2,Logistics,A3030,LOST-TRANSIT,N,helpdesk,6702,349900,helpdesk_no_change
TK-247642,2025-11-30 08:52,2025-11,2025Q4,resolved,social,VR882242,VA-EB-PL2,Returns Desk,A3037,GW-OTHER,N,helpdesk,6713,175000,helpdesk_no_change
TK-247649,2025-11-30 11:20,2025-11,2025Q4,pending,email,VR901935,VA-EB-PL1,Logistics,A3030,DOA-REPL,N,helpdesk,6719,224900,helpdesk_no_change
TK-247652,2025-11-30 12:37,2025-11,2025Q4,resolved,voice,VR881357,VA-EB-PL1,Returns Desk,A3037,RETURN-QC-OK,N,helpdesk,6721,42500,helpdesk_no_change
TK-247653,2025-11-30 13:08,2025-11,2025Q4,resolved,email,VR884719,VA-SW-NX2,Billing,A3032,RETURN-QC-OK,N,helpdesk,6722,649900,helpdesk_no_change
TK-247661,2025-11-30 17:11,2025-11,2025Q4,resolved,voice,VR882515,VA-HP-ST3,Voice Frontline,A3026,GW-OTHER,N,helpdesk,6728,699900,helpdesk_no_change
TK-247664,2025-11-30 17:42,2025-11,2025Q4,closed,social,VR893226,VA-EB-PL2,Returns Desk,A3036,GW-OTHER,N,helpdesk,6730,349900,helpdesk_no_change
TK-247685,2025-12-01 08:21,2025-12,2025Q4,closed,email,VR894185,VA-EB-PL1,Logistics,A3030,GW-OTHER,N,helpdesk,6747,249900,helpdesk_no_change
TK-247689,2025-12-01 10:36,2025-12,2025Q4,closed,chat,,VA-HP-ST2,Logistics,A3031,LOST-TRANSIT,N,helpdesk,6751,449900,helpdesk_no_change
TK-247697,2025-12-01 17:49,2025-12,2025Q4,resolved,email,VR895637,VA-EB-PL2,Email Frontline,A3019,CANCEL,N,helpdesk,6758,52500,helpdesk_no_change
TK-247699,2025-12-01 17:53,2025-12,2025Q4,resolved,chat,VR909062,VA-EB-PL1,Returns Desk,A3036,RETURN-QC-OK,N,helpdesk,6759,249900,helpdesk_no_change
TK-247702,2025-12-01 19:07,2025-12,2025Q4,resolved,chat,VR884315,VA-EB-PL2,Returns Desk,A3036,RETURN-QC-OK,N,helpdesk,6761,332400,helpdesk_no_change
TK-247731,2025-12-02 15:42,2025-12,2025Q4,resolved,voice,,VA-HP-ST3,Billing,A3035,DUP-PAYMENT,N,helpdesk,6786,1259800,helpdesk_no_change
TK-247738,2025-12-02 19:08,2025-12,2025Q4,resolved,voice,VR882044,VA-AC-CASE,Voice Frontline,A3026,CANCEL,N,helpdesk,6790,129900,helpdesk_no_change
TK-247752,2025-12-03 04:54,2025-12,2025Q4,resolved,chat,,VA-SP-ORB,Billing,A3034,GW-OTHER,N,helpdesk,6803,57000,helpdesk_no_change
TK-247763,2025-12-03 09:14,2025-12,2025Q4,resolved,voice,VR883623,VA-EB-PL2,Returns Desk,A3038,GW-OTHER,N,helpdesk,6811,52500,helpdesk_no_change
TK-247764,2025-12-03 09:59,2025-12,2025Q4,resolved,email,,VA-SP-MINI,Billing,A3035,GW-OTHER,N,helpdesk,6812,249900,helpdesk_no_change
TK-247767,2025-12-03 11:40,2025-12,2025Q4,resolved,voice,VR885111,VA-EB-PL2,Returns Desk,A3038,GW-OTHER,N,helpdesk,6815,349900,helpdesk_no_change
TK-247768,2025-12-03 12:48,2025-12,2025Q4,resolved,voice,VR901569,VA-EB-PL1,Billing,A3033,GW-OTHER,N,helpdesk,6816,224900,helpdesk_no_change
TK-247785,2025-12-03 20:14,2025-12,2025Q4,resolved,email,,VA-EB-PL2,Logistics,A3030,RETURN-QC-OK,N,helpdesk,6829,297400,helpdesk_no_change
TK-247787,2025-12-03 21:29,2025-12,2025Q4,resolved,social,VR890172,VA-SW-NX2,Returns Desk,A3038,RETURN-QC-OK,N,helpdesk,6831,1299800,helpdesk_no_change
TK-247790,2025-12-03 21:59,2025-12,2025Q4,pending,chat,VR891057,VA-EB-PL1,Billing,A3033,RETURN-QC-OK,N,helpdesk,6833,249900,helpdesk_no_change
TK-247823,2025-12-04 17:56,2025-12,2025Q4,resolved,email,VR886489,VA-NB-ARC,Email Frontline,A3022,GW-OTHER,N,helpdesk,6856,11700,helpdesk_no_change
TK-247826,2025-12-04 19:22,2025-12,2025Q4,resolved,social,,VA-AC-CASE,Billing,A3035,DUP-PAYMENT,N,helpdesk,6859,110400,helpdesk_no_change
TK-247827,2025-12-04 19:30,2025-12,2025Q4,resolved,social,VR896994,VA-EB-PL1,Returns Desk,A3036,RETURN-QC-OK,N,helpdesk,6860,249900,helpdesk_no_change
TK-247828,2025-12-04 19:39,2025-12,2025Q4,resolved,voice,,VA-NB-ARC,Voice Frontline,A3026,GW-OTHER,N,helpdesk,6861,110400,helpdesk_no_change
TK-247836,2025-12-04 21:59,2025-12,2025Q4,resolved,chat,VR904002,VA-SP-ORB,Chat Frontline,A3015,GW-OTHER,N,helpdesk,6866,599900,helpdesk_no_change
TK-247844,2025-12-05 09:28,2025-12,2025Q4,resolved,email,,VA-EB-PL2,Email Frontline,A3021,GW-OTHER,N,helpdesk,6872,279900,helpdesk_no_change
TK-247849,2025-12-05 10:46,2025-12,2025Q4,resolved,chat,VR881176,VA-SW-NX1,Billing,A3033,GW-OTHER,N,helpdesk,6875,399900,helpdesk_no_change
TK-247853,2025-12-05 10:53,2025-12,2025Q4,resolved,email,,VA-SW-FIT,Billing,A3033,RETURN-QC-OK,N,helpdesk,6877,169900,helpdesk_no_change
TK-247854,2025-12-05 11:02,2025-12,2025Q4,resolved,social,,VA-SW-NX2,Returns Desk,A3038,GW-OTHER,N,helpdesk,6878,649900,helpdesk_no_change
TK-247862,2025-12-05 12:31,2025-12,2025Q4,resolved,voice,,VA-SW-NX1,Returns Desk,A3038,RETURN-QC-OK,N,helpdesk,6884,50000,helpdesk_no_change
TK-247867,2025-12-05 16:14,2025-12,2025Q4,resolved,voice,,VA-EB-PL2,Returns Desk,A3036,RETURN-QC-OK,N,helpdesk,6889,47200,helpdesk_no_change
TK-247876,2025-12-05 22:10,2025-12,2025Q4,resolved,chat,VR897293,VA-EB-AIR,Billing,A3032,DUP-PAYMENT,N,helpdesk,6896,170900,helpdesk_no_change
TK-247882,2025-12-06 09:34,2025-12,2025Q4,resolved,chat,,VA-EB-PL2,Chat Frontline,A3010,GW-OTHER,N,helpdesk,6899,279900,helpdesk_no_change
TK-247885,2025-12-06 10:57,2025-12,2025Q4,resolved,chat,VR891953,VA-EB-AIR,Logistics,A3031,RETURN-QC-OK,N,helpdesk,6902,341800,helpdesk_no_change
TK-247895,2025-12-06 14:59,2025-12,2025Q4,closed,email,,VA-EB-PL2,Email Frontline,A3018,WTY-BUYBACK,N,helpdesk,6911,349900,helpdesk_no_change
TK-247905,2025-12-06 18:55,2025-12,2025Q4,resolved,email,,VA-EB-PL1,Billing,A3032,GW-OTHER,N,helpdesk,6919,23700,helpdesk_no_change
TK-247906,2025-12-06 19:02,2025-12,2025Q4,resolved,voice,VR900986,VA-HP-ST2,Voice Frontline,A3026,DUP-PAYMENT,N,helpdesk,6920,474900,helpdesk_no_change
TK-247908,2025-12-06 20:34,2025-12,2025Q4,resolved,chat,,VA-EB-PL2,Returns Desk,A3036,RETURN-QC-OK,N,helpdesk,6921,314900,helpdesk_no_change
TK-247918,2025-12-07 09:14,2025-12,2025Q4,resolved,social,VR893534,VA-NB-ARC,Returns Desk,A3037,RETURN-QC-OK,N,helpdesk,6930,103900,helpdesk_no_change
TK-247933,2025-12-07 19:25,2025-12,2025Q4,resolved,voice,VR890543,VA-EB-AIR,Voice Frontline,A3026,WTY-BUYBACK,Y,helpdesk,6941,161900,helpdesk_no_change
TK-247935,2025-12-07 21:35,2025-12,2025Q4,resolved,chat,VR904553,VA-EB-PL2,Chat Frontline,A3015,DOA-REPL,N,helpdesk,6943,349900,helpdesk_no_change
TK-247941,2025-12-07 21:39,2025-12,2025Q4,resolved,voice,,VA-HP-ST3,Voice Frontline,A3002,GW-OTHER,Y,helpdesk,6947,629900,helpdesk_no_change
TK-247945,2025-12-07 22:59,2025-12,2025Q4,resolved,chat,VR906145,VA-HP-ST3,Chat Frontline,A3002,GW-OTHER,N,helpdesk,6950,629900,helpdesk_no_change
TK-247955,2025-12-08 08:57,2025-12,2025Q4,resolved,email,VR894970,VA-SP-MINI,Billing,A3035,PRICE-ADJ,N,helpdesk,6958,249900,helpdesk_no_change
TK-247956,2025-12-08 09:01,2025-12,2025Q4,closed,chat,VR884769,VA-SP-ORB,Billing,A3032,RETURN-QC-OK,N,helpdesk,6959,569900,helpdesk_no_change
TK-247957,2025-12-08 09:52,2025-12,2025Q4,resolved,chat,,VA-SW-FIT,Returns Desk,A3037,RETURN-QC-OK,N,helpdesk,6960,27000,helpdesk_no_change
TK-247959,2025-12-08 10:35,2025-12,2025Q4,resolved,voice,,VA-EB-PL2,Billing,A3034,GW-OTHER,N,helpdesk,6961,148700,helpdesk_no_change
TK-247961,2025-12-08 11:25,2025-12,2025Q4,closed,chat,VR899407,VA-EB-PL2,Returns Desk,A3037,GW-OTHER,Y,helpdesk,6963,349900,helpdesk_no_change
TK-247969,2025-12-08 12:37,2025-12,2025Q4,resolved,chat,VR907000,VA-SW-NX2,Chat Frontline,A3007,GW-OTHER,Y,helpdesk,6969,649900,helpdesk_no_change
TK-247979,2025-12-08 15:12,2025-12,2025Q4,resolved,email,VR899073,VA-HP-ST2,Email Frontline,A3018,WTY-BUYBACK,N,helpdesk,6976,42500,helpdesk_no_change
TK-247981,2025-12-08 15:37,2025-12,2025Q4,closed,email,VR885236,VA-SW-NX1,Billing,A3032,GW-OTHER,N,helpdesk,6978,499900,helpdesk_no_change
TK-247997,2025-12-09 08:37,2025-12,2025Q4,resolved,voice,,VA-SP-MINI,Voice Frontline,A3025,GW-OTHER,Y,helpdesk,6991,249900,helpdesk_no_change
TK-248002,2025-12-09 10:49,2025-12,2025Q4,resolved,email,VR898613,VA-EB-AIR,Returns Desk,A3031,RETURN-QC-OK,N,helpdesk,6994,179900,helpdesk_no_change
TK-248011,2025-12-09 15:00,2025-12,2025Q4,open,voice,,VA-EB-PL2,Returns Desk,A3031,GW-OTHER,N,helpdesk,7001,52500,helpdesk_no_change
TK-248012,2025-12-09 15:37,2025-12,2025Q4,resolved,email,,VA-EB-AIR,Billing,A3035,DUP-PAYMENT,N,helpdesk,7002,179900,helpdesk_no_change
TK-248021,2025-12-09 17:48,2025-12,2025Q4,closed,email,,VA-EB-PL2,Returns Desk,A3036,RETURN-QC-OK,N,helpdesk,7008,349900,helpdesk_no_change
TK-248027,2025-12-09 20:22,2025-12,2025Q4,resolved,social,VR901053,VA-AC-CBL,Returns Desk,A3037,RETURN-QC-OK,N,helpdesk,7014,20000,helpdesk_no_change
TK-248033,2025-12-09 21:49,2025-12,2025Q4,resolved,chat,VR900011,VA-EB-PL2,Returns Desk,A3036,RETURN-QC-OK,N,helpdesk,7018,63000,helpdesk_no_change
TK-248044,2025-12-10 11:49,2025-12,2025Q4,resolved,email,,VA-SW-NX2,Billing,A3035,DUP-PAYMENT,N,helpdesk,7027,649900,helpdesk_no_change
TK-248063,2025-12-10 17:07,2025-12,2025Q4,open,chat,VR886076,VA-AC-CASE,Billing,A3035,DUP-PAYMENT,N,helpdesk,7041,129900,helpdesk_no_change
TK-248068,2025-12-10 20:41,2025-12,2025Q4,resolved,email,VR891820,VA-SP-MINI,Billing,A3033,PRICE-ADJ,N,helpdesk,7046,249900,helpdesk_no_change
TK-248070,2025-12-10 21:39,2025-12,2025Q4,closed,email,VR886122,VA-EB-PL2,Returns Desk,A3038,GW-OTHER,N,helpdesk,7048,349900,helpdesk_no_change
TK-248071,2025-12-10 22:06,2025-12,2025Q4,resolved,chat,VR895679,VA-SW-NX2,Chat Frontline,A3021,GW-OTHER,N,helpdesk,7049,617400,helpdesk_no_change
TK-248074,2025-12-11 00:25,2025-12,2025Q4,closed,chat,VR907982,VA-EB-PL2,Returns Desk,A3038,GW-OTHER,N,helpdesk,7052,29700,helpdesk_no_change
TK-248078,2025-12-11 09:18,2025-12,2025Q4,resolved,chat,,VA-EB-PL1,Logistics,A3028,RETURN-QC-OK,N,helpdesk,7055,47500,helpdesk_no_change
TK-248082,2025-12-11 10:36,2025-12,2025Q4,resolved,email,VR886568,VA-EB-PL2,Email Frontline,A3022,GW-OTHER,Y,helpdesk,7058,349900,helpdesk_no_change
TK-248089,2025-12-11 15:15,2025-12,2025Q4,closed,email,,VA-EB-AIR,Billing,A3035,DUP-PAYMENT,N,helpdesk,7064,179900,helpdesk_no_change
TK-248095,2025-12-11 17:51,2025-12,2025Q4,resolved,chat,VR886076,VA-AC-CASE,Logistics,A3030,LOST-TRANSIT,N,helpdesk,7070,129900,helpdesk_no_change
TK-248103,2025-12-11 20:30,2025-12,2025Q4,resolved,voice,VR905641,VA-EB-PL2,Billing,A3035,GW-OTHER,N,helpdesk,7076,63000,helpdesk_no_change
TK-248104,2025-12-11 21:19,2025-12,2025Q4,resolved,chat,VR881337,VA-EB-PL2,Chat Frontline,A3015,GW-OTHER,N,helpdesk,7077,56000,helpdesk_no_change
TK-248110,2025-12-11 23:53,2025-12,2025Q4,resolved,email,VR901909,VA-EB-PL2,Email Frontline,A3017,WTY-BUYBACK,N,helpdesk,7081,47200,helpdesk_no_change
TK-248113,2025-12-12 07:58,2025-12,2025Q4,resolved,chat,VR900803,VA-SP-MINI,Chat Frontline,A3043,DOA-REPL,N,helpdesk,7083,199900,helpdesk_no_change
TK-248116,2025-12-12 09:36,2025-12,2025Q4,resolved,chat,,VA-EB-PL1,Chat Frontline,A3010,CANCEL,N,helpdesk,7086,50000,helpdesk_no_change
TK-248130,2025-12-12 15:18,2025-12,2025Q4,resolved,email,VR905641,VA-EB-PL2,Returns Desk,A3036,RETURN-QC-OK,N,helpdesk,7095,31500,helpdesk_no_change
TK-248132,2025-12-12 15:40,2025-12,2025Q4,resolved,voice,VR882775,VA-SW-NX2,Returns Desk,A3036,RETURN-QC-OK,N,helpdesk,7096,617400,helpdesk_no_change
TK-248138,2025-12-12 19:15,2025-12,2025Q4,resolved,chat,VR881337,VA-EB-PL2,Chat Frontline,A3014,GW-OTHER,N,helpdesk,7102,279900,helpdesk_no_change
TK-248141,2025-12-12 20:10,2025-12,2025Q4,resolved,voice,VR882242,VA-EB-PL2,Escalations & Warranty,A3015,GW-OTHER,N,helpdesk,7104,349900,helpdesk_no_change
TK-248145,2025-12-12 22:48,2025-12,2025Q4,resolved,chat,VR881736,VA-EB-PL2,Logistics,A3027,GW-OTHER,N,helpdesk,7107,35000,helpdesk_no_change
TK-248147,2025-12-13 00:46,2025-12,2025Q4,resolved,email,VR903697,VA-EB-PL2,Billing,A3032,DUP-PAYMENT,N,helpdesk,7109,349900,helpdesk_no_change
TK-248156,2025-12-13 10:26,2025-12,2025Q4,resolved,chat,,VA-EB-PL2,Chat Frontline,A3006,CANCEL,N,helpdesk,7117,297400,helpdesk_no_change
TK-248158,2025-12-13 10:30,2025-12,2025Q4,resolved,chat,VR888256,VA-SW-NX2,Billing,A3034,DUP-PAYMENT,N,helpdesk,7118,260000,helpdesk_no_change
TK-248161,2025-12-13 11:50,2025-12,2025Q4,resolved,voice,VR900228,VA-EB-PL2,Billing,A3032,GW-OTHER,N,helpdesk,7121,314900,helpdesk_no_change
TK-248168,2025-12-13 13:33,2025-12,2025Q4,resolved,chat,VR882290,VA-SW-NX2,Returns Desk,A3037,RETURN-QC-OK,N,helpdesk,7126,617400,helpdesk_no_change
TK-248180,2025-12-13 19:28,2025-12,2025Q4,resolved,email,VR882869,VA-SP-ORB,Returns Desk,A3038,RETURN-QC-OK,N,helpdesk,7135,300000,helpdesk_no_change
TK-248181,2025-12-13 19:35,2025-12,2025Q4,resolved,social,VR903100,VA-EB-PL2,Billing,A3032,DUP-PAYMENT,N,helpdesk,7136,314900,helpdesk_no_change
TK-248183,2025-12-13 21:16,2025-12,2025Q4,resolved,voice,VR881391,VA-AC-CASE,Returns Desk,A3036,GW-OTHER,N,helpdesk,7138,23400,helpdesk_no_change
TK-248187,2025-12-13 22:31,2025-12,2025Q4,resolved,email,VR893401,VA-EB-PL2,Logistics,A3031,CANCEL,N,helpdesk,7141,35000,helpdesk_no_change
TK-248190,2025-12-14 01:18,2025-12,2025Q4,resolved,chat,VR903100,VA-EB-PL2,Billing,A3032,GW-OTHER,N,helpdesk,7144,314900,helpdesk_no_change
TK-248196,2025-12-14 12:27,2025-12,2025Q4,open,chat,VR906861,VA-HP-ST3,Chat Frontline,A3006,CANCEL,N,helpdesk,7149,126000,helpdesk_no_change
TK-248203,2025-12-14 15:18,2025-12,2025Q4,resolved,voice,,VA-AC-CBL,Billing,A3035,DUP-PAYMENT,N,helpdesk,7154,37900,helpdesk_no_change
TK-248212,2025-12-14 23:21,2025-12,2025Q4,open,chat,VR882292,VA-SW-NX2,Returns Desk,A3038,RETURN-QC-OK,N,helpdesk,7163,104000,helpdesk_no_change
TK-248213,2025-12-15 01:31,2025-12,2025Q4,resolved,email,,VA-EB-PL2,Email Frontline,A3019,GW-OTHER,N,helpdesk,7164,70000,helpdesk_no_change
TK-248230,2025-12-15 18:05,2025-12,2025Q4,resolved,chat,VR901068,VA-SP-ORB,Returns Desk,A3036,GW-OTHER,N,helpdesk,7178,479900,helpdesk_no_change
TK-248232,2025-12-15 21:39,2025-12,2025Q4,resolved,chat,VR908021,VA-SP-MINI,Chat Frontline,A3012,CANCEL,N,helpdesk,7180,199900,helpdesk_no_change
TK-248237,2025-12-16 12:23,2025-12,2025Q4,resolved,email,,VA-EB-PL2,Returns Desk,A3036,GW-OTHER,N,helpdesk,7184,349900,helpdesk_no_change
TK-248247,2025-12-16 18:30,2025-12,2025Q4,resolved,voice,VR909410,VA-EB-PL1,Voice Frontline,A3026,CANCEL,N,helpdesk,7191,212400,helpdesk_no_change
TK-248252,2025-12-16 20:42,2025-12,2025Q4,closed,voice,VR893444,VA-EB-PL1,Voice Frontline,A3026,GW-OTHER,Y,helpdesk,7196,249900,helpdesk_no_change
TK-248262,2025-12-17 10:51,2025-12,2025Q4,closed,social,VR894970,VA-SP-MINI,Logistics,A3028,GW-OTHER,N,helpdesk,7205,37500,helpdesk_no_change
TK-248263,2025-12-17 10:55,2025-12,2025Q4,resolved,email,,VA-NB-ARC,Returns Desk,A3036,RETURN-QC-OK,N,helpdesk,7206,116900,helpdesk_no_change
TK-248267,2025-12-17 11:56,2025-12,2025Q4,resolved,email,VR898351,VA-HP-ST3,Email Frontline,A3021,WTY-BUYBACK,N,helpdesk,7209,664900,helpdesk_no_change
TK-248268,2025-12-17 11:56,2025-12,2025Q4,resolved,chat,,VA-EB-PL1,Chat Frontline,A3013,DOA-REPL,N,helpdesk,7210,249900,helpdesk_no_change
TK-248270,2025-12-17 12:12,2025-12,2025Q4,resolved,social,VR909099,VA-EB-PL2,Billing,A3035,GW-OTHER,N,helpdesk,7211,332400,helpdesk_no_change
TK-248274,2025-12-17 16:16,2025-12,2025Q4,pending,chat,VR883264,VA-AC-CASE,Logistics,A3030,RETURN-QC-OK,N,helpdesk,7215,129900,helpdesk_no_change
TK-248279,2025-12-17 18:46,2025-12,2025Q4,resolved,chat,VR897948,VA-EB-AIR,Returns Desk,A3036,RETURN-QC-OK,N,helpdesk,7219,179900,helpdesk_no_change
TK-248280,2025-12-17 19:44,2025-12,2025Q4,resolved,email,VR899230,VA-AC-CASE,Logistics,A3029,RETURN-QC-OK,N,helpdesk,7220,103900,helpdesk_no_change
TK-248288,2025-12-17 22:15,2025-12,2025Q4,resolved,chat,VR909022,VA-HP-ST3,Returns Desk,A3038,GW-OTHER,N,helpdesk,7226,664900,helpdesk_no_change
TK-248300,2025-12-18 15:46,2025-12,2025Q4,resolved,email,VR893771,VA-EB-PL2,Email Frontline,A3002,CANCEL,N,helpdesk,7236,297400,helpdesk_no_change
TK-248306,2025-12-18 17:59,2025-12,2025Q4,resolved,voice,,VA-EB-AIR,Voice Frontline,A3026,GW-OTHER,N,helpdesk,7240,179900,helpdesk_no_change
TK-248314,2025-12-18 22:23,2025-12,2025Q4,resolved,email,,VA-EB-PL2,Billing,A3033,DUP-PAYMENT,N,helpdesk,7247,314900,helpdesk_no_change
TK-248319,2025-12-19 07:48,2025-12,2025Q4,resolved,chat,VR903670,VA-EB-PL2,Chat Frontline,A3007,WTY-BUYBACK,Y,helpdesk,7251,332400,helpdesk_no_change
TK-248322,2025-12-19 08:27,2025-12,2025Q4,resolved,chat,,VA-EB-AIR,Billing,A3033,GW-OTHER,N,helpdesk,7253,170900,helpdesk_no_change
TK-248327,2025-12-19 09:54,2025-12,2025Q4,resolved,voice,VR881307,VA-EB-PL2,Logistics,A3027,GW-OTHER,N,helpdesk,7257,297400,helpdesk_no_change
TK-248329,2025-12-19 10:21,2025-12,2025Q4,resolved,email,VR907017,VA-EB-AIR,Returns Desk,A3037,RETURN-QC-OK,N,helpdesk,7258,152900,helpdesk_no_change
TK-248338,2025-12-19 15:29,2025-12,2025Q4,resolved,chat,VR901099,VA-EB-PL2,Returns Desk,A3027,RETURN-QC-OK,N,helpdesk,7265,349900,helpdesk_no_change
TK-248342,2025-12-19 18:03,2025-12,2025Q4,resolved,voice,VR885021,VA-EB-PL2,Returns Desk,A3036,GW-OTHER,N,helpdesk,7267,699800,helpdesk_no_change
TK-248345,2025-12-19 18:34,2025-12,2025Q4,resolved,email,,VA-EB-AIR,Billing,A3009,GW-OTHER,N,helpdesk,7270,170900,helpdesk_no_change
TK-248349,2025-12-19 20:53,2025-12,2025Q4,resolved,chat,VR888988,VA-EB-AIR,Returns Desk,A3036,RETURN-QC-OK,N,helpdesk,7274,179900,helpdesk_no_change
TK-248352,2025-12-19 22:08,2025-12,2025Q4,resolved,chat,VR889940,VA-HP-ST3,Chat Frontline,A3002,GW-OTHER,N,helpdesk,7277,699900,helpdesk_no_change
TK-248358,2025-12-20 10:36,2025-12,2025Q4,resolved,email,VR907817,VA-EB-PL2,Billing,A3034,RETURN-QC-OK,N,helpdesk,7282,314900,helpdesk_no_change
TK-248367,2025-12-20 16:24,2025-12,2025Q4,resolved,email,VR907249,VA-EB-PL2,Email Frontline,A3018,CANCEL,N,helpdesk,7289,63000,helpdesk_no_change
TK-248371,2025-12-20 18:22,2025-12,2025Q4,resolved,email,VR898468,VA-SP-MINI,Returns Desk,A3038,RETURN-QC-OK,N,helpdesk,7292,249900,helpdesk_no_change
TK-248384,2025-12-21 08:05,2025-12,2025Q4,resolved,chat,VR882858,VA-EB-PL2,Chat Frontline,A3007,DUP-PAYMENT,N,helpdesk,7304,349900,helpdesk_no_change
TK-248389,2025-12-21 11:25,2025-12,2025Q4,resolved,email,VR886151,VA-HP-ST3,Logistics,A3030,DOA-REPL,N,helpdesk,7308,84000,helpdesk_no_change
TK-248394,2025-12-21 12:26,2025-12,2025Q4,resolved,social,,VA-SW-NX2,Billing,A3035,GW-OTHER,N,helpdesk,7312,649900,helpdesk_no_change
TK-248396,2025-12-21 13:16,2025-12,2025Q4,resolved,email,,VA-EB-PL2,Billing,A3035,RETURN-QC-OK,N,helpdesk,7314,332400,helpdesk_no_change
TK-248399,2025-12-21 14:46,2025-12,2025Q4,resolved,social,,VA-EB-PL2,Chat Frontline,A3005,DUP-PAYMENT,N,helpdesk,7317,56000,helpdesk_no_change
TK-248409,2025-12-21 21:08,2025-12,2025Q4,resolved,email,,VA-AC-CASE,Logistics,A3028,LOST-TRANSIT,N,helpdesk,7325,129900,helpdesk_no_change
TK-248413,2025-12-22 05:51,2025-12,2025Q4,resolved,chat,,VA-EB-PL2,Logistics,A3029,DOA-REPL,Y,helpdesk,7328,349900,helpdesk_no_change
TK-248418,2025-12-22 07:32,2025-12,2025Q4,resolved,email,,VA-AC-CASE,Returns Desk,A3037,GW-OTHER,N,helpdesk,7332,110400,helpdesk_no_change
TK-248426,2025-12-22 11:22,2025-12,2025Q4,resolved,chat,,VA-AC-CBL,Chat Frontline,A3006,GW-OTHER,N,helpdesk,7339,16000,helpdesk_no_change
TK-248438,2025-12-22 15:11,2025-12,2025Q4,resolved,email,VR896637,VA-EB-AIR,Billing,A3035,GW-OTHER,N,helpdesk,7348,30600,helpdesk_no_change
TK-248463,2025-12-23 09:21,2025-12,2025Q4,resolved,voice,VR883550,VA-HP-ST3,Logistics,A3028,CANCEL,N,helpdesk,7368,1119800,helpdesk_no_change
TK-248481,2025-12-23 19:54,2025-12,2025Q4,resolved,voice,VR899445,VA-EB-AIR,Returns Desk,A3036,GW-OTHER,N,helpdesk,7383,143900,helpdesk_no_change
TK-248485,2025-12-23 22:51,2025-12,2025Q4,resolved,chat,,VA-EB-PL2,Logistics,A3033,GW-OTHER,N,helpdesk,7387,35000,helpdesk_no_change
TK-248493,2025-12-24 09:00,2025-12,2025Q4,resolved,voice,VR902161,VA-SW-NX2,Voice Frontline,A3024,DUP-PAYMENT,N,helpdesk,7392,110500,helpdesk_no_change
TK-248507,2025-12-24 18:11,2025-12,2025Q4,resolved,chat,VR891628,VA-EB-PL2,Chat Frontline,A3009,GW-OTHER,Y,helpdesk,7403,279900,helpdesk_no_change
TK-248519,2025-12-24 20:55,2025-12,2025Q4,resolved,chat,,VA-SW-NX2,Chat Frontline,A3008,GW-OTHER,Y,helpdesk,7413,649900,helpdesk_no_change
TK-248525,2025-12-25 07:36,2025-12,2025Q4,resolved,email,VR894438,VA-EB-PL2,Email Frontline,A3022,GW-OTHER,N,helpdesk,7418,349900,helpdesk_no_change
TK-248530,2025-12-25 11:07,2025-12,2025Q4,resolved,chat,,VA-SP-MINI,Billing,A3032,DUP-PAYMENT,N,helpdesk,7422,224900,helpdesk_no_change
TK-248536,2025-12-25 13:13,2025-12,2025Q4,resolved,voice,,VA-EB-PL2,Returns Desk,A3037,GW-OTHER,N,helpdesk,7427,44600,helpdesk_no_change
TK-248537,2025-12-25 14:12,2025-12,2025Q4,resolved,voice,,VA-EB-PL2,Billing,A3035,GW-OTHER,N,helpdesk,7428,349900,helpdesk_no_change
TK-248540,2025-12-25 16:15,2025-12,2025Q4,resolved,email,VR907652,VA-EB-PL1,Email Frontline,A3018,DUP-PAYMENT,N,helpdesk,7431,249900,helpdesk_no_change
TK-248542,2025-12-25 16:31,2025-12,2025Q4,resolved,chat,VR897550,VA-NB-ARC,Chat Frontline,A3015,DUP-PAYMENT,N,helpdesk,7433,129900,helpdesk_no_change
TK-248544,2025-12-25 16:59,2025-12,2025Q4,resolved,voice,,VA-EB-PL1,Voice Frontline,A3026,DUP-PAYMENT,N,helpdesk,7435,499800,helpdesk_no_change
TK-248556,2025-12-25 21:37,2025-12,2025Q4,resolved,chat,,VA-EB-PL1,Logistics,A3030,GW-OTHER,N,helpdesk,7444,25000,helpdesk_no_change
TK-248560,2025-12-25 21:58,2025-12,2025Q4,resolved,email,,VA-HP-ST3,Email Frontline,A3002,DOA-REPL,Y,helpdesk,7446,699900,helpdesk_no_change
TK-248563,2025-12-26 03:58,2025-12,2025Q4,resolved,social,VR901048,VA-EB-PL2,Returns Desk,A3037,GW-OTHER,N,helpdesk,7449,314900,helpdesk_no_change
TK-248569,2025-12-26 09:43,2025-12,2025Q4,resolved,chat,VR908521,VA-EB-PL2,Returns Desk,A3038,GW-OTHER,N,helpdesk,7454,166200,helpdesk_no_change
TK-248575,2025-12-26 14:57,2025-12,2025Q4,resolved,email,VR886265,VA-EB-AIR,Billing,A3035,GW-OTHER,N,helpdesk,7459,179900,helpdesk_no_change
TK-248576,2025-12-26 15:41,2025-12,2025Q4,resolved,email,VR901337,VA-EB-PL2,Email Frontline,A3018,CANCEL,N,helpdesk,7460,332400,helpdesk_no_change
TK-248583,2025-12-26 17:59,2025-12,2025Q4,closed,voice,,VA-EB-PL2,Voice Frontline,A3026,CANCEL,N,helpdesk,7464,349900,helpdesk_no_change
TK-248589,2025-12-26 21:03,2025-12,2025Q4,resolved,email,,VA-NB-ARC,Returns Desk,A3038,RETURN-QC-OK,N,helpdesk,7470,129900,helpdesk_no_change
TK-248594,2025-12-26 23:26,2025-12,2025Q4,resolved,chat,VR881271,VA-SW-NX1,Billing,A3033,GW-OTHER,N,helpdesk,7474,50000,helpdesk_no_change
TK-248596,2025-12-27 00:24,2025-12,2025Q4,resolved,chat,VR890445,VA-HP-ST3,Chat Frontline,A3003,DOA-REPL,N,helpdesk,7475,629900,helpdesk_no_change
TK-248597,2025-12-27 07:10,2025-12,2025Q4,resolved,email,VR881663,VA-EB-PL2,Returns Desk,A3037,RETURN-QC-OK,N,helpdesk,7476,297400,helpdesk_no_change
TK-248604,2025-12-27 13:05,2025-12,2025Q4,resolved,email,VR906394,VA-EB-PL2,Email Frontline,A3019,CANCEL,N,helpdesk,7482,279900,helpdesk_no_change
TK-248605,2025-12-27 13:30,2025-12,2025Q4,resolved,email,VR901391,VA-SW-FIT,Billing,A3035,GW-OTHER,N,helpdesk,7483,169900,helpdesk_no_change
TK-248611,2025-12-27 15:39,2025-12,2025Q4,resolved,chat,VR885278,VA-SW-NX2,Billing,A3035,DUP-PAYMENT,N,helpdesk,7488,519900,helpdesk_no_change
TK-248622,2025-12-28 06:22,2025-12,2025Q4,resolved,email,,VA-SW-NX2,Logistics,A3029,RETURN-QC-OK,N,helpdesk,7496,552400,helpdesk_no_change
TK-248630,2025-12-28 12:52,2025-12,2025Q4,resolved,chat,VR881752,VA-SW-NX2,Billing,A3034,CANCEL,N,helpdesk,7503,617400,helpdesk_no_change
TK-248633,2025-12-28 13:15,2025-12,2025Q4,closed,email,,VA-AC-CBL,Returns Desk,A3037,GW-OTHER,N,helpdesk,7505,4000,helpdesk_no_change
TK-248640,2025-12-28 17:50,2025-12,2025Q4,resolved,social,VR882775,VA-SW-NX2,Logistics,A3028,RETURN-QC-OK,N,helpdesk,7512,617400,helpdesk_no_change
TK-248650,2025-12-29 01:18,2025-12,2025Q4,resolved,social,VR906124,VA-EB-PL1,Returns Desk,A3038,RETURN-QC-OK,N,helpdesk,7520,25000,helpdesk_no_change
TK-248651,2025-12-29 07:19,2025-12,2025Q4,closed,social,,VA-EB-PL1,Returns Desk,A3037,GW-OTHER,N,helpdesk,7521,212400,helpdesk_no_change
TK-248652,2025-12-29 08:02,2025-12,2025Q4,closed,email,VR884439,VA-EB-PL2,Returns Desk,A3037,GW-OTHER,N,helpdesk,7522,70000,helpdesk_no_change
TK-248660,2025-12-29 10:36,2025-12,2025Q4,resolved,chat,,VA-EB-PL2,Chat Frontline,A3013,CANCEL,N,helpdesk,7529,349900,helpdesk_no_change
TK-248668,2025-12-29 16:21,2025-12,2025Q4,resolved,email,VR907161,VA-EB-PL2,Logistics,A3030,LOST-TRANSIT,N,helpdesk,7535,279900,helpdesk_no_change
TK-248687,2025-12-30 11:10,2025-12,2025Q4,closed,social,VR908077,VA-EB-AIR,Billing,A3033,DUP-PAYMENT,N,helpdesk,7551,179900,helpdesk_no_change
TK-248701,2025-12-30 18:25,2025-12,2025Q4,resolved,chat,VR893246,VA-EB-PL2,Returns Desk,A3036,GW-OTHER,N,helpdesk,7562,279900,helpdesk_no_change
TK-248705,2025-12-30 18:56,2025-12,2025Q4,resolved,chat,,VA-EB-PL1,Logistics,A3030,GW-OTHER,N,helpdesk,7565,249900,helpdesk_no_change
TK-248716,2025-12-31 10:42,2025-12,2025Q4,resolved,email,VR899595,VA-SW-NX2,Email Frontline,A3018,CANCEL,N,helpdesk,7575,1299800,helpdesk_no_change
TK-248737,2025-12-31 18:08,2025-12,2025Q4,open,voice,VR902957,VA-HP-ST3,Returns Desk,A3001,RETURN-QC-OK,N,helpdesk,7590,63000,helpdesk_no_change
TK-248743,2025-12-31 20:45,2025-12,2025Q4,resolved,chat,VR894080,VA-EB-PL1,Chat Frontline,A3039,DOA-REPL,N,helpdesk,7595,199900,helpdesk_no_change
TK-248744,2025-12-31 20:55,2025-12,2025Q4,resolved,social,,VA-EB-PL2,Chat Frontline,A3016,GW-OTHER,N,helpdesk,7596,52500,helpdesk_no_change
TK-248745,2025-12-31 21:05,2025-12,2025Q4,resolved,chat,VR883702,VA-EB-AIR,Billing,A3035,PRICE-ADJ,N,helpdesk,7597,25600,helpdesk_no_change
TK-248750,2025-12-31 23:45,2025-12,2025Q4,resolved,social,VR889232,VA-EB-PL2,Billing,A3031,DUP-PAYMENT,N,helpdesk,7601,349900,helpdesk_no_change
TK-248753,2026-01-01 08:07,2026-01,2026Q1,resolved,chat,,VA-EB-PL2,Chat Frontline,A3011,GW-OTHER,N,helpdesk,7604,349900,helpdesk_no_change
TK-248757,2026-01-01 11:45,2026-01,2026Q1,resolved,chat,VR908970,VA-EB-PL2,Chat Frontline,A3011,GW-OTHER,N,helpdesk,7608,349900,helpdesk_no_change
TK-248758,2026-01-01 12:11,2026-01,2026Q1,closed,email,VR896620,VA-HP-ST3,Email Frontline,A3017,DUP-PAYMENT,N,helpdesk,7609,559900,helpdesk_no_change
TK-248761,2026-01-01 13:12,2026-01,2026Q1,resolved,email,,VA-EB-PL2,Returns Desk,A3036,RETURN-QC-OK,N,helpdesk,7612,699800,helpdesk_no_change
TK-248762,2026-01-01 13:40,2026-01,2026Q1,resolved,chat,,VA-EB-PL1,Logistics,A3028,GW-OTHER,Y,helpdesk,7613,249900,helpdesk_no_change
TK-248770,2026-01-01 18:13,2026-01,2026Q1,resolved,chat,,VA-EB-PL2,Returns Desk,A3036,RETURN-QC-OK,N,helpdesk,7619,349900,helpdesk_no_change
TK-248772,2026-01-01 18:19,2026-01,2026Q1,resolved,email,VR888256,VA-SW-NX2,Returns Desk,A3004,GW-OTHER,N,helpdesk,7621,519900,helpdesk_no_change
TK-248774,2026-01-01 19:01,2026-01,2026Q1,resolved,email,VR889756,VA-NB-ARC,Escalations & Warranty,A3043,DOA-REPL,N,helpdesk,7623,103900,helpdesk_no_change
TK-248779,2026-01-01 22:13,2026-01,2026Q1,resolved,email,,VA-SW-NX2,Email Frontline,A3002,DUP-PAYMENT,N,helpdesk,7628,519900,helpdesk_no_change
TK-248782,2026-01-02 06:38,2026-01,2026Q1,resolved,email,,VA-EB-PL2,Email Frontline,A3018,GW-OTHER,N,helpdesk,7631,314900,helpdesk_no_change
TK-248793,2026-01-02 12:58,2026-01,2026Q1,resolved,chat,VR898903,VA-EB-PL2,Chat Frontline,A3007,CANCEL,N,helpdesk,7640,314900,helpdesk_no_change
TK-248794,2026-01-02 13:47,2026-01,2026Q1,resolved,chat,VR905052,VA-AC-CH65,Returns Desk,A3037,GW-OTHER,N,helpdesk,7641,149900,helpdesk_no_change
TK-248796,2026-01-02 15:10,2026-01,2026Q1,resolved,social,,VA-SP-ORB,Returns Desk,A3036,RETURN-QC-OK,N,helpdesk,7643,285000,helpdesk_no_change
TK-248801,2026-01-02 16:17,2026-01,2026Q1,resolved,chat,VR898577,VA-EB-PL2,Billing,A3035,DUP-PAYMENT,N,helpdesk,7646,70000,helpdesk_no_change
TK-248803,2026-01-02 16:35,2026-01,2026Q1,resolved,email,,VA-SW-NX2,Returns Desk,A3036,GW-OTHER,N,helpdesk,7648,92600,helpdesk_no_change
TK-248807,2026-01-02 21:17,2026-01,2026Q1,resolved,chat,VR901731,VA-EB-PL2,Logistics,A3030,RETURN-QC-OK,N,helpdesk,7651,332400,helpdesk_no_change
TK-248810,2026-01-03 00:47,2026-01,2026Q1,resolved,social,VR894861,VA-SW-NX2,Billing,A3032,PRICE-ADJ,N,helpdesk,7654,649900,helpdesk_no_change
TK-248814,2026-01-03 08:16,2026-01,2026Q1,pending,chat,,VA-HP-ST2,Returns Desk,A3037,RETURN-QC-OK,N,helpdesk,7656,424900,helpdesk_no_change
TK-248821,2026-01-03 10:46,2026-01,2026Q1,resolved,social,VR899197,VA-SP-MINI,Billing,A3033,GW-OTHER,N,helpdesk,7661,249900,helpdesk_no_change
TK-248838,2026-01-03 18:39,2026-01,2026Q1,resolved,email,VR903382,VA-SP-MINI,Returns Desk,A3036,RETURN-QC-OK,N,helpdesk,7673,474800,helpdesk_no_change
TK-248839,2026-01-03 19:01,2026-01,2026Q1,resolved,email,,VA-EB-PL2,Email Frontline,A3018,WTY-BUYBACK,Y,helpdesk,7674,314900,helpdesk_no_change
TK-248840,2026-01-03 19:17,2026-01,2026Q1,resolved,email,,VA-HP-ST3,Email Frontline,A3029,GW-OTHER,N,helpdesk,7675,1259800,helpdesk_no_change
TK-248842,2026-01-03 20:38,2026-01,2026Q1,resolved,email,VR901872,VA-SW-FIT,Escalations & Warranty,A3042,GW-OTHER,N,helpdesk,7677,27000,helpdesk_no_change
TK-248843,2026-01-03 20:49,2026-01,2026Q1,resolved,voice,VR883925,VA-SW-FIT,Voice Frontline,A3026,DUP-PAYMENT,N,helpdesk,7678,40000,helpdesk_no_change
TK-248849,2026-01-04 00:00,2026-01,2026Q1,resolved,chat,VR891083,VA-EB-PL2,Logistics,A3031,GW-OTHER,N,helpdesk,7682,349900,helpdesk_no_change
TK-248853,2026-01-04 08:54,2026-01,2026Q1,resolved,chat,VR890546,VA-EB-PL2,Chat Frontline,A3010,CANCEL,N,helpdesk,7685,70000,helpdesk_no_change
TK-248859,2026-01-04 10:29,2026-01,2026Q1,resolved,social,VR899705,VA-EB-PL2,Chat Frontline,A3009,GW-OTHER,Y,helpdesk,7689,297400,helpdesk_no_change
TK-248860,2026-01-04 12:01,2026-01,2026Q1,resolved,chat,VR893667,VA-EB-PL2,Billing,A3033,DUP-PAYMENT,N,helpdesk,7690,314900,helpdesk_no_change
TK-248862,2026-01-04 13:02,2026-01,2026Q1,resolved,chat,,VA-HP-ST2,Billing,A3034,DUP-PAYMENT,N,helpdesk,7691,50000,helpdesk_no_change
TK-248866,2026-01-04 15:57,2026-01,2026Q1,resolved,email,VR895652,VA-SW-FIT,Email Frontline,A3018,CANCEL,N,helpdesk,7695,169900,helpdesk_no_change
TK-248877,2026-01-04 21:28,2026-01,2026Q1,resolved,email,,VA-EB-PL1,Returns Desk,A3037,RETURN-QC-OK,N,helpdesk,7705,199900,helpdesk_no_change
TK-248879,2026-01-04 21:36,2026-01,2026Q1,closed,social,,VA-EB-AIR,Chat Frontline,A3017,CANCEL,N,helpdesk,7706,179900,helpdesk_no_change
TK-248894,2026-01-05 18:06,2026-01,2026Q1,open,email,VR909843,VA-AC-CH65,Billing,A3035,RETURN-QC-OK,N,helpdesk,7720,22500,helpdesk_no_change
TK-248905,2026-01-06 11:46,2026-01,2026Q1,resolved,chat,VR884754,VA-SP-ORB,Billing,A3032,DUP-PAYMENT,N,helpdesk,7730,90000,helpdesk_no_change
TK-248908,2026-01-06 12:58,2026-01,2026Q1,resolved,email,VR896973,VA-SW-NX2,Returns Desk,A3036,RETURN-QC-OK,N,helpdesk,7732,325000,helpdesk_no_change
TK-248911,2026-01-06 16:47,2026-01,2026Q1,resolved,voice,VR904023,VA-SW-NX2,Voice Frontline,A3026,GW-OTHER,N,helpdesk,7735,649900,helpdesk_no_change
TK-248916,2026-01-06 18:11,2026-01,2026Q1,resolved,email,,VA-AC-CASE,Email Frontline,A3018,GW-OTHER,N,helpdesk,7739,129900,helpdesk_no_change
TK-248923,2026-01-07 00:54,2026-01,2026Q1,resolved,email,VR881098,VA-SP-MINI,Billing,A3034,CANCEL,N,helpdesk,7745,249900,helpdesk_no_change
TK-248926,2026-01-07 04:22,2026-01,2026Q1,resolved,social,VR895953,VA-EB-PL1,Chat Frontline,A3013,WTY-BUYBACK,N,helpdesk,7747,499800,helpdesk_no_change
TK-248929,2026-01-07 08:33,2026-01,2026Q1,closed,email,,VA-EB-PL2,Logistics,A3027,RETURN-QC-OK,N,helpdesk,7749,52500,helpdesk_no_change
TK-248945,2026-01-07 14:01,2026-01,2026Q1,resolved,chat,VR906555,VA-SW-NX1,Chat Frontline,A3009,GW-OTHER,N,helpdesk,7762,424900,helpdesk_no_change
TK-248950,2026-01-07 18:41,2026-01,2026Q1,resolved,chat,VR883801,VA-EB-PL2,Billing,A3035,GW-OTHER,N,helpdesk,7766,56000,helpdesk_no_change
TK-248952,2026-01-07 21:23,2026-01,2026Q1,resolved,chat,,VA-AC-CASE,Chat Frontline,A3012,DUP-PAYMENT,N,helpdesk,7768,52000,helpdesk_no_change
TK-248954,2026-01-07 21:31,2026-01,2026Q1,resolved,voice,VR897229,VA-EB-PL2,Returns Desk,A3036,RETURN-QC-OK,N,helpdesk,7769,349900,helpdesk_no_change
TK-248963,2026-01-08 12:12,2026-01,2026Q1,closed,chat,VR904449,VA-EB-AIR,Returns Desk,A3038,RETURN-QC-OK,N,helpdesk,7777,179900,helpdesk_no_change
TK-248967,2026-01-08 13:27,2026-01,2026Q1,resolved,chat,VR898614,VA-EB-PL2,Logistics,A3028,DOA-REPL,N,helpdesk,7780,699800,helpdesk_no_change
TK-248974,2026-01-08 17:13,2026-01,2026Q1,resolved,email,VR904464,VA-EB-PL2,Email Frontline,A3003,WTY-BUYBACK,Y,helpdesk,7786,349900,helpdesk_no_change
TK-248981,2026-01-08 19:20,2026-01,2026Q1,resolved,voice,VR892471,VA-EB-PL2,Voice Frontline,A3026,CANCEL,N,helpdesk,7791,279900,helpdesk_no_change
TK-248985,2026-01-08 19:43,2026-01,2026Q1,resolved,voice,VR882645,VA-EB-PL1,Returns Desk,A3036,RETURN-QC-OK,N,helpdesk,7793,237400,helpdesk_no_change
TK-248988,2026-01-08 20:16,2026-01,2026Q1,resolved,chat,VR909884,VA-EB-PL1,Chat Frontline,A3009,DUP-PAYMENT,N,helpdesk,7795,125000,helpdesk_no_change
TK-248991,2026-01-08 20:33,2026-01,2026Q1,closed,social,VR902991,VA-SP-MINI,Billing,A3034,GW-OTHER,N,helpdesk,7797,100000,helpdesk_no_change
TK-248997,2026-01-09 01:16,2026-01,2026Q1,closed,chat,,VA-EB-PL2,Chat Frontline,A3003,GW-OTHER,N,helpdesk,7801,349900,helpdesk_no_change
TK-249001,2026-01-09 10:17,2026-01,2026Q1,resolved,chat,,VA-EB-PL1,Billing,A3033,DUP-PAYMENT,N,helpdesk,7804,249900,helpdesk_no_change
TK-249007,2026-01-09 14:17,2026-01,2026Q1,resolved,voice,,VA-SW-FIT,Returns Desk,A3036,RETURN-QC-OK,N,helpdesk,7809,199900,helpdesk_no_change
TK-249009,2026-01-09 16:08,2026-01,2026Q1,resolved,chat,,VA-SW-FIT,Returns Desk,A3036,GW-OTHER,N,helpdesk,7811,169900,helpdesk_no_change
TK-249020,2026-01-09 21:19,2026-01,2026Q1,resolved,email,VR907973,VA-SW-NX2,Escalations & Warranty,A3039,GW-OTHER,N,helpdesk,7821,649900,helpdesk_no_change
TK-249028,2026-01-10 12:23,2026-01,2026Q1,resolved,voice,VR898248,VA-SP-ORB,Billing,A3034,DUP-PAYMENT,N,helpdesk,7826,479900,helpdesk_no_change
TK-249031,2026-01-10 12:40,2026-01,2026Q1,resolved,chat,VR899928,VA-EB-PL2,Billing,A3032,DUP-PAYMENT,N,helpdesk,7828,349900,helpdesk_no_change
TK-249033,2026-01-10 14:24,2026-01,2026Q1,resolved,chat,VR887308,VA-HP-ST3,Returns Desk,A3036,GW-OTHER,N,helpdesk,7830,94500,helpdesk_no_change
TK-249067,2026-01-11 14:54,2026-01,2026Q1,resolved,email,,VA-HP-ST3,Returns Desk,A3036,GW-OTHER,N,helpdesk,7857,699900,helpdesk_no_change
TK-249085,2026-01-12 09:55,2026-01,2026Q1,closed,chat,,VA-EB-PL2,Chat Frontline,A3007,PRICE-ADJ,N,helpdesk,7872,349900,helpdesk_no_change
TK-249092,2026-01-12 12:15,2026-01,2026Q1,closed,email,VR883713,VA-EB-PL2,Logistics,A3030,GW-OTHER,N,helpdesk,7878,349900,helpdesk_no_change
TK-249095,2026-01-12 13:55,2026-01,2026Q1,resolved,email,VR906363,VA-SP-ORB,Returns Desk,A3036,RETURN-QC-OK,N,helpdesk,7881,569900,helpdesk_no_change
TK-249100,2026-01-12 16:05,2026-01,2026Q1,resolved,chat,VR907566,VA-HP-ST2,Billing,A3035,DUP-PAYMENT,N,helpdesk,7886,499900,helpdesk_no_change
TK-249106,2026-01-12 20:26,2026-01,2026Q1,resolved,chat,VR901663,VA-NB-ARC,Escalations & Warranty,A3042,DOA-REPL,N,helpdesk,7891,116900,helpdesk_no_change
TK-249110,2026-01-13 07:16,2026-01,2026Q1,resolved,chat,,VA-SW-NX2,Billing,A3032,DUP-PAYMENT,N,helpdesk,7895,552400,helpdesk_no_change
TK-249114,2026-01-13 08:42,2026-01,2026Q1,resolved,voice,VR909524,VA-SP-MINI,Returns Desk,A3038,RETURN-QC-OK,N,helpdesk,7899,249900,helpdesk_no_change
TK-249122,2026-01-13 13:35,2026-01,2026Q1,resolved,social,,VA-SW-NX2,Returns Desk,A3036,RETURN-QC-OK,N,helpdesk,7906,649900,helpdesk_no_change
TK-249130,2026-01-13 17:24,2026-01,2026Q1,resolved,social,VR898468,VA-SP-MINI,Chat Frontline,A3004,GW-OTHER,N,helpdesk,7912,249900,helpdesk_no_change
TK-249134,2026-01-13 21:29,2026-01,2026Q1,closed,email,VR882000,VA-EB-PL2,Logistics,A3027,GW-OTHER,N,helpdesk,7915,279900,helpdesk_no_change
TK-249147,2026-01-14 11:09,2026-01,2026Q1,open,chat,VR898498,VA-EB-PL2,Chat Frontline,A3013,GW-OTHER,N,helpdesk,7924,70000,helpdesk_no_change
TK-249149,2026-01-14 11:34,2026-01,2026Q1,resolved,email,VR908998,VA-NB-ARC,Billing,A3035,DUP-PAYMENT,N,helpdesk,7926,55200,helpdesk_no_change
TK-249151,2026-01-14 12:30,2026-01,2026Q1,resolved,chat,,VA-EB-PL2,Logistics,A3028,GW-OTHER,N,helpdesk,7927,49900,helpdesk_no_change
TK-249155,2026-01-14 14:28,2026-01,2026Q1,resolved,chat,VR909768,VA-SP-MINI,Logistics,A3030,CANCEL,N,helpdesk,7931,249900,helpdesk_no_change
TK-249161,2026-01-14 17:04,2026-01,2026Q1,resolved,email,,VA-EB-PL1,Email Frontline,A3018,GW-OTHER,Y,helpdesk,7936,199900,helpdesk_no_change
TK-249163,2026-01-14 17:21,2026-01,2026Q1,resolved,chat,VR883775,VA-HP-ST3,Billing,A3035,GW-OTHER,N,helpdesk,7938,699900,helpdesk_no_change
TK-249167,2026-01-14 20:03,2026-01,2026Q1,resolved,email,,VA-EB-PL1,Email Frontline,A3016,GW-OTHER,N,helpdesk,7942,199900,helpdesk_no_change
TK-249172,2026-01-14 21:41,2026-01,2026Q1,closed,voice,,VA-EB-PL1,Logistics,A3029,GW-OTHER,Y,helpdesk,7946,249900,helpdesk_no_change
TK-249195,2026-01-15 17:59,2026-01,2026Q1,resolved,social,VR890649,VA-SP-ORB,Logistics,A3030,GW-OTHER,Y,helpdesk,7964,539900,helpdesk_no_change
TK-249196,2026-01-15 19:00,2026-01,2026Q1,resolved,chat,,VA-HP-ST2,Billing,A3035,GW-OTHER,N,helpdesk,7965,499900,helpdesk_no_change
TK-249198,2026-01-15 23:40,2026-01,2026Q1,resolved,email,VR895401,VA-EB-PL1,Logistics,A3027,GW-OTHER,N,helpdesk,7967,249900,helpdesk_no_change
TK-249200,2026-01-16 08:50,2026-01,2026Q1,resolved,email,VR889455,VA-SP-ORB,Returns Desk,A3038,GW-OTHER,N,helpdesk,7969,539900,helpdesk_no_change
TK-249207,2026-01-16 13:21,2026-01,2026Q1,resolved,email,,VA-NB-ARC,Email Frontline,A3018,CANCEL,N,helpdesk,7976,259800,helpdesk_no_change
TK-249213,2026-01-16 20:20,2026-01,2026Q1,resolved,chat,,VA-SW-FIT,Billing,A3035,GW-OTHER,N,helpdesk,7981,18000,helpdesk_no_change
TK-249217,2026-01-16 20:50,2026-01,2026Q1,resolved,voice,VR901137,VA-AC-CASE,Billing,A3035,GW-OTHER,N,helpdesk,7984,110400,helpdesk_no_change
TK-249219,2026-01-16 21:56,2026-01,2026Q1,resolved,email,,VA-EB-PL2,Returns Desk,A3037,GW-OTHER,N,helpdesk,7986,349900,helpdesk_no_change
TK-249220,2026-01-16 23:25,2026-01,2026Q1,resolved,chat,VR900688,VA-EB-PL2,Logistics,A3027,LOST-TRANSIT,N,helpdesk,7987,314900,helpdesk_no_change
TK-249228,2026-01-17 13:21,2026-01,2026Q1,resolved,voice,VR883801,VA-EB-PL2,Returns Desk,A3038,GW-OTHER,N,helpdesk,7993,279900,helpdesk_no_change
TK-249263,2026-01-18 18:44,2026-01,2026Q1,resolved,chat,VR892127,VA-EB-AIR,Returns Desk,A3036,RETURN-QC-OK,N,helpdesk,8024,179900,helpdesk_no_change
TK-249270,2026-01-18 23:52,2026-01,2026Q1,resolved,chat,,VA-AC-CH65,Chat Frontline,A3003,CANCEL,N,helpdesk,8029,142400,helpdesk_no_change
TK-249273,2026-01-19 08:09,2026-01,2026Q1,resolved,chat,VR906776,VA-AC-CASE,Returns Desk,A3037,GW-OTHER,N,helpdesk,8031,13000,helpdesk_no_change
TK-249282,2026-01-19 12:56,2026-01,2026Q1,resolved,voice,VR885660,VA-EB-PL2,Voice Frontline,A3024,DUP-PAYMENT,N,helpdesk,8038,349900,helpdesk_no_change
TK-249291,2026-01-19 15:48,2026-01,2026Q1,resolved,email,,VA-EB-PL2,Email Frontline,A3016,GW-OTHER,N,helpdesk,8046,140000,helpdesk_no_change
TK-249310,2026-01-20 09:14,2026-01,2026Q1,resolved,voice,VR890394,VA-EB-PL2,Billing,A3034,DUP-PAYMENT,N,helpdesk,8062,42000,helpdesk_no_change
TK-249311,2026-01-20 09:29,2026-01,2026Q1,pending,email,VR895401,VA-EB-PL1,Billing,A3034,DUP-PAYMENT,N,helpdesk,8063,249900,helpdesk_no_change
TK-249319,2026-01-20 11:52,2026-01,2026Q1,resolved,social,,VA-HP-ST2,Billing,A3032,DUP-PAYMENT,N,helpdesk,8069,499900,helpdesk_no_change
TK-249324,2026-01-20 13:27,2026-01,2026Q1,resolved,voice,VR903336,VA-SW-FIT,Voice Frontline,A3021,GW-OTHER,N,helpdesk,8073,169900,helpdesk_no_change
TK-249329,2026-01-20 15:36,2026-01,2026Q1,resolved,social,,VA-EB-PL2,Chat Frontline,A3004,GW-OTHER,Y,helpdesk,8076,279900,helpdesk_no_change
TK-249338,2026-01-21 10:27,2026-01,2026Q1,resolved,chat,VR896636,VA-SP-MINI,Billing,A3033,GW-OTHER,N,helpdesk,8082,249900,helpdesk_no_change
TK-249347,2026-01-21 14:11,2026-01,2026Q1,open,email,VR895996,VA-EB-PL2,Returns Desk,A3036,RETURN-QC-OK,N,helpdesk,8089,349900,helpdesk_no_change
TK-249348,2026-01-21 15:13,2026-01,2026Q1,resolved,chat,,VA-AC-CASE,Chat Frontline,A3014,CANCEL,N,helpdesk,8090,129900,helpdesk_no_change
TK-249351,2026-01-21 16:18,2026-01,2026Q1,resolved,chat,VR886911,VA-EB-PL2,Chat Frontline,A3008,WTY-BUYBACK,N,helpdesk,8093,314900,helpdesk_no_change
TK-249353,2026-01-21 18:40,2026-01,2026Q1,resolved,email,VR881902,VA-EB-PL2,Email Frontline,A3018,GW-OTHER,Y,helpdesk,8095,349900,helpdesk_no_change
TK-249356,2026-01-21 19:49,2026-01,2026Q1,open,email,VR881257,VA-EB-PL2,Billing,A3033,DUP-PAYMENT,N,helpdesk,8097,166200,helpdesk_no_change
TK-249358,2026-01-21 20:39,2026-01,2026Q1,resolved,chat,VR899322,VA-EB-PL1,Chat Frontline,A3005,DOA-REPL,Y,helpdesk,8099,199900,helpdesk_no_change
TK-249360,2026-01-21 21:19,2026-01,2026Q1,resolved,chat,,VA-SP-MINI,Chat Frontline,A3009,LOST-TRANSIT,N,helpdesk,8100,224900,helpdesk_no_change
TK-249368,2026-01-22 08:55,2026-01,2026Q1,resolved,chat,VR890054,VA-EB-PL2,Chat Frontline,A3007,CANCEL,N,helpdesk,8108,349900,helpdesk_no_change
TK-249373,2026-01-22 09:31,2026-01,2026Q1,resolved,chat,,VA-EB-PL1,Returns Desk,A3038,GW-OTHER,N,helpdesk,8111,237400,helpdesk_no_change
TK-249389,2026-01-22 17:26,2026-01,2026Q1,resolved,chat,VR897925,VA-EB-PL2,Billing,A3035,RETURN-QC-OK,N,helpdesk,8122,664800,helpdesk_no_change
TK-249404,2026-01-22 23:35,2026-01,2026Q1,resolved,chat,,VA-HP-ST3,Billing,A3034,DUP-PAYMENT,N,helpdesk,8131,559900,helpdesk_no_change
TK-249405,2026-01-23 00:37,2026-01,2026Q1,resolved,email,,VA-EB-PL2,Billing,A3034,DUP-PAYMENT,N,helpdesk,8132,332400,helpdesk_no_change
TK-249415,2026-01-23 11:36,2026-01,2026Q1,resolved,voice,,VA-EB-PL2,Billing,A3032,DUP-PAYMENT,N,helpdesk,8141,699800,helpdesk_no_change
TK-249418,2026-01-23 11:48,2026-01,2026Q1,pending,chat,,VA-EB-PL1,Billing,A3033,GW-OTHER,N,helpdesk,8143,47500,helpdesk_no_change
TK-249425,2026-01-23 13:06,2026-01,2026Q1,resolved,chat,VR892589,VA-HP-ST3,Returns Desk,A3038,GW-OTHER,N,helpdesk,8148,629900,helpdesk_no_change
TK-249427,2026-01-23 15:35,2026-01,2026Q1,resolved,chat,VR905641,VA-EB-PL2,Chat Frontline,A3012,GW-OTHER,N,helpdesk,8150,314900,helpdesk_no_change
TK-249436,2026-01-23 20:58,2026-01,2026Q1,resolved,chat,VR907473,VA-EB-PL2,Chat Frontline,A3008,CANCEL,N,helpdesk,8156,314900,helpdesk_no_change
TK-249441,2026-01-23 22:40,2026-01,2026Q1,resolved,email,VR904979,VA-SW-NX2,Email Frontline,A3001,DOA-REPL,Y,helpdesk,8159,552400,helpdesk_no_change
TK-249447,2026-01-24 08:30,2026-01,2026Q1,resolved,email,VR893667,VA-EB-PL2,Logistics,A3030,RETURN-QC-OK,N,helpdesk,8165,63000,helpdesk_no_change
TK-249451,2026-01-24 09:40,2026-01,2026Q1,resolved,chat,VR895351,VA-EB-PL2,Escalations & Warranty,A3039,WTY-BUYBACK,N,helpdesk,8168,314900,helpdesk_no_change
TK-249457,2026-01-24 10:25,2026-01,2026Q1,resolved,email,,VA-HP-ST2,Logistics,A3031,DOA-REPL,N,helpdesk,8173,449900,helpdesk_no_change
TK-249488,2026-01-25 09:47,2026-01,2026Q1,resolved,chat,VR888054,VA-EB-PL2,Chat Frontline,A3006,GW-OTHER,N,helpdesk,8195,349900,helpdesk_no_change
TK-249490,2026-01-25 10:00,2026-01,2026Q1,resolved,social,VR897172,VA-EB-PL2,Returns Desk,A3037,GW-OTHER,N,helpdesk,8197,297400,helpdesk_no_change
TK-249501,2026-01-25 12:07,2026-01,2026Q1,resolved,chat,VR889406,VA-SP-ORB,Billing,A3033,GW-OTHER,N,helpdesk,8204,54000,helpdesk_no_change
TK-249516,2026-01-25 20:55,2026-01,2026Q1,resolved,voice,,VA-SW-FIT,Billing,A3035,RETURN-QC-OK,N,helpdesk,8215,85000,helpdesk_no_change
TK-249520,2026-01-25 23:39,2026-01,2026Q1,resolved,email,VR889017,VA-EB-PL2,Billing,A3033,CANCEL,N,helpdesk,8218,33200,helpdesk_no_change
TK-249521,2026-01-26 02:46,2026-01,2026Q1,resolved,email,,VA-NB-ARC,Email Frontline,A3003,CANCEL,N,helpdesk,8219,129900,helpdesk_no_change
TK-249522,2026-01-26 07:03,2026-01,2026Q1,resolved,chat,,VA-EB-PL2,Chat Frontline,A3013,CANCEL,N,helpdesk,8220,349900,helpdesk_no_change
TK-249527,2026-01-26 08:14,2026-01,2026Q1,resolved,voice,VR891339,VA-EB-PL2,Returns Desk,A3038,GW-OTHER,N,helpdesk,8224,279900,helpdesk_no_change
TK-249528,2026-01-26 08:15,2026-01,2026Q1,resolved,email,VR908325,VA-SP-MINI,Logistics,A3029,LOST-TRANSIT,N,helpdesk,8225,199900,helpdesk_no_change
TK-249530,2026-01-26 09:00,2026-01,2026Q1,resolved,chat,VR883614,VA-EB-PL2,Billing,A3034,GW-OTHER,N,helpdesk,8227,279900,helpdesk_no_change
TK-249535,2026-01-26 13:20,2026-01,2026Q1,resolved,social,,VA-SP-MINI,Chat Frontline,A3008,GW-OTHER,N,helpdesk,8231,50000,helpdesk_no_change
TK-249537,2026-01-26 13:30,2026-01,2026Q1,resolved,voice,,VA-SP-MINI,Voice Frontline,A3026,GW-OTHER,N,helpdesk,8233,237400,helpdesk_no_change
TK-249538,2026-01-26 15:28,2026-01,2026Q1,resolved,chat,VR885507,VA-SW-NX1,Chat Frontline,A3008,PRICE-ADJ,N,helpdesk,8234,40000,helpdesk_no_change
TK-249566,2026-01-27 13:37,2026-01,2026Q1,resolved,email,VR889228,VA-EB-PL2,Returns Desk,A3036,GW-OTHER,N,helpdesk,8256,332400,helpdesk_no_change
TK-249572,2026-01-27 17:57,2026-01,2026Q1,open,social,VR890171,VA-EB-AIR,Billing,A3035,GW-OTHER,N,helpdesk,8262,161900,helpdesk_no_change
TK-249577,2026-01-27 19:07,2026-01,2026Q1,resolved,email,,VA-NB-ARC,Email Frontline,A3018,WTY-BUYBACK,N,helpdesk,8265,129900,helpdesk_no_change
TK-249585,2026-01-28 07:33,2026-01,2026Q1,resolved,chat,VR888532,VA-SW-NX2,Returns Desk,A3038,GW-OTHER,N,helpdesk,8272,52000,helpdesk_no_change
TK-249591,2026-01-28 10:23,2026-01,2026Q1,resolved,chat,VR907951,VA-HP-ST3,Chat Frontline,A3011,GW-OTHER,N,helpdesk,8277,629900,helpdesk_no_change
TK-249592,2026-01-28 11:07,2026-01,2026Q1,resolved,chat,VR881733,VA-SW-NX2,Billing,A3032,DUP-PAYMENT,N,helpdesk,8278,649900,helpdesk_no_change
TK-249599,2026-01-28 15:13,2026-01,2026Q1,resolved,chat,VR897652,VA-EB-PL2,Logistics,A3030,RETURN-QC-OK,N,helpdesk,8283,349900,helpdesk_no_change
TK-249614,2026-01-29 10:08,2026-01,2026Q1,closed,chat,,VA-NB-ARC,Chat Frontline,A3013,DUP-PAYMENT,N,helpdesk,8295,246800,helpdesk_no_change
TK-249615,2026-01-29 10:16,2026-01,2026Q1,resolved,email,VR895945,VA-EB-PL2,Email Frontline,A3038,DUP-PAYMENT,N,helpdesk,8296,28000,helpdesk_no_change
TK-249625,2026-01-29 16:54,2026-01,2026Q1,resolved,email,,VA-SW-NX2,Email Frontline,A3018,CANCEL,N,helpdesk,8304,130000,helpdesk_no_change
TK-249630,2026-01-29 19:58,2026-01,2026Q1,resolved,email,VR904809,VA-SP-MINI,Returns Desk,A3037,GW-OTHER,N,helpdesk,8309,249900,helpdesk_no_change
TK-249631,2026-01-29 20:13,2026-01,2026Q1,resolved,email,VR898472,VA-EB-PL2,Email Frontline,A3016,CANCEL,N,helpdesk,8310,63000,helpdesk_no_change
TK-249638,2026-01-29 23:47,2026-01,2026Q1,resolved,chat,VR889472,VA-SP-MINI,Returns Desk,A3038,RETURN-QC-OK,N,helpdesk,8316,224900,helpdesk_no_change
TK-249651,2026-01-30 13:09,2026-01,2026Q1,resolved,social,VR890111,VA-EB-PL1,Billing,A3035,DUP-PAYMENT,N,helpdesk,8326,199900,helpdesk_no_change
TK-249652,2026-01-30 15:29,2026-01,2026Q1,resolved,voice,,VA-SW-NX2,Voice Frontline,A3026,DUP-PAYMENT,N,helpdesk,8327,552400,helpdesk_no_change
TK-249672,2026-01-30 21:47,2026-01,2026Q1,resolved,chat,VR886232,VA-SP-MINI,Billing,A3035,DUP-PAYMENT,N,helpdesk,8342,249900,helpdesk_no_change
TK-249675,2026-01-30 23:45,2026-01,2026Q1,resolved,chat,VR903574,VA-EB-PL2,Logistics,A3028,RETURN-QC-OK,N,helpdesk,8344,297400,helpdesk_no_change
TK-249677,2026-01-31 09:06,2026-01,2026Q1,resolved,chat,,VA-NB-ARC,Returns Desk,A3038,RETURN-QC-OK,N,helpdesk,8346,246800,helpdesk_no_change
TK-249687,2026-01-31 14:24,2026-01,2026Q1,resolved,social,VR883104,VA-EB-PL2,Chat Frontline,A3015,CANCEL,N,helpdesk,8353,297400,helpdesk_no_change
TK-249701,2026-01-31 22:43,2026-01,2026Q1,resolved,chat,VR892652,VA-HP-ST3,Billing,A3032,GW-OTHER,N,helpdesk,8363,664900,helpdesk_no_change
TK-249706,2026-02-01 10:03,2026-02,2026Q1,resolved,chat,VR895162,VA-EB-PL2,Returns Desk,A3038,RETURN-QC-OK,N,helpdesk,8367,157400,helpdesk_no_change
TK-249707,2026-02-01 10:05,2026-02,2026Q1,resolved,chat,VR902521,VA-EB-PL2,Returns Desk,A3037,RETURN-QC-OK,N,helpdesk,8368,314900,helpdesk_no_change
TK-249713,2026-02-01 11:44,2026-02,2026Q1,closed,chat,,VA-EB-PL2,Logistics,A3031,GW-OTHER,N,helpdesk,8372,349900,helpdesk_no_change
TK-249715,2026-02-01 13:02,2026-02,2026Q1,resolved,chat,,VA-SW-NX1,Returns Desk,A3038,GW-OTHER,N,helpdesk,8374,45000,helpdesk_no_change
TK-249723,2026-02-01 17:03,2026-02,2026Q1,resolved,email,,VA-EB-PL2,Returns Desk,A3036,RETURN-QC-OK,N,helpdesk,8381,279900,helpdesk_no_change
TK-249725,2026-02-01 17:48,2026-02,2026Q1,resolved,chat,VR894670,VA-SW-FIT,Logistics,A3030,GW-OTHER,N,helpdesk,8383,169900,helpdesk_no_change
TK-249730,2026-02-01 20:22,2026-02,2026Q1,resolved,social,VR891984,VA-EB-PL2,Chat Frontline,A3002,GW-OTHER,N,helpdesk,8387,349900,helpdesk_no_change
TK-249731,2026-02-01 21:12,2026-02,2026Q1,resolved,email,,VA-EB-PL2,Email Frontline,A3003,CANCEL,N,helpdesk,8388,42000,helpdesk_no_change
TK-249738,2026-02-02 07:39,2026-02,2026Q1,resolved,email,VR888198,VA-EB-PL2,Returns Desk,A3038,RETURN-QC-OK,N,helpdesk,8394,314900,helpdesk_no_change
TK-249741,2026-02-02 08:37,2026-02,2026Q1,resolved,social,VR882979,VA-SW-NX2,Billing,A3017,GW-OTHER,N,helpdesk,8397,65000,helpdesk_no_change
TK-249755,2026-02-02 17:33,2026-02,2026Q1,pending,email,,VA-SP-MINI,Email Frontline,A3018,GW-OTHER,N,helpdesk,8409,212400,helpdesk_no_change
TK-249757,2026-02-02 18:40,2026-02,2026Q1,resolved,voice,VR898057,VA-EB-PL2,Voice Frontline,A3026,WTY-BUYBACK,N,helpdesk,8411,33200,helpdesk_no_change
TK-249759,2026-02-02 18:53,2026-02,2026Q1,closed,email,VR891138,VA-EB-PL1,Billing,A3033,PRICE-ADJ,N,helpdesk,8412,199900,helpdesk_no_change
TK-249761,2026-02-02 19:32,2026-02,2026Q1,resolved,email,VR882333,VA-AC-CASE,Billing,A3032,GW-OTHER,Y,helpdesk,8413,129900,helpdesk_no_change
TK-249774,2026-02-03 09:05,2026-02,2026Q1,resolved,email,VR897826,VA-EB-PL2,Email Frontline,A3018,GW-OTHER,Y,helpdesk,8422,314900,helpdesk_no_change
TK-249782,2026-02-03 11:31,2026-02,2026Q1,closed,chat,,VA-EB-AIR,Logistics,A3029,RETURN-QC-OK,N,helpdesk,8430,179900,helpdesk_no_change
TK-249785,2026-02-03 12:21,2026-02,2026Q1,resolved,social,VR898387,VA-EB-PL2,Chat Frontline,A3010,DUP-PAYMENT,N,helpdesk,8432,314900,helpdesk_no_change
TK-249788,2026-02-03 14:11,2026-02,2026Q1,resolved,email,VR900270,VA-SW-NX2,Returns Desk,A3036,GW-OTHER,N,helpdesk,8435,617400,helpdesk_no_change
TK-249790,2026-02-03 16:18,2026-02,2026Q1,resolved,chat,,VA-EB-PL2,Billing,A3035,GW-OTHER,N,helpdesk,8436,35000,helpdesk_no_change
TK-249803,2026-02-03 21:44,2026-02,2026Q1,resolved,social,,VA-SW-NX2,Billing,A3032,GW-OTHER,N,helpdesk,8446,519900,helpdesk_no_change
TK-249810,2026-02-04 07:02,2026-02,2026Q1,resolved,social,VR901731,VA-EB-PL2,Chat Frontline,A3010,DOA-REPL,Y,helpdesk,8451,332400,helpdesk_no_change
TK-249811,2026-02-04 11:06,2026-02,2026Q1,closed,chat,VR881716,VA-EB-AIR,Logistics,A3027,GW-OTHER,N,helpdesk,8452,179900,helpdesk_no_change
TK-249812,2026-02-04 11:21,2026-02,2026Q1,resolved,chat,,VA-EB-PL2,Chat Frontline,A3007,DOA-REPL,Y,helpdesk,8453,349900,helpdesk_no_change
TK-249833,2026-02-04 18:17,2026-02,2026Q1,resolved,chat,VR893934,VA-EB-PL1,Logistics,A3030,GW-OTHER,N,helpdesk,8468,125000,helpdesk_no_change
TK-249847,2026-02-05 11:13,2026-02,2026Q1,resolved,chat,VR895869,VA-EB-PL2,Returns Desk,A3038,RETURN-QC-OK,N,helpdesk,8479,35000,helpdesk_no_change
TK-249850,2026-02-05 12:08,2026-02,2026Q1,resolved,voice,VR896747,VA-SW-NX1,Voice Frontline,A3023,CANCEL,N,helpdesk,8481,399900,helpdesk_no_change
TK-249853,2026-02-05 12:36,2026-02,2026Q1,resolved,email,,VA-EB-PL2,Logistics,A3028,GW-OTHER,N,helpdesk,8483,70000,helpdesk_no_change
TK-249856,2026-02-05 14:40,2026-02,2026Q1,resolved,chat,VR902994,VA-EB-PL2,Billing,A3035,PRICE-ADJ,N,helpdesk,8485,559800,helpdesk_no_change
TK-249869,2026-02-05 18:46,2026-02,2026Q1,resolved,chat,,VA-EB-PL2,Chat Frontline,A3014,CANCEL,N,helpdesk,8495,349900,helpdesk_no_change
TK-249872,2026-02-05 20:48,2026-02,2026Q1,closed,chat,VR908804,VA-EB-PL1,Returns Desk,A3036,GW-OTHER,N,helpdesk,8497,249900,helpdesk_no_change
TK-249873,2026-02-05 21:39,2026-02,2026Q1,resolved,voice,VR903348,VA-EB-PL2,Logistics,A3027,RETURN-QC-OK,N,helpdesk,8498,279900,helpdesk_no_change
TK-249890,2026-02-06 13:25,2026-02,2026Q1,resolved,email,,VA-EB-PL2,Billing,A3035,GW-OTHER,N,helpdesk,8512,349900,helpdesk_no_change
TK-249893,2026-02-06 14:56,2026-02,2026Q1,resolved,voice,,VA-EB-PL2,Returns Desk,A3036,RETURN-QC-OK,N,helpdesk,8514,349900,helpdesk_no_change
TK-249896,2026-02-06 15:59,2026-02,2026Q1,resolved,chat,VR892907,VA-SP-MINI,Returns Desk,A3036,GW-OTHER,N,helpdesk,8517,249900,helpdesk_no_change
TK-249897,2026-02-06 16:40,2026-02,2026Q1,open,email,,VA-EB-PL1,Email Frontline,A3018,GW-OTHER,N,helpdesk,8518,47500,helpdesk_no_change
TK-249900,2026-02-06 18:32,2026-02,2026Q1,resolved,voice,VR900573,VA-EB-PL2,Logistics,A3030,DOA-REPL,N,helpdesk,8521,349900,helpdesk_no_change
TK-249903,2026-02-06 19:29,2026-02,2026Q1,resolved,email,VR896747,VA-SW-NX1,Billing,A3034,PRICE-ADJ,N,helpdesk,8523,60000,helpdesk_no_change
TK-249912,2026-02-07 00:18,2026-02,2026Q1,resolved,email,VR892788,VA-EB-PL2,Returns Desk,A3037,GW-OTHER,N,helpdesk,8531,314900,helpdesk_no_change
TK-249913,2026-02-07 00:19,2026-02,2026Q1,resolved,email,,VA-EB-PL2,Billing,A3032,RETURN-QC-OK,N,helpdesk,8532,332400,helpdesk_no_change
TK-249919,2026-02-07 12:28,2026-02,2026Q1,resolved,chat,VR904757,VA-SP-MINI,Billing,A3032,DUP-PAYMENT,N,helpdesk,8536,249900,helpdesk_no_change
TK-249925,2026-02-07 14:28,2026-02,2026Q1,pending,chat,VR883176,VA-SW-NX1,Logistics,A3030,RETURN-QC-OK,N,helpdesk,8540,499900,helpdesk_no_change
TK-249931,2026-02-07 17:23,2026-02,2026Q1,resolved,chat,,VA-EB-AIR,Returns Desk,A3028,RETURN-QC-OK,N,helpdesk,8545,161900,helpdesk_no_change
TK-249933,2026-02-07 17:25,2026-02,2026Q1,resolved,voice,,VA-SP-MINI,Logistics,A3030,DOA-REPL,N,helpdesk,8546,249900,helpdesk_no_change
TK-249952,2026-02-08 07:40,2026-02,2026Q1,resolved,email,,VA-EB-PL2,Returns Desk,A3038,GW-OTHER,N,helpdesk,8562,297400,helpdesk_no_change
TK-249960,2026-02-08 10:55,2026-02,2026Q1,resolved,voice,,VA-EB-PL2,Returns Desk,A3038,GW-OTHER,N,helpdesk,8568,349900,helpdesk_no_change
TK-249970,2026-02-08 15:09,2026-02,2026Q1,resolved,social,VR884484,VA-EB-PL2,Billing,A3035,DUP-PAYMENT,N,helpdesk,8575,35000,helpdesk_no_change
TK-249977,2026-02-08 19:09,2026-02,2026Q1,resolved,email,,VA-EB-PL2,Logistics,A3028,WTY-BUYBACK,Y,helpdesk,8581,332400,helpdesk_no_change
TK-249993,2026-02-09 04:37,2026-02,2026Q1,resolved,email,,VA-SW-FIT,Logistics,A3031,GW-OTHER,N,helpdesk,8593,179900,helpdesk_no_change
TK-249996,2026-02-09 08:28,2026-02,2026Q1,resolved,social,,VA-EB-PL1,Returns Desk,A3038,GW-OTHER,N,helpdesk,8595,199900,helpdesk_no_change
TK-250008,2026-02-09 10:57,2026-02,2026Q1,resolved,voice,VR896388,VA-EB-PL2,Returns Desk,A3038,GW-OTHER,N,helpdesk,8603,349900,helpdesk_no_change
TK-250012,2026-02-09 12:47,2026-02,2026Q1,resolved,email,VR896406,VA-EB-PL1,Email Frontline,A3018,GW-OTHER,N,helpdesk,8606,237400,helpdesk_no_change
TK-250021,2026-02-09 20:02,2026-02,2026Q1,resolved,chat,,VA-SW-NX2,Chat Frontline,A3009,CANCEL,N,helpdesk,8613,58500,helpdesk_no_change
TK-250022,2026-02-09 20:34,2026-02,2026Q1,resolved,chat,,VA-EB-PL2,Chat Frontline,A3005,GW-OTHER,Y,helpdesk,8614,332400,helpdesk_no_change
TK-250031,2026-02-10 12:03,2026-02,2026Q1,resolved,chat,VR882675,VA-EB-PL2,Returns Desk,A3037,RETURN-QC-OK,N,helpdesk,8621,279900,helpdesk_no_change
TK-250032,2026-02-10 12:53,2026-02,2026Q1,resolved,social,VR889802,VA-EB-PL1,Billing,A3032,DUP-PAYMENT,N,helpdesk,8622,237400,helpdesk_no_change
TK-250044,2026-02-10 18:16,2026-02,2026Q1,resolved,chat,,VA-EB-AIR,Chat Frontline,A3036,GW-OTHER,N,helpdesk,8631,161900,helpdesk_no_change
TK-250054,2026-02-11 08:25,2026-02,2026Q1,resolved,email,,VA-SW-NX2,Billing,A3033,DUP-PAYMENT,N,helpdesk,8640,325000,helpdesk_no_change
TK-250056,2026-02-11 09:20,2026-02,2026Q1,resolved,chat,,VA-EB-PL2,Returns Desk,A3038,RETURN-QC-OK,N,helpdesk,8642,297400,helpdesk_no_change
TK-250061,2026-02-11 13:33,2026-02,2026Q1,closed,chat,VR882498,VA-EB-PL2,Chat Frontline,A3010,CANCEL,N,helpdesk,8647,42000,helpdesk_no_change
TK-250072,2026-02-11 18:15,2026-02,2026Q1,resolved,email,,VA-SP-MINI,Billing,A3034,PRICE-ADJ,N,helpdesk,8656,125000,helpdesk_no_change
TK-250082,2026-02-12 09:56,2026-02,2026Q1,resolved,chat,VR908153,VA-EB-PL2,Returns Desk,A3037,RETURN-QC-OK,N,helpdesk,8664,314900,helpdesk_no_change
TK-250085,2026-02-12 10:28,2026-02,2026Q1,resolved,social,VR884337,VA-SW-NX2,Returns Desk,A3037,RETURN-QC-OK,N,helpdesk,8666,617400,helpdesk_no_change
TK-250087,2026-02-12 10:53,2026-02,2026Q1,resolved,chat,,VA-EB-PL2,Chat Frontline,A3007,GW-OTHER,N,helpdesk,8667,297400,helpdesk_no_change
TK-250091,2026-02-12 11:05,2026-02,2026Q1,resolved,chat,VR892418,VA-AC-CH65,Billing,A3033,PRICE-ADJ,N,helpdesk,8670,127400,helpdesk_no_change
TK-250094,2026-02-12 14:37,2026-02,2026Q1,resolved,email,VR882222,VA-SP-MINI,Billing,A3035,GW-OTHER,N,helpdesk,8673,212400,helpdesk_no_change
TK-250095,2026-02-12 15:11,2026-02,2026Q1,resolved,voice,,VA-EB-PL2,Returns Desk,A3036,RETURN-QC-OK,N,helpdesk,8674,349900,helpdesk_no_change
TK-250108,2026-02-12 23:03,2026-02,2026Q1,resolved,email,VR903241,VA-SP-MINI,Billing,A3029,GW-OTHER,N,helpdesk,8685,31900,helpdesk_no_change
TK-250119,2026-02-13 12:35,2026-02,2026Q1,resolved,chat,VR892957,VA-EB-PL2,Billing,A3032,DUP-PAYMENT,N,helpdesk,8693,332400,helpdesk_no_change
TK-250120,2026-02-13 12:55,2026-02,2026Q1,resolved,social,,VA-EB-AIR,Returns Desk,A3037,GW-OTHER,N,helpdesk,8694,27000,helpdesk_no_change
TK-250131,2026-02-13 20:18,2026-02,2026Q1,resolved,chat,VR894493,VA-EB-PL2,Billing,A3035,PRICE-ADJ,N,helpdesk,8704,279900,helpdesk_no_change
TK-250137,2026-02-13 22:16,2026-02,2026Q1,resolved,email,,VA-EB-PL2,Billing,A3034,GW-OTHER,N,helpdesk,8710,314900,helpdesk_no_change
TK-250139,2026-02-13 22:30,2026-02,2026Q1,resolved,email,,VA-EB-PL1,Billing,A3034,GW-OTHER,N,helpdesk,8711,35600,helpdesk_no_change
TK-250140,2026-02-13 22:35,2026-02,2026Q1,resolved,chat,,VA-EB-PL2,Billing,A3033,GW-OTHER,N,helpdesk,8712,349900,helpdesk_no_change
TK-250151,2026-02-14 12:29,2026-02,2026Q1,resolved,chat,VR881064,VA-AC-CASE,Returns Desk,A3038,RETURN-QC-OK,N,helpdesk,8721,19500,helpdesk_no_change
TK-250155,2026-02-14 15:36,2026-02,2026Q1,resolved,chat,VR885047,VA-EB-PL2,Returns Desk,A3036,GW-OTHER,N,helpdesk,8725,279900,helpdesk_no_change
TK-250162,2026-02-14 17:18,2026-02,2026Q1,resolved,email,,VA-EB-PL2,Billing,A3035,DUP-PAYMENT,N,helpdesk,8730,297400,helpdesk_no_change
TK-250180,2026-02-15 12:40,2026-02,2026Q1,resolved,voice,VR891876,VA-HP-ST3,Billing,A3033,DUP-PAYMENT,N,helpdesk,8744,594900,helpdesk_no_change
TK-250182,2026-02-15 14:30,2026-02,2026Q1,resolved,chat,VR891962,VA-EB-PL2,Chat Frontline,A3005,GW-OTHER,N,helpdesk,8746,70000,helpdesk_no_change
TK-250183,2026-02-15 15:17,2026-02,2026Q1,resolved,voice,VR900949,VA-EB-PL2,Billing,A3035,DUP-PAYMENT,N,helpdesk,8747,699800,helpdesk_no_change
TK-250202,2026-02-15 22:51,2026-02,2026Q1,resolved,chat,VR891616,VA-SP-ORB,Billing,A3032,DUP-PAYMENT,N,helpdesk,8761,96000,helpdesk_no_change
TK-250207,2026-02-16 01:25,2026-02,2026Q1,resolved,chat,VR887285,VA-SP-ORB,Escalations & Warranty,A3039,DOA-REPL,N,helpdesk,8765,509900,helpdesk_no_change
TK-250209,2026-02-16 07:03,2026-02,2026Q1,resolved,chat,VR898060,VA-EB-PL2,Chat Frontline,A3007,GW-OTHER,N,helpdesk,8766,297400,helpdesk_no_change
TK-250210,2026-02-16 07:05,2026-02,2026Q1,resolved,chat,VR905736,VA-HP-ST3,Billing,A3033,DUP-PAYMENT,N,helpdesk,8767,699900,helpdesk_no_change
TK-250215,2026-02-16 09:17,2026-02,2026Q1,resolved,email,VR893474,VA-EB-AIR,Billing,A3032,GW-OTHER,N,helpdesk,8770,179900,helpdesk_no_change
TK-250219,2026-02-16 10:56,2026-02,2026Q1,resolved,chat,VR891096,VA-SW-FIT,Logistics,A3029,LOST-TRANSIT,N,helpdesk,8773,179900,helpdesk_no_change
TK-250228,2026-02-16 14:36,2026-02,2026Q1,resolved,voice,VR901348,VA-NB-ARC,Returns Desk,A3036,RETURN-QC-OK,N,helpdesk,8781,129900,helpdesk_no_change
TK-250234,2026-02-16 16:09,2026-02,2026Q1,resolved,email,,VA-SW-NX2,Returns Desk,A3038,DOA-REPL,Y,helpdesk,8785,552400,helpdesk_no_change
TK-250251,2026-02-16 22:32,2026-02,2026Q1,resolved,email,,VA-EB-PL2,Email Frontline,A3020,GW-OTHER,N,helpdesk,8799,279900,helpdesk_no_change
TK-250255,2026-02-17 03:31,2026-02,2026Q1,resolved,chat,VR893502,VA-HP-ST3,Returns Desk,A3038,GW-OTHER,N,helpdesk,8803,63000,helpdesk_no_change
TK-250260,2026-02-17 10:03,2026-02,2026Q1,resolved,email,,VA-HP-ST3,Email Frontline,A3018,PRICE-ADJ,N,helpdesk,8806,629900,helpdesk_no_change
TK-250266,2026-02-17 11:45,2026-02,2026Q1,resolved,chat,VR894313,VA-SP-ORB,Returns Desk,A3038,RETURN-QC-OK,N,helpdesk,8811,54000,helpdesk_no_change
TK-250314,2026-02-18 15:59,2026-02,2026Q1,resolved,email,VR907973,VA-SW-NX2,Returns Desk,A3036,RETURN-QC-OK,N,helpdesk,8845,649900,helpdesk_no_change
TK-250341,2026-02-19 10:08,2026-02,2026Q1,resolved,voice,VR892545,VA-EB-PL2,Billing,A3034,GW-OTHER,N,helpdesk,8866,49900,helpdesk_no_change
TK-250345,2026-02-19 11:18,2026-02,2026Q1,resolved,chat,VR886780,VA-SW-FIT,Logistics,A3028,GW-OTHER,N,helpdesk,8870,189900,helpdesk_no_change
TK-250359,2026-02-19 18:38,2026-02,2026Q1,resolved,voice,VR881833,VA-EB-PL1,Voice Frontline,A3026,GW-OTHER,Y,helpdesk,8881,199900,helpdesk_no_change
TK-250370,2026-02-19 22:49,2026-02,2026Q1,resolved,social,VR901768,VA-EB-PL2,Chat Frontline,A3016,GW-OTHER,Y,helpdesk,8890,314900,helpdesk_no_change
TK-250375,2026-02-20 10:37,2026-02,2026Q1,closed,social,VR905037,VA-SW-NX2,Returns Desk,A3036,RETURN-QC-OK,N,helpdesk,8894,292400,helpdesk_no_change
TK-250377,2026-02-20 11:00,2026-02,2026Q1,resolved,chat,,VA-EB-PL2,Billing,A3034,DUP-PAYMENT,N,helpdesk,8895,314900,helpdesk_no_change
TK-250383,2026-02-20 13:30,2026-02,2026Q1,resolved,voice,,VA-SW-FIT,Returns Desk,A3038,RETURN-QC-OK,N,helpdesk,8900,38000,helpdesk_no_change
TK-250388,2026-02-20 15:45,2026-02,2026Q1,resolved,email,VR893681,VA-AC-CBL,Returns Desk,A3036,RETURN-QC-OK,N,helpdesk,8904,33900,helpdesk_no_change
TK-250389,2026-02-20 17:35,2026-02,2026Q1,resolved,chat,VR885935,VA-EB-PL2,Billing,A3035,DUP-PAYMENT,N,helpdesk,8905,332400,helpdesk_no_change
TK-250398,2026-02-20 22:03,2026-02,2026Q1,resolved,email,VR887746,VA-SP-MINI,Email Frontline,A3017,CANCEL,N,helpdesk,8912,212400,helpdesk_no_change
TK-250422,2026-02-21 15:18,2026-02,2026Q1,resolved,social,VR887607,VA-SW-NX1,Billing,A3035,GW-OTHER,N,helpdesk,8930,499900,helpdesk_no_change
TK-250428,2026-02-21 17:02,2026-02,2026Q1,closed,chat,VR887572,VA-AC-CH65,Logistics,A3030,GW-OTHER,N,helpdesk,8934,127400,helpdesk_no_change
TK-250446,2026-02-22 08:19,2026-02,2026Q1,resolved,voice,VR907792,VA-EB-PL2,Billing,A3032,GW-OTHER,N,helpdesk,8949,175000,helpdesk_no_change
TK-250453,2026-02-22 11:21,2026-02,2026Q1,resolved,email,VR887352,VA-SW-NX2,Billing,A3035,GW-OTHER,N,helpdesk,8954,519900,helpdesk_no_change
TK-250456,2026-02-22 12:41,2026-02,2026Q1,closed,chat,VR898949,VA-HP-ST3,Returns Desk,A3037,RETURN-QC-OK,N,helpdesk,8957,94500,helpdesk_no_change
TK-250466,2026-02-22 17:54,2026-02,2026Q1,closed,email,VR903951,VA-SW-NX1,Email Frontline,A3018,DUP-PAYMENT,N,helpdesk,8965,849800,helpdesk_no_change
TK-250470,2026-02-22 20:05,2026-02,2026Q1,resolved,email,VR881525,VA-SW-NX2,Returns Desk,A3038,GW-OTHER,N,helpdesk,8969,1104800,helpdesk_no_change
TK-250471,2026-02-22 20:19,2026-02,2026Q1,open,voice,VR886378,VA-HP-ST3,Escalations & Warranty,A3042,GW-OTHER,N,helpdesk,8970,594900,helpdesk_no_change
TK-250489,2026-02-23 17:42,2026-02,2026Q1,resolved,voice,VR884809,VA-EB-PL1,Returns Desk,A3036,GW-OTHER,N,helpdesk,8985,50000,helpdesk_no_change
TK-250499,2026-02-23 20:42,2026-02,2026Q1,resolved,chat,,VA-EB-AIR,Chat Frontline,A3005,GW-OTHER,Y,helpdesk,8991,143900,helpdesk_no_change
TK-250501,2026-02-23 21:19,2026-02,2026Q1,open,email,VR890171,VA-EB-AIR,Email Frontline,A3016,CANCEL,N,helpdesk,8993,161900,helpdesk_no_change
TK-250509,2026-02-24 11:37,2026-02,2026Q1,resolved,voice,VR909405,VA-EB-AIR,Billing,A3033,DUP-PAYMENT,N,helpdesk,8999,24300,helpdesk_no_change
TK-250524,2026-02-24 14:36,2026-02,2026Q1,resolved,social,VR881173,VA-AC-CASE,Billing,A3035,DUP-PAYMENT,N,helpdesk,9010,246800,helpdesk_no_change
TK-250537,2026-02-24 22:37,2026-02,2026Q1,resolved,chat,VR888131,VA-EB-AIR,Returns Desk,A3038,RETURN-QC-OK,N,helpdesk,9021,72000,helpdesk_no_change
TK-250542,2026-02-25 09:13,2026-02,2026Q1,resolved,chat,VR885641,VA-EB-PL2,Returns Desk,A3037,RETURN-QC-OK,N,helpdesk,9025,314900,helpdesk_no_change
TK-250554,2026-02-25 17:10,2026-02,2026Q1,resolved,voice,VR899233,VA-EB-PL2,Voice Frontline,A3026,GW-OTHER,N,helpdesk,9036,349900,helpdesk_no_change
TK-250559,2026-02-25 19:01,2026-02,2026Q1,closed,email,VR894328,VA-EB-AIR,Logistics,A3029,DOA-REPL,N,helpdesk,9040,30600,helpdesk_no_change
TK-250570,2026-02-25 21:02,2026-02,2026Q1,resolved,social,,VA-AC-CASE,Billing,A3032,DUP-PAYMENT,N,helpdesk,9046,18500,helpdesk_no_change
TK-250571,2026-02-25 21:20,2026-02,2026Q1,resolved,voice,VR883731,VA-EB-PL2,Returns Desk,A3037,RETURN-QC-OK,N,helpdesk,9047,297400,helpdesk_no_change
TK-250576,2026-02-26 10:12,2026-02,2026Q1,resolved,email,VR887988,VA-AC-CBL,Email Frontline,A3022,DOA-REPL,Y,helpdesk,9050,31900,helpdesk_no_change
TK-250580,2026-02-26 11:00,2026-02,2026Q1,resolved,email,VR889252,VA-SW-NX2,Logistics,A3027,GW-OTHER,N,helpdesk,9052,1234800,helpdesk_no_change
TK-250584,2026-02-26 11:43,2026-02,2026Q1,resolved,email,VR881994,VA-SW-NX2,Email Frontline,A3021,DOA-REPL,N,helpdesk,9056,649900,helpdesk_no_change
TK-250586,2026-02-26 12:10,2026-02,2026Q1,resolved,chat,VR894183,VA-SP-MINI,Logistics,A3027,RETURN-QC-OK,N,helpdesk,9058,237400,helpdesk_no_change
TK-250588,2026-02-26 12:17,2026-02,2026Q1,resolved,social,VR883603,VA-EB-PL2,Chat Frontline,A3007,GW-OTHER,N,helpdesk,9060,33200,helpdesk_no_change
TK-250592,2026-02-26 14:38,2026-02,2026Q1,resolved,email,VR907471,VA-HP-ST2,Returns Desk,A3036,RETURN-QC-OK,N,helpdesk,9063,474900,helpdesk_no_change
TK-250604,2026-02-26 19:28,2026-02,2026Q1,resolved,chat,,VA-EB-PL2,Logistics,A3021,GW-OTHER,N,helpdesk,9072,349900,helpdesk_no_change
TK-250608,2026-02-26 21:24,2026-02,2026Q1,resolved,voice,VR898000,VA-NB-ARC,Billing,A3035,GW-OTHER,N,helpdesk,9075,24700,helpdesk_no_change
TK-250624,2026-02-27 10:16,2026-02,2026Q1,resolved,chat,VR909946,VA-EB-AIR,Escalations & Warranty,A3039,GW-OTHER,N,helpdesk,9087,161900,helpdesk_no_change
TK-250626,2026-02-27 12:07,2026-02,2026Q1,resolved,chat,VR906022,VA-AC-CASE,Billing,A3033,GW-OTHER,N,helpdesk,9089,129900,helpdesk_no_change
TK-250632,2026-02-27 13:48,2026-02,2026Q1,resolved,chat,,VA-SW-NX2,Returns Desk,A3038,GW-OTHER,N,helpdesk,9094,552400,helpdesk_no_change
TK-250633,2026-02-27 14:27,2026-02,2026Q1,resolved,voice,,VA-SW-FIT,Voice Frontline,A3026,GW-OTHER,Y,helpdesk,9095,169900,helpdesk_no_change
TK-250634,2026-02-27 14:51,2026-02,2026Q1,resolved,email,VR891759,VA-EB-PL2,Returns Desk,A3036,GW-OTHER,N,helpdesk,9096,35000,helpdesk_no_change
TK-250635,2026-02-27 14:58,2026-02,2026Q1,resolved,voice,,VA-HP-ST3,Returns Desk,A3036,RETURN-QC-OK,N,helpdesk,9097,99700,helpdesk_no_change
TK-250666,2026-02-28 18:58,2026-02,2026Q1,resolved,chat,,VA-SP-MINI,Escalations & Warranty,A3041,GW-OTHER,N,helpdesk,9122,249900,helpdesk_no_change
TK-250667,2026-02-28 19:03,2026-02,2026Q1,resolved,voice,VR900652,VA-EB-PL2,Returns Desk,A3036,RETURN-QC-OK,N,helpdesk,9123,349900,helpdesk_no_change
TK-250668,2026-02-28 19:42,2026-02,2026Q1,resolved,email,VR905135,VA-EB-PL2,Billing,A3034,DUP-PAYMENT,N,helpdesk,9124,279900,helpdesk_no_change
TK-250673,2026-02-28 23:57,2026-02,2026Q1,resolved,chat,VR884157,VA-EB-PL2,Chat Frontline,A3003,DUP-PAYMENT,N,helpdesk,9128,349900,helpdesk_no_change
TK-250681,2026-03-01 07:19,2026-03,2026Q1,closed,email,,VA-AC-CASE,Returns Desk,A3037,RETURN-QC-OK,N,helpdesk,9135,207800,helpdesk_no_change
TK-250694,2026-03-01 14:47,2026-03,2026Q1,resolved,email,,VA-EB-AIR,Email Frontline,A3003,DOA-REPL,Y,helpdesk,9147,179900,helpdesk_no_change
TK-250701,2026-03-01 20:06,2026-03,2026Q1,pending,voice,VR899037,VA-EB-PL1,Voice Frontline,A3010,GW-OTHER,Y,helpdesk,9154,224900,helpdesk_no_change
TK-250703,2026-03-01 20:58,2026-03,2026Q1,resolved,chat,VR909721,VA-EB-PL1,Chat Frontline,A3009,GW-OTHER,N,helpdesk,9156,237400,helpdesk_no_change
TK-250704,2026-03-01 21:26,2026-03,2026Q1,resolved,chat,,VA-SP-MINI,Logistics,A3030,WTY-BUYBACK,Y,helpdesk,9157,199900,helpdesk_no_change
TK-250713,2026-03-02 01:21,2026-03,2026Q1,resolved,email,,VA-EB-PL2,Logistics,A3031,CANCEL,N,helpdesk,9163,49900,helpdesk_no_change
TK-250719,2026-03-02 13:24,2026-03,2026Q1,resolved,chat,,VA-EB-PL2,Billing,A3034,DUP-PAYMENT,N,helpdesk,9168,297400,helpdesk_no_change
TK-250720,2026-03-02 13:50,2026-03,2026Q1,resolved,email,,VA-HP-ST3,Billing,A3035,GW-OTHER,N,helpdesk,9169,559900,helpdesk_no_change
TK-250722,2026-03-02 14:34,2026-03,2026Q1,resolved,email,VR891655,VA-EB-PL2,Logistics,A3030,GW-OTHER,N,helpdesk,9170,56000,helpdesk_no_change
TK-250731,2026-03-02 18:25,2026-03,2026Q1,resolved,voice,,VA-SW-NX2,Returns Desk,A3036,RETURN-QC-OK,N,helpdesk,9177,617400,helpdesk_no_change
TK-250744,2026-03-02 21:41,2026-03,2026Q1,resolved,chat,VR886928,VA-AC-CH65,Chat Frontline,A3001,CANCEL,N,helpdesk,9187,127400,helpdesk_no_change
TK-250745,2026-03-02 22:10,2026-03,2026Q1,resolved,chat,VR907531,VA-EB-PL1,Returns Desk,A3037,RETURN-QC-OK,N,helpdesk,9188,50000,helpdesk_no_change
TK-250747,2026-03-02 22:55,2026-03,2026Q1,closed,chat,,VA-SP-MINI,Chat Frontline,A3003,CANCEL,N,helpdesk,9190,118700,helpdesk_no_change
TK-250749,2026-03-03 01:42,2026-03,2026Q1,resolved,email,VR893423,VA-EB-AIR,Email Frontline,A3016,GW-OTHER,N,helpdesk,9191,179900,helpdesk_no_change
TK-250754,2026-03-03 05:35,2026-03,2026Q1,resolved,email,VR903080,VA-EB-PL2,Returns Desk,A3038,GW-OTHER,N,helpdesk,9195,559800,helpdesk_no_change
TK-250758,2026-03-03 08:11,2026-03,2026Q1,resolved,social,VR907531,VA-EB-PL1,Chat Frontline,A3007,GW-OTHER,N,helpdesk,9197,50000,helpdesk_no_change
TK-250762,2026-03-03 10:09,2026-03,2026Q1,closed,social,VR890027,VA-EB-AIR,Billing,A3034,DUP-PAYMENT,N,helpdesk,9200,143900,helpdesk_no_change
TK-250764,2026-03-03 10:49,2026-03,2026Q1,resolved,chat,,VA-EB-PL2,Returns Desk,A3037,GW-OTHER,N,helpdesk,9202,349900,helpdesk_no_change
TK-250771,2026-03-03 17:27,2026-03,2026Q1,resolved,social,,VA-SP-ORB,Logistics,A3030,LOST-TRANSIT,N,helpdesk,9208,599900,helpdesk_no_change
TK-250779,2026-03-03 20:24,2026-03,2026Q1,resolved,chat,,VA-SW-NX1,Billing,A3035,DUP-PAYMENT,N,helpdesk,9213,474900,helpdesk_no_change
TK-250780,2026-03-03 20:48,2026-03,2026Q1,resolved,voice,,VA-NB-ARC,Voice Frontline,A3026,LOST-TRANSIT,N,helpdesk,9214,123400,helpdesk_no_change
TK-250782,2026-03-03 22:39,2026-03,2026Q1,resolved,email,VR881091,VA-AC-CASE,Email Frontline,A3016,CANCEL,N,helpdesk,9215,129900,helpdesk_no_change
TK-250792,2026-03-04 09:19,2026-03,2026Q1,resolved,voice,VR899230,VA-AC-CASE,Returns Desk,A3002,RETURN-QC-OK,N,helpdesk,9222,15600,helpdesk_no_change
TK-250795,2026-03-04 10:55,2026-03,2026Q1,resolved,chat,VR889555,VA-AC-CASE,Returns Desk,A3038,RETURN-QC-OK,N,helpdesk,9224,246800,helpdesk_no_change
TK-250813,2026-03-05 09:39,2026-03,2026Q1,resolved,chat,,VA-SW-NX2,Chat Frontline,A3010,GW-OTHER,N,helpdesk,9240,92600,helpdesk_no_change
TK-250814,2026-03-05 10:59,2026-03,2026Q1,resolved,social,VR895757,VA-EB-PL2,Returns Desk,A3019,RETURN-QC-OK,N,helpdesk,9241,314900,helpdesk_no_change
TK-250823,2026-03-05 20:00,2026-03,2026Q1,resolved,voice,,VA-SP-MINI,Billing,A3035,GW-OTHER,N,helpdesk,9249,199900,helpdesk_no_change
TK-250827,2026-03-05 21:41,2026-03,2026Q1,resolved,social,,VA-EB-PL1,Chat Frontline,A3016,DOA-REPL,Y,helpdesk,9252,199900,helpdesk_no_change
TK-250828,2026-03-05 21:48,2026-03,2026Q1,resolved,email,VR887796,VA-HP-ST2,Logistics,A3031,DOA-REPL,N,helpdesk,9253,399900,helpdesk_no_change
TK-250829,2026-03-05 22:53,2026-03,2026Q1,resolved,chat,VR899441,VA-EB-PL2,Billing,A3034,DUP-PAYMENT,N,helpdesk,9254,332400,helpdesk_no_change
TK-250833,2026-03-06 08:56,2026-03,2026Q1,resolved,email,VR891600,VA-SW-FIT,Logistics,A3029,WTY-BUYBACK,Y,helpdesk,9257,199900,helpdesk_no_change
TK-250852,2026-03-06 13:28,2026-03,2026Q1,closed,voice,,VA-HP-ST3,Billing,A3035,DUP-PAYMENT,N,helpdesk,9269,66500,helpdesk_no_change
TK-250857,2026-03-06 17:38,2026-03,2026Q1,open,voice,,VA-EB-AIR,Voice Frontline,A3026,DUP-PAYMENT,N,helpdesk,9273,179900,helpdesk_no_change
TK-250860,2026-03-06 19:30,2026-03,2026Q1,resolved,email,,VA-EB-PL2,Billing,A3035,RETURN-QC-OK,N,helpdesk,9276,33200,helpdesk_no_change
TK-250866,2026-03-07 01:06,2026-03,2026Q1,resolved,email,,VA-AC-CH65,Email Frontline,A3002,DUP-PAYMENT,N,helpdesk,9280,284800,helpdesk_no_change
TK-250877,2026-03-07 09:50,2026-03,2026Q1,open,voice,,VA-EB-AIR,Billing,A3033,GW-OTHER,N,helpdesk,9288,287800,helpdesk_no_change
TK-250880,2026-03-07 11:19,2026-03,2026Q1,resolved,email,VR898548,VA-EB-PL2,Email Frontline,A3021,GW-OTHER,N,helpdesk,9290,52500,helpdesk_no_change
TK-250884,2026-03-07 12:39,2026-03,2026Q1,resolved,chat,VR881643,VA-EB-PL2,Chat Frontline,A3006,CANCEL,N,helpdesk,9293,297400,helpdesk_no_change
TK-250886,2026-03-07 13:14,2026-03,2026Q1,resolved,email,VR900202,VA-SW-NX2,Escalations & Warranty,A3041,GW-OTHER,Y,helpdesk,9294,1234800,helpdesk_no_change
TK-250889,2026-03-07 15:27,2026-03,2026Q1,resolved,chat,,VA-HP-ST3,Billing,A3035,DUP-PAYMENT,N,helpdesk,9296,140000,helpdesk_no_change
TK-250890,2026-03-07 17:39,2026-03,2026Q1,resolved,voice,,VA-EB-PL2,Returns Desk,A3036,RETURN-QC-OK,N,helpdesk,9297,28000,helpdesk_no_change
TK-250891,2026-03-07 19:48,2026-03,2026Q1,resolved,social,VR898389,VA-SW-FIT,Billing,A3035,GW-OTHER,N,helpdesk,9298,319800,helpdesk_no_change
TK-250899,2026-03-08 10:19,2026-03,2026Q1,open,chat,,VA-AC-CBL,Chat Frontline,A3006,CANCEL,N,helpdesk,9305,35900,helpdesk_no_change
TK-250905,2026-03-08 13:41,2026-03,2026Q1,pending,voice,,VA-EB-PL2,Voice Frontline,A3024,DUP-PAYMENT,N,helpdesk,9310,332400,helpdesk_no_change
TK-250906,2026-03-08 16:02,2026-03,2026Q1,closed,chat,VR892272,VA-SP-ORB,Logistics,A3030,GW-OTHER,N,helpdesk,9311,599900,helpdesk_no_change
TK-250922,2026-03-09 08:40,2026-03,2026Q1,resolved,chat,,VA-SP-ORB,Chat Frontline,A3006,GW-OTHER,N,helpdesk,9325,216000,helpdesk_no_change
TK-250932,2026-03-09 14:45,2026-03,2026Q1,resolved,chat,VR884762,VA-SP-MINI,Logistics,A3030,DOA-REPL,N,helpdesk,9333,212400,helpdesk_no_change
TK-250948,2026-03-10 08:25,2026-03,2026Q1,resolved,chat,,VA-EB-PL1,Escalations & Warranty,A3039,GW-OTHER,N,helpdesk,9347,249900,helpdesk_no_change
TK-250954,2026-03-10 14:02,2026-03,2026Q1,resolved,voice,,VA-AC-CBL,Logistics,A3030,GW-OTHER,N,helpdesk,9353,35900,helpdesk_no_change
TK-250967,2026-03-10 21:29,2026-03,2026Q1,resolved,chat,,VA-HP-ST2,Chat Frontline,A3015,CANCEL,N,helpdesk,9362,42500,helpdesk_no_change
TK-250970,2026-03-11 00:55,2026-03,2026Q1,resolved,chat,VR887422,VA-SP-MINI,Returns Desk,A3016,RETURN-QC-OK,N,helpdesk,9364,45000,helpdesk_no_change
TK-250974,2026-03-11 06:44,2026-03,2026Q1,resolved,chat,,VA-EB-PL2,Logistics,A3028,GW-OTHER,Y,helpdesk,9368,349900,helpdesk_no_change
TK-250975,2026-03-11 08:19,2026-03,2026Q1,resolved,voice,VR888968,VA-EB-PL2,Returns Desk,A3037,RETURN-QC-OK,N,helpdesk,9369,279900,helpdesk_no_change
TK-250977,2026-03-11 10:25,2026-03,2026Q1,resolved,chat,VR882817,VA-EB-PL2,Chat Frontline,A3006,GW-OTHER,Y,helpdesk,9371,349900,helpdesk_no_change
TK-250980,2026-03-11 11:43,2026-03,2026Q1,resolved,chat,,VA-EB-PL2,Chat Frontline,A3011,DUP-PAYMENT,N,helpdesk,9373,314900,helpdesk_no_change
TK-250988,2026-03-11 15:44,2026-03,2026Q1,resolved,chat,,VA-SW-NX2,Logistics,A3030,GW-OTHER,N,helpdesk,9380,617400,helpdesk_no_change
TK-251001,2026-03-11 20:07,2026-03,2026Q1,resolved,social,VR887003,VA-EB-PL2,Billing,A3035,GW-OTHER,N,helpdesk,9391,349900,helpdesk_no_change
TK-251013,2026-03-12 10:46,2026-03,2026Q1,open,email,VR905924,VA-EB-PL2,Returns Desk,A3031,RETURN-QC-OK,N,helpdesk,9401,332400,helpdesk_no_change
TK-251017,2026-03-12 11:44,2026-03,2026Q1,resolved,voice,VR882209,VA-SW-NX2,Billing,A3032,GW-OTHER,N,helpdesk,9405,52000,helpdesk_no_change
TK-251021,2026-03-12 12:35,2026-03,2026Q1,closed,email,VR894524,VA-EB-PL1,Billing,A3035,GW-OTHER,N,helpdesk,9408,50000,helpdesk_no_change
TK-251027,2026-03-12 18:38,2026-03,2026Q1,resolved,chat,VR908055,VA-SP-MINI,Billing,A3035,DUP-PAYMENT,N,helpdesk,9412,237400,helpdesk_no_change
TK-251031,2026-03-12 19:42,2026-03,2026Q1,resolved,chat,VR902518,VA-HP-ST3,Chat Frontline,A3014,GW-OTHER,Y,helpdesk,9416,664900,helpdesk_no_change
TK-251042,2026-03-13 08:02,2026-03,2026Q1,resolved,chat,,VA-SP-MINI,Logistics,A3028,GW-OTHER,N,helpdesk,9426,249900,helpdesk_no_change
TK-251044,2026-03-13 09:02,2026-03,2026Q1,closed,social,,VA-EB-PL2,Returns Desk,A3038,RETURN-QC-OK,N,helpdesk,9428,126000,helpdesk_no_change
TK-251059,2026-03-13 15:00,2026-03,2026Q1,pending,email,,VA-AC-CASE,Email Frontline,A3018,CANCEL,N,helpdesk,9440,20800,helpdesk_no_change
TK-251070,2026-03-13 18:08,2026-03,2026Q1,resolved,email,VR882068,VA-EB-PL2,Email Frontline,A3018,GW-OTHER,N,helpdesk,9447,349900,helpdesk_no_change
TK-251081,2026-03-14 08:55,2026-03,2026Q1,resolved,chat,VR881697,VA-SW-NX2,Returns Desk,A3037,RETURN-QC-OK,N,helpdesk,9455,617400,helpdesk_no_change
TK-251094,2026-03-14 12:15,2026-03,2026Q1,resolved,chat,VR881747,VA-EB-PL2,Billing,A3033,GW-OTHER,N,helpdesk,9467,349900,helpdesk_no_change
TK-251107,2026-03-14 20:12,2026-03,2026Q1,resolved,chat,VR905270,VA-EB-PL2,Billing,A3031,DUP-PAYMENT,N,helpdesk,9478,28000,helpdesk_no_change
TK-251115,2026-03-15 02:22,2026-03,2026Q1,resolved,email,VR891153,VA-EB-PL2,Logistics,A3031,GW-OTHER,N,helpdesk,9486,66500,helpdesk_no_change
TK-251127,2026-03-15 11:07,2026-03,2026Q1,closed,email,VR905548,VA-SW-FIT,Billing,A3033,DUP-PAYMENT,N,helpdesk,9494,30000,helpdesk_no_change
TK-251139,2026-03-15 14:23,2026-03,2026Q1,resolved,chat,,VA-EB-PL2,Chat Frontline,A3009,GW-OTHER,N,helpdesk,9503,314900,helpdesk_no_change
TK-251146,2026-03-15 18:13,2026-03,2026Q1,resolved,voice,VR899541,VA-EB-PL2,Voice Frontline,A3026,GW-OTHER,N,helpdesk,9509,349900,helpdesk_no_change
TK-251151,2026-03-15 21:45,2026-03,2026Q1,resolved,email,,VA-EB-PL2,Billing,A3032,GW-OTHER,N,helpdesk,9514,332400,helpdesk_no_change
TK-251158,2026-03-16 06:59,2026-03,2026Q1,closed,chat,,VA-AC-CBL,Returns Desk,A3038,RETURN-QC-OK,N,helpdesk,9520,7200,helpdesk_no_change
TK-251174,2026-03-16 19:15,2026-03,2026Q1,resolved,voice,,VA-EB-PL2,Returns Desk,A3036,RETURN-QC-OK,N,helpdesk,9534,70000,helpdesk_no_change
TK-251186,2026-03-17 13:24,2026-03,2026Q1,resolved,chat,VR909590,VA-EB-PL2,Returns Desk,A3038,GW-OTHER,N,helpdesk,9545,44600,helpdesk_no_change
TK-251191,2026-03-17 16:01,2026-03,2026Q1,resolved,email,,VA-EB-PL2,Logistics,A3030,DOA-REPL,N,helpdesk,9549,349900,helpdesk_no_change
TK-251200,2026-03-17 21:00,2026-03,2026Q1,open,email,,VA-EB-PL1,Logistics,A3027,GW-OTHER,N,helpdesk,9557,212400,helpdesk_no_change
TK-251208,2026-03-18 11:48,2026-03,2026Q1,resolved,chat,VR907455,VA-EB-PL1,Returns Desk,A3038,RETURN-QC-OK,N,helpdesk,9563,40000,helpdesk_no_change
TK-251209,2026-03-18 12:44,2026-03,2026Q1,open,social,VR891713,VA-EB-PL2,Logistics,A3027,LOST-TRANSIT,N,helpdesk,9564,297400,helpdesk_no_change
TK-251212,2026-03-18 13:40,2026-03,2026Q1,resolved,chat,VR898631,VA-HP-ST3,Billing,A3033,DUP-PAYMENT,N,helpdesk,9566,664900,helpdesk_no_change
TK-251219,2026-03-18 15:37,2026-03,2026Q1,open,email,VR898071,VA-SW-NX1,Billing,A3035,PRICE-ADJ,N,helpdesk,9572,849800,helpdesk_no_change
TK-251237,2026-03-19 07:03,2026-03,2026Q1,resolved,email,VR881466,VA-AC-CASE,Email Frontline,A3020,GW-OTHER,N,helpdesk,9582,10400,helpdesk_no_change
TK-251241,2026-03-19 11:05,2026-03,2026Q1,pending,voice,,VA-SW-NX2,Returns Desk,A3038,RETURN-QC-OK,N,helpdesk,9586,649900,helpdesk_no_change
TK-251244,2026-03-19 12:08,2026-03,2026Q1,resolved,email,,VA-AC-CASE,Billing,A3018,DUP-PAYMENT,N,helpdesk,9588,65000,helpdesk_no_change
TK-251247,2026-03-19 13:15,2026-03,2026Q1,resolved,chat,VR890424,VA-EB-AIR,Chat Frontline,A3040,WTY-BUYBACK,N,helpdesk,9591,152900,helpdesk_no_change
TK-251248,2026-03-19 13:27,2026-03,2026Q1,resolved,social,VR888273,VA-SW-NX1,Chat Frontline,A3005,GW-OTHER,Y,helpdesk,9592,499900,helpdesk_no_change
TK-251265,2026-03-19 19:26,2026-03,2026Q1,resolved,email,VR906965,VA-EB-PL2,Escalations & Warranty,A3040,GW-OTHER,N,helpdesk,9606,332400,helpdesk_no_change
TK-251274,2026-03-19 22:04,2026-03,2026Q1,resolved,chat,VR888735,VA-EB-PL2,Returns Desk,A3037,GW-OTHER,N,helpdesk,9612,297400,helpdesk_no_change
TK-251282,2026-03-20 08:09,2026-03,2026Q1,resolved,chat,VR897179,VA-AC-CASE,Returns Desk,A3038,GW-OTHER,N,helpdesk,9618,11000,helpdesk_no_change
TK-251284,2026-03-20 08:56,2026-03,2026Q1,resolved,voice,,VA-EB-PL2,Logistics,A3031,GW-OTHER,Y,helpdesk,9619,166200,helpdesk_no_change
TK-251307,2026-03-20 22:06,2026-03,2026Q1,resolved,chat,VR895966,VA-EB-PL1,Billing,A3034,GW-OTHER,N,helpdesk,9637,249900,helpdesk_no_change
TK-251308,2026-03-20 23:59,2026-03,2026Q1,resolved,email,VR907215,VA-SW-NX2,Logistics,A3031,LOST-TRANSIT,N,helpdesk,9638,649900,helpdesk_no_change
TK-251319,2026-03-21 10:47,2026-03,2026Q1,resolved,voice,VR883631,VA-NB-ARC,Voice Frontline,A3024,WTY-BUYBACK,Y,helpdesk,9648,129900,helpdesk_no_change
TK-251320,2026-03-21 11:33,2026-03,2026Q1,resolved,voice,,VA-EB-PL2,Escalations & Warranty,A3039,WTY-BUYBACK,N,helpdesk,9649,699800,helpdesk_no_change
TK-251321,2026-03-21 12:08,2026-03,2026Q1,resolved,email,VR899294,VA-EB-PL2,Returns Desk,A3037,RETURN-QC-OK,N,helpdesk,9650,699800,helpdesk_no_change
TK-251323,2026-03-21 12:52,2026-03,2026Q1,resolved,chat,VR889531,VA-EB-PL2,Chat Frontline,A3011,DUP-PAYMENT,N,helpdesk,9652,297400,helpdesk_no_change
TK-251331,2026-03-21 16:57,2026-03,2026Q1,resolved,social,VR884070,VA-EB-PL1,Logistics,A3030,GW-OTHER,N,helpdesk,9659,199900,helpdesk_no_change
TK-251335,2026-03-21 17:56,2026-03,2026Q1,resolved,chat,VR880597,VA-EB-AIR,Chat Frontline,A3014,DOA-REPL,N,helpdesk,9662,305800,helpdesk_no_change
TK-251336,2026-03-21 18:31,2026-03,2026Q1,resolved,chat,,VA-EB-PL1,Logistics,A3030,RETURN-QC-OK,N,helpdesk,9663,249900,helpdesk_no_change
TK-251337,2026-03-21 18:33,2026-03,2026Q1,closed,chat,VR891708,VA-EB-AIR,Billing,A3035,CANCEL,N,helpdesk,9664,305800,helpdesk_no_change
TK-251341,2026-03-21 19:14,2026-03,2026Q1,resolved,email,VR894801,VA-EB-PL1,Returns Desk,A3037,RETURN-QC-OK,N,helpdesk,9667,249900,helpdesk_no_change
TK-251347,2026-03-21 20:34,2026-03,2026Q1,resolved,email,,VA-EB-PL2,Returns Desk,A3038,RETURN-QC-OK,N,helpdesk,9673,349900,helpdesk_no_change
TK-251351,2026-03-21 22:31,2026-03,2026Q1,resolved,chat,,VA-HP-ST3,Chat Frontline,A3001,PRICE-ADJ,N,helpdesk,9677,699900,helpdesk_no_change
TK-251353,2026-03-21 23:46,2026-03,2026Q1,resolved,email,,VA-EB-PL1,Email Frontline,A3016,DOA-REPL,N,helpdesk,9679,249900,helpdesk_no_change
TK-251356,2026-03-22 00:48,2026-03,2026Q1,pending,chat,,VA-EB-AIR,Billing,A3032,CANCEL,N,helpdesk,9682,36000,helpdesk_no_change
TK-251358,2026-03-22 00:52,2026-03,2026Q1,closed,chat,VR884292,VA-EB-PL2,Escalations & Warranty,A3039,DOA-REPL,N,helpdesk,9683,279900,helpdesk_no_change
TK-251360,2026-03-22 00:54,2026-03,2026Q1,resolved,chat,,VA-AC-CASE,Chat Frontline,A3003,DUP-PAYMENT,N,helpdesk,9684,123400,helpdesk_no_change
TK-251369,2026-03-22 10:02,2026-03,2026Q1,resolved,email,VR899274,VA-SW-NX2,Returns Desk,A3037,GW-OTHER,N,helpdesk,9691,519900,helpdesk_no_change
TK-251373,2026-03-22 11:27,2026-03,2026Q1,resolved,email,VR889470,VA-EB-PL2,Email Frontline,A3018,CANCEL,N,helpdesk,9694,297400,helpdesk_no_change
TK-251374,2026-03-22 11:36,2026-03,2026Q1,resolved,voice,VR893501,VA-HP-ST3,Logistics,A3029,RETURN-QC-OK,N,helpdesk,9695,699900,helpdesk_no_change
TK-251375,2026-03-22 11:49,2026-03,2026Q1,closed,social,VR888159,VA-SP-MINI,Returns Desk,A3036,RETURN-QC-OK,N,helpdesk,9696,249900,helpdesk_no_change
TK-251377,2026-03-22 11:54,2026-03,2026Q1,resolved,voice,VR884203,VA-EB-PL2,Returns Desk,A3037,RETURN-QC-OK,N,helpdesk,9697,332400,helpdesk_no_change
TK-251380,2026-03-22 13:38,2026-03,2026Q1,resolved,chat,VR896929,VA-HP-ST2,Returns Desk,A3037,GW-OTHER,N,helpdesk,9700,399900,helpdesk_no_change
TK-251387,2026-03-22 17:59,2026-03,2026Q1,pending,email,VR894924,VA-AC-CBL,Billing,A3033,GW-OTHER,N,helpdesk,9706,63800,helpdesk_no_change
TK-251395,2026-03-22 20:16,2026-03,2026Q1,resolved,voice,,VA-EB-PL2,Returns Desk,A3033,RETURN-QC-OK,N,helpdesk,9711,332400,helpdesk_no_change
TK-251397,2026-03-22 20:24,2026-03,2026Q1,resolved,chat,,VA-AC-CASE,Billing,A3035,DUP-PAYMENT,N,helpdesk,9713,129900,helpdesk_no_change
TK-251401,2026-03-23 06:33,2026-03,2026Q1,resolved,email,,VA-EB-AIR,Email Frontline,A3015,GW-OTHER,N,helpdesk,9716,90000,helpdesk_no_change
TK-251408,2026-03-23 11:02,2026-03,2026Q1,resolved,email,,VA-AC-CH65,Email Frontline,A3019,GW-OTHER,N,helpdesk,9721,119900,helpdesk_no_change
TK-251410,2026-03-23 13:12,2026-03,2026Q1,resolved,social,,VA-HP-ST3,Chat Frontline,A3010,GW-OTHER,Y,helpdesk,9723,559900,helpdesk_no_change
TK-251413,2026-03-23 13:43,2026-03,2026Q1,resolved,email,VR886951,VA-SW-NX2,Logistics,A3030,DOA-REPL,N,helpdesk,9725,552400,helpdesk_no_change
TK-251436,2026-03-23 22:18,2026-03,2026Q1,resolved,email,VR895541,VA-HP-ST3,Email Frontline,A3019,DOA-REPL,N,helpdesk,9741,112000,helpdesk_no_change
TK-251438,2026-03-24 03:59,2026-03,2026Q1,resolved,chat,,VA-AC-CH65,Returns Desk,A3005,GW-OTHER,N,helpdesk,9743,119900,helpdesk_no_change
TK-251443,2026-03-24 10:01,2026-03,2026Q1,closed,chat,VR907063,VA-SP-ORB,Chat Frontline,A3013,GW-OTHER,N,helpdesk,9748,539900,helpdesk_no_change
TK-251451,2026-03-24 16:02,2026-03,2026Q1,resolved,chat,VR881672,VA-EB-PL2,Returns Desk,A3036,GW-OTHER,N,helpdesk,9755,56000,helpdesk_no_change
TK-251456,2026-03-24 17:13,2026-03,2026Q1,closed,email,,VA-AC-CASE,Returns Desk,A3036,RETURN-QC-OK,N,helpdesk,9759,110400,helpdesk_no_change
TK-251459,2026-03-24 17:42,2026-03,2026Q1,pending,chat,VR885953,VA-EB-PL2,Billing,A3035,DUP-PAYMENT,N,helpdesk,9761,279900,helpdesk_no_change
TK-251463,2026-03-24 19:02,2026-03,2026Q1,resolved,chat,VR897193,VA-EB-PL2,Billing,A3035,GW-OTHER,N,helpdesk,9763,314900,helpdesk_no_change
TK-251467,2026-03-24 20:58,2026-03,2026Q1,resolved,social,VR890735,VA-EB-PL2,Chat Frontline,A3003,CANCEL,N,helpdesk,9766,148700,helpdesk_no_change
TK-251470,2026-03-24 23:24,2026-03,2026Q1,resolved,chat,VR896182,VA-SW-NX2,Returns Desk,A3038,RETURN-QC-OK,N,helpdesk,9768,617400,helpdesk_no_change
TK-251472,2026-03-24 23:59,2026-03,2026Q1,resolved,chat,,VA-EB-PL2,Logistics,A3029,DOA-REPL,N,helpdesk,9770,332400,helpdesk_no_change
TK-251476,2026-03-25 06:10,2026-03,2026Q1,resolved,email,,VA-AC-CASE,Logistics,A3031,DOA-REPL,Y,helpdesk,9773,129900,helpdesk_no_change
TK-251484,2026-03-25 09:30,2026-03,2026Q1,resolved,voice,VR907168,VA-EB-AIR,Billing,A3033,GW-OTHER,N,helpdesk,9779,179900,helpdesk_no_change
TK-251493,2026-03-25 17:03,2026-03,2026Q1,resolved,chat,VR884287,VA-SP-ORB,Billing,A3035,DUP-PAYMENT,N,helpdesk,9787,108000,helpdesk_no_change
TK-251494,2026-03-25 17:58,2026-03,2026Q1,resolved,chat,VR908532,VA-SW-NX2,Billing,A3035,GW-OTHER,N,helpdesk,9788,117000,helpdesk_no_change
TK-251500,2026-03-25 19:17,2026-03,2026Q1,resolved,voice,,VA-HP-ST2,Returns Desk,A3036,GW-OTHER,N,helpdesk,9792,250000,helpdesk_no_change
TK-251513,2026-03-26 08:33,2026-03,2026Q1,resolved,social,,VA-EB-PL1,Returns Desk,A3038,RETURN-QC-OK,N,helpdesk,9803,249900,helpdesk_no_change
TK-251515,2026-03-26 11:17,2026-03,2026Q1,resolved,chat,,VA-EB-PL2,Returns Desk,A3038,RETURN-QC-OK,N,helpdesk,9805,559800,helpdesk_no_change
TK-251519,2026-03-26 12:38,2026-03,2026Q1,resolved,chat,VR906363,VA-SP-ORB,Chat Frontline,A3007,GW-OTHER,N,helpdesk,9808,569900,helpdesk_no_change
TK-251523,2026-03-26 15:49,2026-03,2026Q1,resolved,social,,VA-EB-PL2,Billing,A3035,GW-OTHER,N,helpdesk,9810,148700,helpdesk_no_change
TK-251537,2026-03-26 22:16,2026-03,2026Q1,resolved,chat,VR898989,VA-EB-PL2,Chat Frontline,A3003,WTY-BUYBACK,Y,helpdesk,9823,314900,helpdesk_no_change
TK-251542,2026-03-27 08:04,2026-03,2026Q1,resolved,email,VR881452,VA-SW-NX1,Escalations & Warranty,A3039,DOA-REPL,N,helpdesk,9828,399900,helpdesk_no_change
TK-251555,2026-03-27 14:42,2026-03,2026Q1,resolved,email,VR888159,VA-SP-MINI,Email Frontline,A3018,CANCEL,N,helpdesk,9840,50000,helpdesk_no_change
TK-251559,2026-03-27 16:33,2026-03,2026Q1,resolved,voice,,VA-EB-PL1,Returns Desk,A3036,RETURN-QC-OK,N,helpdesk,9844,224900,helpdesk_no_change
TK-251570,2026-03-27 22:39,2026-03,2026Q1,resolved,email,VR905548,VA-SW-FIT,Returns Desk,A3037,RETURN-QC-OK,N,helpdesk,9854,100000,helpdesk_no_change
TK-251571,2026-03-27 23:16,2026-03,2026Q1,resolved,chat,VR908339,VA-NB-ARC,Chat Frontline,A3017,WTY-BUYBACK,Y,helpdesk,9855,129900,helpdesk_no_change
TK-251598,2026-03-28 15:32,2026-03,2026Q1,resolved,chat,VR883650,VA-SP-MINI,Logistics,A3030,LOST-TRANSIT,N,helpdesk,9871,424800,helpdesk_no_change
TK-251601,2026-03-28 17:30,2026-03,2026Q1,pending,chat,VR884846,VA-SW-FIT,Chat Frontline,A3005,GW-OTHER,N,helpdesk,9874,189900,helpdesk_no_change
TK-251613,2026-03-28 22:59,2026-03,2026Q1,resolved,email,VR881414,VA-SW-NX2,Logistics,A3029,LOST-TRANSIT,N,helpdesk,9883,519900,helpdesk_no_change
TK-251620,2026-03-29 11:38,2026-03,2026Q1,resolved,chat,VR897550,VA-NB-ARC,Chat Frontline,A3013,GW-OTHER,Y,helpdesk,9888,129900,helpdesk_no_change
TK-251630,2026-03-29 14:37,2026-03,2026Q1,pending,email,VR891653,VA-SP-MINI,Email Frontline,A3036,DUP-PAYMENT,N,helpdesk,9895,224900,helpdesk_no_change
TK-251633,2026-03-29 17:50,2026-03,2026Q1,resolved,chat,VR891591,VA-SW-FIT,Chat Frontline,A3014,GW-OTHER,N,helpdesk,9898,199900,helpdesk_no_change
TK-251635,2026-03-29 23:41,2026-03,2026Q1,resolved,email,,VA-EB-PL1,Email Frontline,A3016,DOA-REPL,Y,helpdesk,9900,249900,helpdesk_no_change
TK-251638,2026-03-29 23:56,2026-03,2026Q1,resolved,chat,,VA-EB-PL2,Billing,A3034,GW-OTHER,N,helpdesk,9902,279900,helpdesk_no_change
TK-251644,2026-03-30 07:45,2026-03,2026Q1,resolved,chat,,VA-EB-PL2,Returns Desk,A3038,GW-OTHER,N,helpdesk,9908,63000,helpdesk_no_change
TK-251655,2026-03-30 12:19,2026-03,2026Q1,resolved,email,VR893480,VA-EB-PL2,Logistics,A3030,WTY-BUYBACK,Y,helpdesk,9915,349900,helpdesk_no_change
TK-251666,2026-03-30 19:29,2026-03,2026Q1,resolved,chat,VR900807,VA-HP-ST2,Billing,A3035,DUP-PAYMENT,N,helpdesk,9925,449900,helpdesk_no_change
TK-251690,2026-03-31 11:34,2026-03,2026Q1,resolved,email,VR907702,VA-EB-AIR,Email Frontline,A3018,CANCEL,N,helpdesk,9942,72000,helpdesk_no_change
TK-251701,2026-03-31 14:51,2026-03,2026Q1,resolved,chat,VR905138,VA-SW-FIT,Returns Desk,A3036,RETURN-QC-OK,N,helpdesk,9949,16000,helpdesk_no_change
TK-251705,2026-03-31 17:15,2026-03,2026Q1,resolved,chat,VR885281,VA-EB-AIR,Billing,A3035,CANCEL,N,helpdesk,9952,81000,helpdesk_no_change
TK-251706,2026-03-31 17:31,2026-03,2026Q1,closed,chat,VR908740,VA-EB-PL2,Chat Frontline,A3004,GW-OTHER,Y,helpdesk,9953,349900,helpdesk_no_change
TK-251708,2026-03-31 19:34,2026-03,2026Q1,closed,email,,VA-EB-PL2,Logistics,A3030,GW-OTHER,N,helpdesk,9955,297400,helpdesk_no_change
TK-251720,2026-04-01 08:49,2026-04,2026Q2,resolved,email,,VA-EB-PL2,Billing,A3033,GW-OTHER,N,helpdesk,9964,332400,helpdesk_no_change
TK-251723,2026-04-01 10:27,2026-04,2026Q2,closed,email,VR881881,VA-AC-CBL,Email Frontline,A3020,GW-OTHER,N,helpdesk,9967,14400,helpdesk_no_change
TK-251724,2026-04-01 10:29,2026-04,2026Q2,resolved,chat,VR892086,VA-EB-AIR,Chat Frontline,A3007,CANCEL,N,helpdesk,9968,90000,helpdesk_no_change
TK-251725,2026-04-01 11:57,2026-04,2026Q2,resolved,chat,VR893321,VA-AC-CBL,Billing,A3034,DUP-PAYMENT,N,helpdesk,9969,39900,helpdesk_no_change
TK-251727,2026-04-01 11:59,2026-04,2026Q2,open,chat,VR893014,VA-EB-PL2,Returns Desk,A3037,RETURN-QC-OK,N,helpdesk,9970,52500,helpdesk_no_change
TK-251729,2026-04-01 13:53,2026-04,2026Q2,resolved,email,VR893726,VA-SP-MINI,Email Frontline,A3018,DUP-PAYMENT,N,helpdesk,9972,237400,helpdesk_no_change
TK-251738,2026-04-01 18:53,2026-04,2026Q2,resolved,voice,VR900294,VA-EB-AIR,Voice Frontline,A3026,GW-OTHER,N,helpdesk,9980,143900,helpdesk_no_change
TK-251760,2026-04-02 16:45,2026-04,2026Q2,resolved,voice,VR881254,VA-SW-FIT,Billing,A3035,PRICE-ADJ,N,helpdesk,9997,30000,helpdesk_no_change
TK-251770,2026-04-02 21:15,2026-04,2026Q2,closed,voice,VR881254,VA-SW-FIT,Logistics,A3028,LOST-TRANSIT,N,helpdesk,10006,199900,helpdesk_no_change
TK-251777,2026-04-03 12:00,2026-04,2026Q2,closed,social,VR899695,VA-SP-ORB,Billing,A3032,GW-OTHER,N,helpdesk,10012,479900,helpdesk_no_change
TK-251798,2026-04-03 19:32,2026-04,2026Q2,resolved,chat,VR896589,VA-SW-FIT,Chat Frontline,A3012,CANCEL,N,helpdesk,10027,40000,helpdesk_no_change
TK-251802,2026-04-03 20:27,2026-04,2026Q2,resolved,voice,,VA-EB-PL1,Billing,A3035,DUP-PAYMENT,N,helpdesk,10030,47500,helpdesk_no_change
TK-251804,2026-04-03 21:50,2026-04,2026Q2,resolved,email,VR897506,VA-EB-PL1,Billing,A3034,DUP-PAYMENT,N,helpdesk,10032,212400,helpdesk_no_change
TK-251806,2026-04-03 22:08,2026-04,2026Q2,resolved,social,VR881879,VA-SP-MINI,Billing,A3032,DUP-PAYMENT,N,helpdesk,10033,249900,helpdesk_no_change
TK-251809,2026-04-03 23:29,2026-04,2026Q2,resolved,chat,VR886951,VA-SW-NX2,Returns Desk,A3037,GW-OTHER,N,helpdesk,10035,55200,helpdesk_no_change
TK-251812,2026-04-04 09:30,2026-04,2026Q2,resolved,voice,VR882021,VA-NB-ARC,Logistics,A3029,DOA-REPL,N,helpdesk,10038,129900,helpdesk_no_change
TK-251817,2026-04-04 11:18,2026-04,2026Q2,resolved,voice,,VA-EB-PL2,Voice Frontline,A3023,CANCEL,N,helpdesk,10043,314900,helpdesk_no_change
TK-251818,2026-04-04 11:21,2026-04,2026Q2,resolved,voice,,VA-EB-PL2,Escalations & Warranty,A3039,DOA-REPL,N,helpdesk,10044,279900,helpdesk_no_change
TK-251821,2026-04-04 11:43,2026-04,2026Q2,closed,chat,VR889531,VA-EB-PL2,Returns Desk,A3038,RETURN-QC-OK,N,helpdesk,10046,148700,helpdesk_no_change
TK-251823,2026-04-04 11:52,2026-04,2026Q2,resolved,chat,VR895842,VA-HP-ST3,Chat Frontline,A3011,CANCEL,N,helpdesk,10047,699900,helpdesk_no_change
TK-251826,2026-04-04 13:13,2026-04,2026Q2,resolved,chat,,VA-AC-CBL,Billing,A3020,DUP-PAYMENT,N,helpdesk,10050,8000,helpdesk_no_change
TK-251828,2026-04-04 13:46,2026-04,2026Q2,resolved,chat,VR880017,VA-HP-ST3,Returns Desk,A3037,RETURN-QC-OK,N,helpdesk,10052,699900,helpdesk_no_change
TK-251831,2026-04-04 15:27,2026-04,2026Q2,resolved,chat,VR882036,VA-HP-ST2,Returns Desk,A3036,GW-OTHER,N,helpdesk,10055,949800,helpdesk_no_change
TK-251837,2026-04-04 17:20,2026-04,2026Q2,resolved,chat,VR880795,VA-SW-FIT,Logistics,A3030,RETURN-QC-OK,N,helpdesk,10059,34000,helpdesk_no_change
TK-251840,2026-04-04 18:22,2026-04,2026Q2,resolved,chat,VR881852,VA-EB-PL2,Logistics,A3030,GW-OTHER,Y,helpdesk,10061,349900,helpdesk_no_change
TK-251842,2026-04-04 18:22,2026-04,2026Q2,open,email,VR896785,VA-HP-ST3,Logistics,A3030,LOST-TRANSIT,N,helpdesk,10062,105000,helpdesk_no_change
TK-251849,2026-04-04 21:00,2026-04,2026Q2,resolved,chat,VR894913,VA-EB-PL1,Chat Frontline,A3015,GW-OTHER,N,helpdesk,10067,212400,helpdesk_no_change
TK-251853,2026-04-04 21:48,2026-04,2026Q2,resolved,email,VR893808,VA-EB-PL2,Returns Desk,A3038,RETURN-QC-OK,N,helpdesk,10069,28000,helpdesk_no_change
TK-251856,2026-04-04 22:55,2026-04,2026Q2,closed,social,VR906674,VA-HP-ST3,Billing,A3034,GW-OTHER,N,helpdesk,10071,699900,helpdesk_no_change
TK-251857,2026-04-05 00:34,2026-04,2026Q2,resolved,email,,VA-EB-PL2,Returns Desk,A3037,GW-OTHER,N,helpdesk,10072,297400,helpdesk_no_change
TK-251860,2026-04-05 10:30,2026-04,2026Q2,resolved,voice,VR894368,VA-SW-FIT,Logistics,A3031,DOA-REPL,N,helpdesk,10074,199900,helpdesk_no_change
TK-251863,2026-04-05 12:53,2026-04,2026Q2,resolved,chat,VR893200,VA-HP-ST2,Chat Frontline,A3007,GW-OTHER,N,helpdesk,10077,424900,helpdesk_no_change
TK-251865,2026-04-05 15:44,2026-04,2026Q2,resolved,email,VR904921,VA-SW-NX1,Escalations & Warranty,A3041,GW-OTHER,N,helpdesk,10078,100000,helpdesk_no_change
TK-251866,2026-04-05 15:56,2026-04,2026Q2,resolved,chat,,VA-SP-MINI,Returns Desk,A3036,RETURN-QC-OK,N,helpdesk,10079,224900,helpdesk_no_change
TK-251873,2026-04-05 19:05,2026-04,2026Q2,resolved,voice,VR908050,VA-EB-PL1,Voice Frontline,A3039,DOA-REPL,N,helpdesk,10085,37500,helpdesk_no_change
TK-251880,2026-04-05 22:21,2026-04,2026Q2,resolved,email,VR882803,VA-EB-PL2,Email Frontline,A3017,WTY-BUYBACK,Y,helpdesk,10090,349900,helpdesk_no_change
TK-251900,2026-04-06 12:01,2026-04,2026Q2,resolved,chat,,VA-SW-FIT,Returns Desk,A3037,GW-OTHER,N,helpdesk,10106,199900,helpdesk_no_change
TK-251905,2026-04-06 14:38,2026-04,2026Q2,resolved,email,,VA-SW-FIT,Billing,A3032,GW-OTHER,N,helpdesk,10110,199900,helpdesk_no_change
TK-251908,2026-04-06 16:24,2026-04,2026Q2,closed,email,VR903589,VA-EB-PL2,Billing,A3033,PRICE-ADJ,N,helpdesk,10113,49900,helpdesk_no_change
TK-251925,2026-04-07 07:27,2026-04,2026Q2,resolved,chat,,VA-EB-AIR,Returns Desk,A3031,RETURN-QC-OK,N,helpdesk,10124,18000,helpdesk_no_change
TK-251928,2026-04-07 09:29,2026-04,2026Q2,resolved,chat,VR890710,VA-EB-PL2,Logistics,A3027,GW-OTHER,N,helpdesk,10126,332400,helpdesk_no_change
TK-251939,2026-04-07 13:55,2026-04,2026Q2,resolved,chat,,VA-SW-NX1,Returns Desk,A3038,RETURN-QC-OK,N,helpdesk,10135,250000,helpdesk_no_change
TK-251940,2026-04-07 14:33,2026-04,2026Q2,resolved,voice,,VA-EB-PL2,Voice Frontline,A3026,CANCEL,N,helpdesk,10136,279900,helpdesk_no_change
TK-251952,2026-04-07 17:52,2026-04,2026Q2,resolved,chat,VR888103,VA-SW-NX2,Returns Desk,A3036,WTY-BUYBACK,N,helpdesk,10145,617400,helpdesk_no_change
TK-251954,2026-04-07 19:29,2026-04,2026Q2,resolved,email,VR881660,VA-SP-MINI,Billing,A3032,RETURN-QC-OK,N,helpdesk,10147,199900,helpdesk_no_change
TK-251955,2026-04-07 20:10,2026-04,2026Q2,resolved,chat,,VA-EB-PL1,Billing,A3035,GW-OTHER,N,helpdesk,10148,249900,helpdesk_no_change
TK-251959,2026-04-07 21:29,2026-04,2026Q2,resolved,chat,,VA-EB-PL2,Chat Frontline,A3015,PRICE-ADJ,N,helpdesk,10152,332400,helpdesk_no_change
TK-251965,2026-04-08 01:58,2026-04,2026Q2,resolved,chat,VR907168,VA-EB-AIR,Returns Desk,A3038,RETURN-QC-OK,N,helpdesk,10156,179900,helpdesk_no_change
TK-251970,2026-04-08 08:09,2026-04,2026Q2,resolved,email,VR904247,VA-EB-PL2,Billing,A3038,PRICE-ADJ,N,helpdesk,10159,349900,helpdesk_no_change
TK-251988,2026-04-08 17:51,2026-04,2026Q2,resolved,email,,VA-EB-PL2,Email Frontline,A3018,GW-OTHER,N,helpdesk,10173,699800,helpdesk_no_change
TK-251991,2026-04-08 18:32,2026-04,2026Q2,closed,chat,VR882201,VA-EB-AIR,Logistics,A3030,DOA-REPL,Y,helpdesk,10175,179900,helpdesk_no_change
TK-251996,2026-04-08 19:39,2026-04,2026Q2,resolved,chat,VR893587,VA-EB-PL2,Returns Desk,A3036,RETURN-QC-OK,N,helpdesk,10178,349900,helpdesk_no_change
TK-252004,2026-04-09 08:50,2026-04,2026Q2,resolved,email,,VA-EB-PL2,Returns Desk,A3037,GW-OTHER,N,helpdesk,10184,148700,helpdesk_no_change
TK-252010,2026-04-09 11:54,2026-04,2026Q2,resolved,chat,VR906674,VA-HP-ST3,Logistics,A3031,GW-OTHER,Y,helpdesk,10188,699900,helpdesk_no_change
TK-252020,2026-04-09 17:41,2026-04,2026Q2,closed,email,VR887429,VA-EB-PL2,Returns Desk,A3036,GW-OTHER,N,helpdesk,10197,349900,helpdesk_no_change
TK-252024,2026-04-09 19:26,2026-04,2026Q2,resolved,email,VR884950,VA-EB-PL1,Logistics,A3027,GW-OTHER,Y,helpdesk,10200,249900,helpdesk_no_change
TK-252029,2026-04-09 22:55,2026-04,2026Q2,resolved,email,,VA-HP-ST3,Logistics,A3027,DOA-REPL,N,helpdesk,10205,559900,helpdesk_no_change
TK-252031,2026-04-10 09:43,2026-04,2026Q2,resolved,chat,VR901682,VA-EB-PL2,Returns Desk,A3038,RETURN-QC-OK,N,helpdesk,10207,332400,helpdesk_no_change
TK-252034,2026-04-10 12:12,2026-04,2026Q2,resolved,chat,VR888313,VA-EB-PL1,Chat Frontline,A3006,DOA-REPL,N,helpdesk,10209,212400,helpdesk_no_change
TK-252060,2026-04-11 16:25,2026-04,2026Q2,resolved,chat,VR890264,VA-EB-AIR,Returns Desk,A3036,RETURN-QC-OK,N,helpdesk,10231,170900,helpdesk_no_change
TK-252063,2026-04-11 17:17,2026-04,2026Q2,resolved,chat,VR902403,VA-AC-CBL,Returns Desk,A3036,GW-OTHER,N,helpdesk,10233,3200,helpdesk_no_change
TK-252071,2026-04-11 20:51,2026-04,2026Q2,resolved,chat,VR900055,VA-SW-NX1,Logistics,A3030,RETURN-QC-OK,N,helpdesk,10239,499900,helpdesk_no_change
TK-252073,2026-04-11 21:10,2026-04,2026Q2,open,email,VR888101,VA-EB-PL2,Email Frontline,A3001,GW-OTHER,N,helpdesk,10241,629800,helpdesk_no_change
TK-252076,2026-04-12 00:25,2026-04,2026Q2,resolved,chat,VR893347,VA-HP-ST3,Returns Desk,A3038,GW-OTHER,N,helpdesk,10244,699900,helpdesk_no_change
TK-252081,2026-04-12 08:28,2026-04,2026Q2,resolved,email,,VA-SW-NX2,Returns Desk,A3037,GW-OTHER,N,helpdesk,10247,649900,helpdesk_no_change
TK-252082,2026-04-12 09:00,2026-04,2026Q2,resolved,email,,VA-EB-PL2,Email Frontline,A3021,GW-OTHER,N,helpdesk,10248,279900,helpdesk_no_change
TK-252087,2026-04-12 12:02,2026-04,2026Q2,resolved,chat,VR908932,VA-SP-MINI,Chat Frontline,A3031,GW-OTHER,N,helpdesk,10252,125000,helpdesk_no_change
TK-252097,2026-04-13 00:24,2026-04,2026Q2,resolved,chat,VR906621,VA-EB-PL2,Chat Frontline,A3003,GW-OTHER,N,helpdesk,10262,349900,helpdesk_no_change
TK-252099,2026-04-13 01:29,2026-04,2026Q2,resolved,chat,,VA-EB-PL2,Billing,A3032,DUP-PAYMENT,N,helpdesk,10264,70000,helpdesk_no_change
TK-252112,2026-04-13 16:15,2026-04,2026Q2,resolved,email,,VA-EB-PL2,Returns Desk,A3036,RETURN-QC-OK,N,helpdesk,10276,279900,helpdesk_no_change
TK-252116,2026-04-13 18:49,2026-04,2026Q2,resolved,social,VR882433,VA-EB-AIR,Chat Frontline,A3004,CANCEL,N,helpdesk,10280,152900,helpdesk_no_change
TK-252118,2026-04-13 19:50,2026-04,2026Q2,resolved,email,,VA-SW-NX2,Returns Desk,A3036,GW-OTHER,N,helpdesk,10282,247000,helpdesk_no_change
TK-252119,2026-04-13 20:20,2026-04,2026Q2,resolved,social,VR884956,VA-EB-AIR,Returns Desk,A3038,RETURN-QC-OK,N,helpdesk,10283,161900,helpdesk_no_change
TK-252125,2026-04-14 08:55,2026-04,2026Q2,resolved,email,VR899909,VA-EB-PL2,Billing,A3033,GW-OTHER,N,helpdesk,10288,297400,helpdesk_no_change
TK-252135,2026-04-14 11:59,2026-04,2026Q2,closed,voice,VR908693,VA-EB-PL2,Returns Desk,A3029,RETURN-QC-OK,N,helpdesk,10295,63000,helpdesk_no_change
TK-252137,2026-04-14 14:15,2026-04,2026Q2,resolved,email,VR882918,VA-EB-PL2,Email Frontline,A3032,GW-OTHER,N,helpdesk,10297,29700,helpdesk_no_change
TK-252146,2026-04-15 06:21,2026-04,2026Q2,closed,chat,,VA-EB-PL1,Billing,A3032,DOA-REPL,Y,helpdesk,10305,237400,helpdesk_no_change
TK-252158,2026-04-15 11:00,2026-04,2026Q2,resolved,chat,VR891344,VA-EB-PL2,Logistics,A3036,LOST-TRANSIT,N,helpdesk,10314,349900,helpdesk_no_change
TK-252168,2026-04-15 15:38,2026-04,2026Q2,resolved,social,VR892089,VA-NB-ARC,Escalations & Warranty,A3040,DOA-REPL,N,helpdesk,10324,129900,helpdesk_no_change
TK-252170,2026-04-15 16:08,2026-04,2026Q2,resolved,email,VR885281,VA-EB-AIR,Returns Desk,A3037,RETURN-QC-OK,N,helpdesk,10326,161900,helpdesk_no_change
TK-252173,2026-04-15 17:33,2026-04,2026Q2,closed,chat,VR895477,VA-HP-ST3,Chat Frontline,A3038,GW-OTHER,N,helpdesk,10328,629900,helpdesk_no_change
TK-252174,2026-04-15 17:40,2026-04,2026Q2,resolved,chat,VR894233,VA-SP-MINI,Logistics,A3030,LOST-TRANSIT,N,helpdesk,10329,249900,helpdesk_no_change
TK-252181,2026-04-16 07:00,2026-04,2026Q2,closed,chat,VR894566,VA-EB-PL2,Billing,A3034,GW-OTHER,N,helpdesk,10336,175000,helpdesk_no_change
TK-252185,2026-04-16 09:17,2026-04,2026Q2,resolved,chat,VR884926,VA-EB-PL2,Chat Frontline,A3011,GW-OTHER,N,helpdesk,10339,279900,helpdesk_no_change
TK-252188,2026-04-16 09:43,2026-04,2026Q2,closed,voice,VR896822,VA-AC-CBL,Logistics,A3027,GW-OTHER,N,helpdesk,10341,37900,helpdesk_no_change
TK-252195,2026-04-16 13:24,2026-04,2026Q2,resolved,social,,VA-EB-PL2,Returns Desk,A3036,RETURN-QC-OK,N,helpdesk,10346,349900,helpdesk_no_change
TK-252200,2026-04-16 17:49,2026-04,2026Q2,resolved,voice,VR907239,VA-AC-CASE,Returns Desk,A3036,RETURN-QC-OK,N,helpdesk,10350,123400,helpdesk_no_change
TK-252207,2026-04-16 22:52,2026-04,2026Q2,resolved,email,VR909212,VA-EB-AIR,Returns Desk,A3038,GW-OTHER,N,helpdesk,10355,179900,helpdesk_no_change
TK-252212,2026-04-17 10:46,2026-04,2026Q2,resolved,chat,VR902423,VA-EB-PL2,Chat Frontline,A3007,GW-OTHER,N,helpdesk,10360,314900,helpdesk_no_change
TK-252214,2026-04-17 11:08,2026-04,2026Q2,resolved,email,VR886063,VA-AC-CBL,Billing,A3035,GW-OTHER,N,helpdesk,10362,39900,helpdesk_no_change
TK-252215,2026-04-17 11:09,2026-04,2026Q2,resolved,voice,,VA-SW-NX1,Returns Desk,A3037,RETURN-QC-OK,N,helpdesk,10363,424900,helpdesk_no_change
TK-252230,2026-04-17 18:46,2026-04,2026Q2,resolved,email,,VA-EB-AIR,Billing,A3035,GW-OTHER,N,helpdesk,10375,287800,helpdesk_no_change
TK-252233,2026-04-17 19:30,2026-04,2026Q2,resolved,chat,VR891209,VA-SW-NX1,Billing,A3035,GW-OTHER,N,helpdesk,10378,399900,helpdesk_no_change
TK-252235,2026-04-17 21:11,2026-04,2026Q2,resolved,voice,,VA-EB-AIR,Returns Desk,A3036,GW-OTHER,N,helpdesk,10380,170900,helpdesk_no_change
TK-252243,2026-04-18 09:55,2026-04,2026Q2,resolved,chat,VR906412,VA-EB-PL1,Chat Frontline,A3010,GW-OTHER,N,helpdesk,10387,249900,helpdesk_no_change
TK-252245,2026-04-18 10:51,2026-04,2026Q2,resolved,email,,VA-SP-MINI,Returns Desk,A3036,RETURN-QC-OK,N,helpdesk,10389,237400,helpdesk_no_change
TK-252260,2026-04-18 17:58,2026-04,2026Q2,closed,social,VR898020,VA-SP-MINI,Chat Frontline,A3012,WTY-BUYBACK,N,helpdesk,10402,125000,helpdesk_no_change
TK-252262,2026-04-18 20:36,2026-04,2026Q2,resolved,email,VR883505,VA-EB-PL2,Billing,A3034,GW-OTHER,N,helpdesk,10404,349900,helpdesk_no_change
TK-252264,2026-04-18 21:04,2026-04,2026Q2,resolved,email,VR892199,VA-EB-PL2,Billing,A3032,DUP-PAYMENT,N,helpdesk,10405,349900,helpdesk_no_change
TK-252280,2026-04-19 10:44,2026-04,2026Q2,resolved,voice,VR890213,VA-EB-PL2,Voice Frontline,A3025,GW-OTHER,N,helpdesk,10416,314900,helpdesk_no_change
TK-252281,2026-04-19 11:09,2026-04,2026Q2,resolved,chat,,VA-EB-PL2,Logistics,A3027,DOA-REPL,N,helpdesk,10417,349900,helpdesk_no_change
TK-252291,2026-04-19 14:41,2026-04,2026Q2,resolved,chat,VR888684,VA-EB-PL2,Chat Frontline,A3008,GW-OTHER,N,helpdesk,10424,314900,helpdesk_no_change
TK-252297,2026-04-19 18:41,2026-04,2026Q2,resolved,chat,VR898580,VA-EB-PL2,Billing,A3035,GW-OTHER,N,helpdesk,10429,35000,helpdesk_no_change
TK-252303,2026-04-19 20:30,2026-04,2026Q2,resolved,social,,VA-EB-PL2,Chat Frontline,A3032,CANCEL,N,helpdesk,10433,279900,helpdesk_no_change
TK-252308,2026-04-20 07:27,2026-04,2026Q2,resolved,chat,VR881487,VA-SW-NX2,Logistics,A3028,GW-OTHER,N,helpdesk,10438,649900,helpdesk_no_change
TK-252314,2026-04-20 10:53,2026-04,2026Q2,resolved,email,VR900733,VA-EB-AIR,Billing,A3035,PRICE-ADJ,N,helpdesk,10443,179900,helpdesk_no_change
TK-252326,2026-04-20 19:04,2026-04,2026Q2,resolved,email,,VA-SP-MINI,Returns Desk,A3037,RETURN-QC-OK,N,helpdesk,10453,50000,helpdesk_no_change
TK-252328,2026-04-20 20:36,2026-04,2026Q2,resolved,voice,VR892951,VA-HP-ST3,Voice Frontline,A3026,GW-OTHER,N,helpdesk,10455,126000,helpdesk_no_change
TK-252334,2026-04-21 08:30,2026-04,2026Q2,resolved,email,VR896524,VA-AC-CH65,Email Frontline,A3021,CANCEL,N,helpdesk,10461,127400,helpdesk_no_change
TK-252335,2026-04-21 08:44,2026-04,2026Q2,resolved,email,,VA-EB-PL2,Returns Desk,A3037,GW-OTHER,N,helpdesk,10462,105000,helpdesk_no_change
TK-252346,2026-04-21 13:32,2026-04,2026Q2,resolved,email,,VA-EB-PL2,Returns Desk,A3036,GW-OTHER,N,helpdesk,10469,148700,helpdesk_no_change
TK-252347,2026-04-21 14:03,2026-04,2026Q2,closed,chat,,VA-EB-AIR,Returns Desk,A3036,RETURN-QC-OK,N,helpdesk,10470,179900,helpdesk_no_change
TK-252353,2026-04-21 19:15,2026-04,2026Q2,resolved,chat,VR888612,VA-HP-ST3,Logistics,A3030,CANCEL,N,helpdesk,10475,664900,helpdesk_no_change
TK-252357,2026-04-21 20:30,2026-04,2026Q2,closed,chat,,VA-NB-ARC,Billing,A3035,GW-OTHER,N,helpdesk,10479,129900,helpdesk_no_change
TK-252358,2026-04-21 21:15,2026-04,2026Q2,resolved,chat,VR894566,VA-EB-PL2,Logistics,A3030,CANCEL,N,helpdesk,10480,349900,helpdesk_no_change
TK-252359,2026-04-21 21:32,2026-04,2026Q2,resolved,chat,VR880794,VA-EB-PL1,Returns Desk,A3036,RETURN-QC-OK,N,helpdesk,10481,249900,helpdesk_no_change
TK-252364,2026-04-22 08:40,2026-04,2026Q2,resolved,chat,VR887238,VA-AC-CH65,Returns Desk,A3037,RETURN-QC-OK,N,helpdesk,10485,149900,helpdesk_no_change
TK-252370,2026-04-22 11:36,2026-04,2026Q2,resolved,chat,,VA-EB-PL2,Billing,A3034,GW-OTHER,N,helpdesk,10490,279900,helpdesk_no_change
TK-252384,2026-04-22 19:37,2026-04,2026Q2,resolved,chat,VR883502,VA-EB-PL2,Chat Frontline,A3015,GW-OTHER,N,helpdesk,10500,279900,helpdesk_no_change
TK-252393,2026-04-23 12:40,2026-04,2026Q2,resolved,voice,,VA-EB-AIR,Returns Desk,A3036,RETURN-QC-OK,N,helpdesk,10508,161900,helpdesk_no_change
TK-252397,2026-04-23 13:18,2026-04,2026Q2,resolved,email,VR899271,VA-EB-PL2,Email Frontline,A3018,PRICE-ADJ,N,helpdesk,10510,664800,helpdesk_no_change
TK-252400,2026-04-23 15:18,2026-04,2026Q2,resolved,chat,,VA-SW-NX2,Returns Desk,A3036,GW-OTHER,N,helpdesk,10513,649900,helpdesk_no_change
TK-252404,2026-04-23 16:19,2026-04,2026Q2,resolved,email,,VA-EB-PL2,Returns Desk,A3036,RETURN-QC-OK,N,helpdesk,10516,63000,helpdesk_no_change
TK-252405,2026-04-23 18:19,2026-04,2026Q2,resolved,chat,,VA-EB-PL2,Logistics,A3030,GW-OTHER,N,helpdesk,10517,349900,helpdesk_no_change
TK-252408,2026-04-23 19:22,2026-04,2026Q2,resolved,voice,VR887526,VA-EB-PL2,Logistics,A3030,GW-OTHER,N,helpdesk,10519,349900,helpdesk_no_change
TK-252409,2026-04-23 20:51,2026-04,2026Q2,resolved,social,,VA-EB-PL2,Billing,A3034,DUP-PAYMENT,N,helpdesk,10520,349900,helpdesk_no_change
TK-252414,2026-04-24 08:14,2026-04,2026Q2,resolved,voice,VR887667,VA-SW-NX2,Billing,A3033,GW-OTHER,N,helpdesk,10524,649900,helpdesk_no_change
TK-252415,2026-04-24 08:15,2026-04,2026Q2,resolved,email,,VA-AC-CBL,Returns Desk,A3037,DOA-REPL,N,helpdesk,10525,20000,helpdesk_no_change
TK-252416,2026-04-24 09:48,2026-04,2026Q2,resolved,social,VR898985,VA-SP-MINI,Chat Frontline,A3007,CANCEL,N,helpdesk,10526,237400,helpdesk_no_change
TK-252428,2026-04-24 18:13,2026-04,2026Q2,resolved,email,VR881923,VA-SP-ORB,Logistics,A3037,RETURN-QC-OK,N,helpdesk,10536,599900,helpdesk_no_change
TK-252437,2026-04-24 21:53,2026-04,2026Q2,resolved,chat,VR889623,VA-AC-CASE,Billing,A3035,DUP-PAYMENT,N,helpdesk,10544,123400,helpdesk_no_change
TK-252440,2026-04-25 07:59,2026-04,2026Q2,closed,email,VR900250,VA-NB-ARC,Billing,A3035,RETURN-QC-OK,N,helpdesk,10546,123400,helpdesk_no_change
TK-252446,2026-04-25 12:11,2026-04,2026Q2,closed,chat,VR906482,VA-AC-CASE,Returns Desk,A3038,RETURN-QC-OK,N,helpdesk,10551,129900,helpdesk_no_change
TK-252460,2026-04-26 02:31,2026-04,2026Q2,resolved,email,,VA-EB-PL2,Email Frontline,A3002,GW-OTHER,N,helpdesk,10565,279900,helpdesk_no_change
TK-252466,2026-04-26 08:47,2026-04,2026Q2,resolved,chat,VR898020,VA-SP-MINI,Chat Frontline,A3013,WTY-BUYBACK,Y,helpdesk,10570,249900,helpdesk_no_change
TK-252470,2026-04-26 09:57,2026-04,2026Q2,resolved,email,VR900733,VA-EB-AIR,Billing,A3017,RETURN-QC-OK,N,helpdesk,10573,179900,helpdesk_no_change
TK-252472,2026-04-26 11:47,2026-04,2026Q2,resolved,chat,VR882498,VA-EB-PL2,Escalations & Warranty,A3039,WTY-BUYBACK,N,helpdesk,10575,279900,helpdesk_no_change
TK-252492,2026-04-27 06:32,2026-04,2026Q2,resolved,chat,,VA-SP-MINI,Logistics,A3028,GW-OTHER,N,helpdesk,10591,50000,helpdesk_no_change
TK-252505,2026-04-27 14:27,2026-04,2026Q2,resolved,email,VR901151,VA-EB-PL2,Email Frontline,A3018,GW-OTHER,N,helpdesk,10602,70000,helpdesk_no_change
TK-252512,2026-04-27 19:15,2026-04,2026Q2,resolved,voice,VR893481,VA-EB-PL2,Returns Desk,A3036,RETURN-QC-OK,N,helpdesk,10608,349900,helpdesk_no_change
TK-252513,2026-04-27 19:31,2026-04,2026Q2,resolved,voice,,VA-EB-PL2,Returns Desk,A3036,GW-OTHER,N,helpdesk,10609,56000,helpdesk_no_change
TK-252514,2026-04-27 22:44,2026-04,2026Q2,resolved,chat,VR889909,VA-EB-PL2,Chat Frontline,A3003,GW-OTHER,N,helpdesk,10610,314900,helpdesk_no_change
TK-252517,2026-04-28 05:01,2026-04,2026Q2,resolved,email,VR882054,VA-EB-PL1,Billing,A3032,GW-OTHER,N,helpdesk,10612,249900,helpdesk_no_change
TK-252531,2026-04-28 11:54,2026-04,2026Q2,resolved,social,VR893026,VA-HP-ST3,Returns Desk,A3037,RETURN-QC-OK,N,helpdesk,10624,210000,helpdesk_no_change
TK-252532,2026-04-28 13:16,2026-04,2026Q2,resolved,chat,VR894672,VA-EB-PL2,Returns Desk,A3037,GW-OTHER,N,helpdesk,10625,314900,helpdesk_no_change
TK-252537,2026-04-28 17:13,2026-04,2026Q2,resolved,voice,VR897981,VA-AC-CH65,Voice Frontline,A3026,GW-OTHER,N,helpdesk,10628,149900,helpdesk_no_change
TK-252538,2026-04-28 19:04,2026-04,2026Q2,open,voice,VR902015,VA-NB-ARC,Returns Desk,A3036,RETURN-QC-OK,N,helpdesk,10629,19500,helpdesk_no_change
TK-252552,2026-04-29 08:58,2026-04,2026Q2,resolved,email,VR897472,VA-SW-NX2,Returns Desk,A3038,RETURN-QC-OK,N,helpdesk,10639,552400,helpdesk_no_change
TK-252563,2026-04-29 19:11,2026-04,2026Q2,resolved,email,,VA-HP-ST2,Email Frontline,A3018,CANCEL,N,helpdesk,10649,399900,helpdesk_no_change
TK-252577,2026-04-30 10:40,2026-04,2026Q2,resolved,email,VR893557,VA-EB-PL1,Billing,A3035,GW-OTHER,N,helpdesk,10661,237400,helpdesk_no_change
TK-252581,2026-04-30 13:32,2026-04,2026Q2,resolved,voice,VR885591,VA-SW-FIT,Returns Desk,A3006,GW-OTHER,N,helpdesk,10665,34000,helpdesk_no_change
TK-252590,2026-04-30 20:11,2026-04,2026Q2,resolved,voice,VR882671,VA-EB-PL2,Voice Frontline,A3026,DUP-PAYMENT,N,helpdesk,10673,349900,helpdesk_no_change
TK-252599,2026-04-30 23:15,2026-04,2026Q2,resolved,chat,,VA-EB-AIR,Billing,A3034,DUP-PAYMENT,N,helpdesk,10681,161900,helpdesk_no_change
TK-252601,2026-04-30 23:57,2026-04,2026Q2,resolved,chat,VR908103,VA-AC-CH65,Returns Desk,A3038,GW-OTHER,N,helpdesk,10682,149900,helpdesk_no_change
TK-252603,2026-05-01 07:18,2026-05,2026Q2,resolved,chat,VR907139,VA-EB-PL2,Returns Desk,A3037,GW-OTHER,N,helpdesk,10684,63000,helpdesk_no_change
TK-252604,2026-05-01 08:14,2026-05,2026Q2,resolved,voice,VR909911,VA-EB-PL2,Returns Desk,A3037,GW-OTHER,N,helpdesk,10685,349900,helpdesk_no_change
TK-252627,2026-05-01 20:20,2026-05,2026Q2,closed,chat,,VA-SW-NX2,Chat Frontline,A3015,GW-OTHER,N,helpdesk,10704,519900,helpdesk_no_change
TK-252629,2026-05-01 22:12,2026-05,2026Q2,resolved,email,VR900321,VA-AC-CASE,Returns Desk,A3037,DOA-REPL,N,helpdesk,10706,18500,helpdesk_no_change
TK-252630,2026-05-02 01:48,2026-05,2026Q2,resolved,social,VR906860,VA-HP-ST3,Billing,A3032,RETURN-QC-OK,N,helpdesk,10707,59500,helpdesk_no_change
TK-252634,2026-05-02 09:10,2026-05,2026Q2,resolved,chat,VR898161,VA-SW-FIT,Chat Frontline,A3006,GW-OTHER,N,helpdesk,10710,159900,helpdesk_no_change
TK-252635,2026-05-02 10:10,2026-05,2026Q2,resolved,voice,VR895115,VA-SP-MINI,Billing,A3032,DUP-PAYMENT,N,helpdesk,10711,199900,helpdesk_no_change
TK-252636,2026-05-02 10:38,2026-05,2026Q2,resolved,email,VR894422,VA-EB-PL2,Billing,A3018,GW-OTHER,N,helpdesk,10712,157400,helpdesk_no_change
TK-252641,2026-05-02 15:23,2026-05,2026Q2,resolved,voice,,VA-HP-ST3,Logistics,A3030,RETURN-QC-OK,N,helpdesk,10716,699900,helpdesk_no_change
TK-252644,2026-05-02 15:59,2026-05,2026Q2,resolved,chat,,VA-EB-PL2,Returns Desk,A3020,GW-OTHER,N,helpdesk,10719,140000,helpdesk_no_change
TK-252647,2026-05-02 18:08,2026-05,2026Q2,resolved,email,,VA-SW-NX2,Returns Desk,A3036,RETURN-QC-OK,N,helpdesk,10722,78000,helpdesk_no_change
TK-252660,2026-05-03 09:08,2026-05,2026Q2,resolved,chat,VR898460,VA-EB-PL2,Chat Frontline,A3011,DOA-REPL,N,helpdesk,10735,332400,helpdesk_no_change
TK-252672,2026-05-03 18:31,2026-05,2026Q2,resolved,email,VR904642,VA-HP-ST2,Returns Desk,A3038,RETURN-QC-OK,N,helpdesk,10746,499900,helpdesk_no_change
TK-252675,2026-05-03 19:09,2026-05,2026Q2,resolved,email,VR908098,VA-SP-MINI,Escalations & Warranty,A3040,GW-OTHER,Y,helpdesk,10749,249900,helpdesk_no_change
TK-252678,2026-05-03 21:20,2026-05,2026Q2,resolved,voice,VR906781,VA-EB-PL2,Logistics,A3030,GW-OTHER,Y,helpdesk,10751,279900,helpdesk_no_change
TK-252680,2026-05-04 09:07,2026-05,2026Q2,resolved,chat,,VA-SP-ORB,Chat Frontline,A3006,CANCEL,N,helpdesk,10753,102000,helpdesk_no_change
TK-252684,2026-05-04 10:51,2026-05,2026Q2,closed,chat,VR884599,VA-SW-FIT,Returns Desk,A3037,RETURN-QC-OK,N,helpdesk,10757,339800,helpdesk_no_change
TK-252689,2026-05-04 12:36,2026-05,2026Q2,resolved,chat,VR885807,VA-EB-PL2,Returns Desk,A3037,RETURN-QC-OK,N,helpdesk,10762,66500,helpdesk_no_change
TK-252693,2026-05-04 15:25,2026-05,2026Q2,resolved,chat,VR886612,VA-SW-NX2,Returns Desk,A3036,GW-OTHER,N,helpdesk,10766,584900,helpdesk_no_change
TK-252694,2026-05-04 16:45,2026-05,2026Q2,resolved,voice,VR890168,VA-EB-PL1,Returns Desk,A3003,RETURN-QC-OK,N,helpdesk,10767,212400,helpdesk_no_change
TK-252699,2026-05-04 18:47,2026-05,2026Q2,resolved,email,VR888041,VA-EB-PL2,Email Frontline,A3016,GW-OTHER,N,helpdesk,10770,699800,helpdesk_no_change
TK-252700,2026-05-04 18:52,2026-05,2026Q2,resolved,social,,VA-SP-MINI,Returns Desk,A3036,RETURN-QC-OK,N,helpdesk,10771,237400,helpdesk_no_change
TK-252701,2026-05-04 19:20,2026-05,2026Q2,resolved,chat,,VA-EB-PL1,Returns Desk,A3036,RETURN-QC-OK,N,helpdesk,10772,212400,helpdesk_no_change
TK-252702,2026-05-04 19:49,2026-05,2026Q2,resolved,voice,VR891786,VA-EB-PL1,Logistics,A3030,GW-OTHER,N,helpdesk,10773,31900,helpdesk_no_change
TK-252703,2026-05-04 21:35,2026-05,2026Q2,resolved,chat,VR888761,VA-HP-ST2,Chat Frontline,A3008,GW-OTHER,Y,helpdesk,10774,799800,helpdesk_no_change
TK-252718,2026-05-05 11:39,2026-05,2026Q2,resolved,chat,,VA-SP-MINI,Billing,A3034,GW-OTHER,N,helpdesk,10785,224900,helpdesk_no_change
TK-252723,2026-05-05 12:04,2026-05,2026Q2,open,email,VR897956,VA-EB-PL2,Returns Desk,A3036,GW-OTHER,N,helpdesk,10788,349900,helpdesk_no_change
TK-252726,2026-05-05 12:27,2026-05,2026Q2,resolved,social,VR900807,VA-HP-ST2,Chat Frontline,A3013,GW-OTHER,N,helpdesk,10790,449900,helpdesk_no_change
TK-252727,2026-05-05 12:52,2026-05,2026Q2,resolved,voice,VR893637,VA-NB-ARC,Voice Frontline,A3043,GW-OTHER,N,helpdesk,10791,116900,helpdesk_no_change
TK-252729,2026-05-05 12:57,2026-05,2026Q2,resolved,chat,VR884449,VA-EB-AIR,Returns Desk,A3037,RETURN-QC-OK,N,helpdesk,10792,90000,helpdesk_no_change
TK-252735,2026-05-05 17:38,2026-05,2026Q2,closed,email,VR883334,VA-SP-MINI,Billing,A3034,GW-OTHER,N,helpdesk,10796,249900,helpdesk_no_change
TK-252737,2026-05-05 18:45,2026-05,2026Q2,resolved,email,,VA-EB-PL2,Returns Desk,A3037,RETURN-QC-OK,N,helpdesk,10798,66500,helpdesk_no_change
TK-252771,2026-05-06 23:20,2026-05,2026Q2,closed,email,VR891940,VA-SW-FIT,Returns Desk,A3037,RETURN-QC-OK,N,helpdesk,10824,199900,helpdesk_no_change
TK-252775,2026-05-07 09:39,2026-05,2026Q2,resolved,voice,VR896340,VA-EB-AIR,Voice Frontline,A3023,CANCEL,N,helpdesk,10826,143900,helpdesk_no_change
TK-252780,2026-05-07 11:09,2026-05,2026Q2,resolved,email,VR885511,VA-EB-AIR,Returns Desk,A3037,RETURN-QC-OK,N,helpdesk,10830,179900,helpdesk_no_change
TK-252788,2026-05-07 13:13,2026-05,2026Q2,resolved,chat,,VA-AC-CH65,Billing,A3034,DUP-PAYMENT,N,helpdesk,10837,134900,helpdesk_no_change
TK-252794,2026-05-07 18:07,2026-05,2026Q2,resolved,social,,VA-SW-FIT,Returns Desk,A3036,GW-OTHER,N,helpdesk,10842,189900,helpdesk_no_change
TK-252845,2026-05-09 09:43,2026-05,2026Q2,resolved,email,,VA-EB-PL2,Billing,A3034,DUP-PAYMENT,N,helpdesk,10883,42000,helpdesk_no_change
TK-252850,2026-05-09 11:52,2026-05,2026Q2,resolved,voice,VR891522,VA-SP-MINI,Returns Desk,A3037,RETURN-QC-OK,N,helpdesk,10887,249900,helpdesk_no_change
TK-252865,2026-05-10 06:43,2026-05,2026Q2,pending,email,,VA-EB-PL2,Billing,A3032,DUP-PAYMENT,N,helpdesk,10902,35000,helpdesk_no_change
TK-252869,2026-05-10 08:14,2026-05,2026Q2,resolved,email,VR907015,VA-EB-PL2,Billing,A3033,GW-OTHER,N,helpdesk,10905,349900,helpdesk_no_change
TK-252889,2026-05-10 21:42,2026-05,2026Q2,resolved,social,VR886696,VA-AC-CBL,Billing,A3032,DUP-PAYMENT,N,helpdesk,10923,39900,helpdesk_no_change
TK-252890,2026-05-10 22:13,2026-05,2026Q2,resolved,chat,,VA-SP-MINI,Chat Frontline,A3035,GW-OTHER,N,helpdesk,10924,249900,helpdesk_no_change
TK-252891,2026-05-10 23:28,2026-05,2026Q2,open,chat,VR884599,VA-SW-FIT,Chat Frontline,A3002,CANCEL,N,helpdesk,10925,339800,helpdesk_no_change
TK-252901,2026-05-11 10:38,2026-05,2026Q2,resolved,voice,VR897252,VA-SP-MINI,Billing,A3034,DUP-PAYMENT,N,helpdesk,10933,199900,helpdesk_no_change
TK-252907,2026-05-11 12:19,2026-05,2026Q2,resolved,email,VR905557,VA-SW-FIT,Returns Desk,A3038,RETURN-QC-OK,N,helpdesk,10938,199900,helpdesk_no_change
TK-252919,2026-05-12 05:16,2026-05,2026Q2,closed,chat,VR889439,VA-EB-AIR,Billing,A3033,DUP-PAYMENT,N,helpdesk,10949,179900,helpdesk_no_change
TK-252929,2026-05-12 12:29,2026-05,2026Q2,resolved,chat,,VA-EB-PL2,Billing,A3034,GW-OTHER,N,helpdesk,10958,56000,helpdesk_no_change
TK-252934,2026-05-12 13:41,2026-05,2026Q2,resolved,email,VR896754,VA-EB-PL1,Email Frontline,A3018,GW-OTHER,N,helpdesk,10961,118700,helpdesk_no_change
TK-252937,2026-05-12 14:37,2026-05,2026Q2,resolved,voice,VR905651,VA-EB-PL1,Returns Desk,A3036,RETURN-QC-OK,N,helpdesk,10963,249900,helpdesk_no_change
TK-252950,2026-05-12 23:39,2026-05,2026Q2,resolved,email,,VA-SW-FIT,Billing,A3033,DUP-PAYMENT,N,helpdesk,10973,199900,helpdesk_no_change
TK-252952,2026-05-13 07:21,2026-05,2026Q2,resolved,chat,VR894839,VA-SW-NX2,Chat Frontline,A3007,WTY-BUYBACK,N,helpdesk,10974,552400,helpdesk_no_change
TK-252956,2026-05-13 08:26,2026-05,2026Q2,resolved,email,VR909183,VA-SW-NX2,Email Frontline,A3006,DUP-PAYMENT,N,helpdesk,10978,55200,helpdesk_no_change
TK-252965,2026-05-13 13:09,2026-05,2026Q2,resolved,email,VR882222,VA-SP-MINI,Billing,A3035,GW-OTHER,N,helpdesk,10986,212400,helpdesk_no_change
TK-252973,2026-05-13 18:00,2026-05,2026Q2,resolved,chat,,VA-EB-PL2,Escalations & Warranty,A3044,DOA-REPL,N,helpdesk,10992,559800,helpdesk_no_change
TK-252978,2026-05-13 22:37,2026-05,2026Q2,resolved,chat,VR888096,VA-EB-PL2,Returns Desk,A3032,GW-OTHER,N,helpdesk,10995,314900,helpdesk_no_change
TK-252982,2026-05-14 02:07,2026-05,2026Q2,resolved,email,VR903695,VA-EB-PL2,Logistics,A3030,WTY-BUYBACK,Y,helpdesk,10998,349900,helpdesk_no_change
TK-253021,2026-05-15 15:28,2026-05,2026Q2,resolved,voice,VR888612,VA-HP-ST3,Voice Frontline,A3026,WTY-BUYBACK,N,helpdesk,11029,664900,helpdesk_no_change
TK-253023,2026-05-15 16:45,2026-05,2026Q2,resolved,chat,VR882739,VA-SW-FIT,Logistics,A3030,GW-OTHER,N,helpdesk,11031,199900,helpdesk_no_change
TK-253024,2026-05-15 16:53,2026-05,2026Q2,closed,chat,VR893287,VA-SW-NX2,Returns Desk,A3036,GW-OTHER,N,helpdesk,11032,617400,helpdesk_no_change
TK-253035,2026-05-16 00:58,2026-05,2026Q2,resolved,chat,VR896328,VA-EB-PL2,Returns Desk,A3037,GW-OTHER,N,helpdesk,11042,349900,helpdesk_no_change
TK-253036,2026-05-16 01:02,2026-05,2026Q2,resolved,chat,,VA-SW-NX2,Billing,A3033,PRICE-ADJ,N,helpdesk,11043,519900,helpdesk_no_change
TK-253046,2026-05-16 11:36,2026-05,2026Q2,resolved,chat,,VA-SW-FIT,Returns Desk,A3037,RETURN-QC-OK,N,helpdesk,11051,199900,helpdesk_no_change
TK-253055,2026-05-16 15:46,2026-05,2026Q2,pending,social,VR901412,VA-EB-PL2,Logistics,A3030,DOA-REPL,N,helpdesk,11058,314900,helpdesk_no_change
TK-253061,2026-05-16 19:26,2026-05,2026Q2,resolved,chat,VR896480,VA-AC-CH65,Returns Desk,A3036,GW-OTHER,N,helpdesk,11063,30000,helpdesk_no_change
TK-253076,2026-05-17 14:24,2026-05,2026Q2,resolved,social,,VA-EB-AIR,Billing,A3035,RETURN-QC-OK,N,helpdesk,11076,81000,helpdesk_no_change
TK-253078,2026-05-17 14:47,2026-05,2026Q2,resolved,email,,VA-SP-MINI,Returns Desk,A3036,RETURN-QC-OK,N,helpdesk,11078,224900,helpdesk_no_change
TK-253091,2026-05-17 21:10,2026-05,2026Q2,resolved,chat,,VA-EB-PL2,Returns Desk,A3036,RETURN-QC-OK,N,helpdesk,11087,349900,helpdesk_no_change
TK-253123,2026-05-18 17:34,2026-05,2026Q2,resolved,voice,,VA-SP-ORB,Returns Desk,A3036,GW-OTHER,N,helpdesk,11111,76500,helpdesk_no_change
TK-253126,2026-05-18 18:03,2026-05,2026Q2,resolved,voice,,VA-EB-AIR,Returns Desk,A3036,RETURN-QC-OK,N,helpdesk,11113,161900,helpdesk_no_change
TK-253129,2026-05-18 19:01,2026-05,2026Q2,resolved,chat,,VA-EB-PL2,Billing,A3035,GW-OTHER,N,helpdesk,11116,297400,helpdesk_no_change
TK-253133,2026-05-18 19:23,2026-05,2026Q2,closed,email,VR895666,VA-NB-ARC,Email Frontline,A3002,GW-OTHER,N,helpdesk,11118,19500,helpdesk_no_change
TK-253135,2026-05-18 20:15,2026-05,2026Q2,resolved,voice,VR906267,VA-EB-PL2,Voice Frontline,A3026,GW-OTHER,N,helpdesk,11120,349900,helpdesk_no_change
TK-253136,2026-05-18 21:21,2026-05,2026Q2,open,chat,,VA-EB-PL2,Logistics,A3030,DOA-REPL,N,helpdesk,11121,297400,helpdesk_no_change
TK-253140,2026-05-18 22:58,2026-05,2026Q2,resolved,chat,VR883032,VA-HP-ST3,Returns Desk,A3020,RETURN-QC-OK,N,helpdesk,11125,280000,helpdesk_no_change
TK-253146,2026-05-19 08:24,2026-05,2026Q2,resolved,chat,VR886558,VA-SW-NX2,Chat Frontline,A3011,GW-OTHER,N,helpdesk,11131,552400,helpdesk_no_change
TK-253149,2026-05-19 08:52,2026-05,2026Q2,closed,chat,VR887343,VA-NB-ARC,Billing,A3034,DUP-PAYMENT,N,helpdesk,11133,129900,helpdesk_no_change
TK-253156,2026-05-19 12:09,2026-05,2026Q2,open,chat,,VA-SW-NX2,Returns Desk,A3037,RETURN-QC-OK,N,helpdesk,11139,649900,helpdesk_no_change
TK-253162,2026-05-19 14:13,2026-05,2026Q2,resolved,chat,VR889255,VA-EB-PL2,Logistics,A3030,GW-OTHER,N,helpdesk,11143,349900,helpdesk_no_change
TK-253166,2026-05-19 15:29,2026-05,2026Q2,resolved,chat,VR881626,VA-EB-PL2,Returns Desk,A3036,GW-OTHER,N,helpdesk,11146,349900,helpdesk_no_change
TK-253178,2026-05-19 23:52,2026-05,2026Q2,resolved,email,,VA-SW-FIT,Escalations & Warranty,A3039,GW-OTHER,N,helpdesk,11156,319800,helpdesk_no_change
TK-253184,2026-05-20 10:32,2026-05,2026Q2,resolved,chat,VR902545,VA-EB-PL2,Chat Frontline,A3010,CANCEL,N,helpdesk,11162,297400,helpdesk_no_change
TK-253197,2026-05-20 14:56,2026-05,2026Q2,resolved,email,,VA-EB-PL2,Returns Desk,A3036,GW-OTHER,N,helpdesk,11172,314900,helpdesk_no_change
TK-253201,2026-05-20 16:06,2026-05,2026Q2,resolved,chat,,VA-AC-CH65,Billing,A3035,RETURN-QC-OK,N,helpdesk,11174,134900,helpdesk_no_change
TK-253203,2026-05-20 17:51,2026-05,2026Q2,resolved,chat,VR880534,VA-SP-MINI,Returns Desk,A3036,RETURN-QC-OK,N,helpdesk,11176,249900,helpdesk_no_change
TK-253206,2026-05-20 18:50,2026-05,2026Q2,resolved,social,VR887905,VA-SW-NX1,Chat Frontline,A3015,PRICE-ADJ,N,helpdesk,11179,499900,helpdesk_no_change
TK-253223,2026-05-21 06:42,2026-05,2026Q2,closed,chat,VR907093,VA-HP-ST3,Chat Frontline,A3010,CANCEL,N,helpdesk,11192,699900,helpdesk_no_change
TK-253239,2026-05-21 18:38,2026-05,2026Q2,resolved,social,VR900997,VA-HP-ST3,Billing,A3035,PRICE-ADJ,N,helpdesk,11204,594900,helpdesk_no_change
TK-253244,2026-05-21 20:02,2026-05,2026Q2,resolved,email,VR901088,VA-EB-PL2,Returns Desk,A3036,DOA-REPL,N,helpdesk,11207,349900,helpdesk_no_change
TK-253247,2026-05-21 20:57,2026-05,2026Q2,resolved,chat,VR886656,VA-SW-NX2,Chat Frontline,A3005,CANCEL,N,helpdesk,11209,649900,helpdesk_no_change
TK-253253,2026-05-21 23:09,2026-05,2026Q2,resolved,email,VR898714,VA-EB-PL2,Returns Desk,A3037,RETURN-QC-OK,N,helpdesk,11213,314900,helpdesk_no_change
TK-253269,2026-05-22 17:33,2026-05,2026Q2,pending,email,VR893841,VA-SW-NX2,Logistics,A3030,RETURN-QC-OK,N,helpdesk,11226,110500,helpdesk_no_change
TK-253280,2026-05-22 21:53,2026-05,2026Q2,resolved,chat,VR892294,VA-EB-PL2,Billing,A3035,DUP-PAYMENT,N,helpdesk,11236,175000,helpdesk_no_change
TK-253283,2026-05-23 07:03,2026-05,2026Q2,resolved,chat,VR905262,VA-EB-PL2,Chat Frontline,A3006,CANCEL,N,helpdesk,11238,349900,helpdesk_no_change
TK-253284,2026-05-23 07:17,2026-05,2026Q2,resolved,chat,VR893986,VA-HP-ST2,Escalations & Warranty,A3039,WTY-BUYBACK,N,helpdesk,11239,474900,helpdesk_no_change
TK-253293,2026-05-23 10:28,2026-05,2026Q2,resolved,chat,VR906993,VA-SP-MINI,Logistics,A3027,RETURN-QC-OK,N,helpdesk,11245,249900,helpdesk_no_change
TK-253297,2026-05-23 14:59,2026-05,2026Q2,resolved,chat,VR894987,VA-HP-ST3,Logistics,A3030,LOST-TRANSIT,N,helpdesk,11249,1259800,helpdesk_no_change
TK-253301,2026-05-23 17:57,2026-05,2026Q2,resolved,email,,VA-EB-PL2,Logistics,A3030,LOST-TRANSIT,N,helpdesk,11253,44600,helpdesk_no_change
TK-253305,2026-05-23 20:18,2026-05,2026Q2,closed,chat,,VA-EB-PL2,Logistics,A3030,GW-OTHER,N,helpdesk,11256,349900,helpdesk_no_change
TK-253307,2026-05-23 20:41,2026-05,2026Q2,resolved,email,,VA-EB-PL2,Email Frontline,A3039,GW-OTHER,N,helpdesk,11257,279900,helpdesk_no_change
TK-253309,2026-05-23 21:04,2026-05,2026Q2,resolved,social,VR903495,VA-EB-PL2,Billing,A3032,GW-OTHER,N,helpdesk,11258,349900,helpdesk_no_change
TK-253312,2026-05-23 23:05,2026-05,2026Q2,resolved,email,VR900153,VA-EB-PL2,Billing,A3033,GW-OTHER,N,helpdesk,11261,35000,helpdesk_no_change
TK-253329,2026-05-24 14:50,2026-05,2026Q2,resolved,social,,VA-SP-MINI,Billing,A3035,RETURN-QC-OK,N,helpdesk,11275,249900,helpdesk_no_change
TK-253335,2026-05-24 15:57,2026-05,2026Q2,resolved,chat,,VA-AC-CASE,Returns Desk,A3036,GW-OTHER,N,helpdesk,11280,110400,helpdesk_no_change
TK-253339,2026-05-24 18:00,2026-05,2026Q2,resolved,chat,VR897804,VA-EB-PL2,Billing,A3035,GW-OTHER,N,helpdesk,11283,279900,helpdesk_no_change
TK-253341,2026-05-24 19:27,2026-05,2026Q2,resolved,email,,VA-EB-PL2,Email Frontline,A3018,DOA-REPL,N,helpdesk,11285,349900,helpdesk_no_change
TK-253342,2026-05-24 19:32,2026-05,2026Q2,resolved,chat,,VA-EB-PL2,Returns Desk,A3036,GW-OTHER,N,helpdesk,11286,314900,helpdesk_no_change
TK-253345,2026-05-24 21:52,2026-05,2026Q2,resolved,social,,VA-SP-MINI,Chat Frontline,A3017,GW-OTHER,Y,helpdesk,11288,212400,helpdesk_no_change
TK-253348,2026-05-25 00:02,2026-05,2026Q2,resolved,chat,VR893549,VA-EB-PL2,Chat Frontline,A3028,GW-OTHER,N,helpdesk,11291,166200,helpdesk_no_change
TK-253349,2026-05-25 00:12,2026-05,2026Q2,resolved,chat,,VA-EB-PL2,Chat Frontline,A3016,DOA-REPL,Y,helpdesk,11292,297400,helpdesk_no_change
TK-253354,2026-05-25 08:57,2026-05,2026Q2,resolved,email,VR898330,VA-EB-PL2,Returns Desk,A3038,GW-OTHER,N,helpdesk,11297,349900,helpdesk_no_change
TK-253358,2026-05-25 10:23,2026-05,2026Q2,closed,chat,VR896349,VA-HP-ST3,Logistics,A3028,GW-OTHER,N,helpdesk,11300,89200,helpdesk_no_change
TK-253362,2026-05-25 11:50,2026-05,2026Q2,closed,chat,VR909782,VA-SW-NX2,Logistics,A3031,GW-OTHER,N,helpdesk,11303,617400,helpdesk_no_change
TK-253368,2026-05-25 15:12,2026-05,2026Q2,closed,social,VR906172,VA-EB-PL2,Billing,A3027,PRICE-ADJ,N,helpdesk,11309,349900,helpdesk_no_change
TK-253376,2026-05-25 19:17,2026-05,2026Q2,resolved,chat,VR889216,VA-EB-PL1,Logistics,A3030,RETURN-QC-OK,N,helpdesk,11315,249900,helpdesk_no_change
TK-253378,2026-05-25 19:35,2026-05,2026Q2,resolved,social,VR886174,VA-EB-PL2,Chat Frontline,A3002,GW-OTHER,N,helpdesk,11317,279900,helpdesk_no_change
TK-253393,2026-05-25 23:58,2026-05,2026Q2,closed,chat,VR885892,VA-SP-MINI,Returns Desk,A3037,RETURN-QC-OK,N,helpdesk,11327,212400,helpdesk_no_change
TK-253395,2026-05-26 04:04,2026-05,2026Q2,resolved,chat,VR889345,VA-HP-ST2,Returns Desk,A3038,GW-OTHER,N,helpdesk,11329,212400,helpdesk_no_change
TK-253397,2026-05-26 05:24,2026-05,2026Q2,resolved,chat,VR882458,VA-AC-CH65,Returns Desk,A3037,GW-OTHER,N,helpdesk,11330,127400,helpdesk_no_change
TK-253405,2026-05-26 12:39,2026-05,2026Q2,resolved,chat,VR887118,VA-SP-MINI,Logistics,A3019,GW-OTHER,N,helpdesk,11337,249900,helpdesk_no_change
TK-253406,2026-05-26 13:29,2026-05,2026Q2,closed,chat,VR898862,VA-EB-PL2,Chat Frontline,A3010,GW-OTHER,N,helpdesk,11338,349900,helpdesk_no_change
TK-253418,2026-05-26 20:08,2026-05,2026Q2,closed,email,VR887630,VA-AC-CASE,Billing,A3034,DUP-PAYMENT,N,helpdesk,11348,17500,helpdesk_no_change
TK-253419,2026-05-26 20:09,2026-05,2026Q2,resolved,chat,VR881208,VA-SW-NX1,Chat Frontline,A3004,GW-OTHER,N,helpdesk,11349,449900,helpdesk_no_change
TK-253422,2026-05-26 21:16,2026-05,2026Q2,resolved,chat,,VA-SW-NX2,Chat Frontline,A3012,GW-OTHER,N,helpdesk,11351,649900,helpdesk_no_change
TK-253437,2026-05-27 10:17,2026-05,2026Q2,resolved,social,,VA-SW-NX2,Logistics,A3027,WTY-BUYBACK,N,helpdesk,11362,519900,helpdesk_no_change
TK-253448,2026-05-27 17:20,2026-05,2026Q2,resolved,chat,VR886174,VA-EB-PL2,Billing,A3035,CANCEL,N,helpdesk,11372,140000,helpdesk_no_change
TK-253451,2026-05-27 18:08,2026-05,2026Q2,resolved,chat,VR902816,VA-HP-ST3,Chat Frontline,A3009,GW-OTHER,N,helpdesk,11374,699900,helpdesk_no_change
TK-253453,2026-05-27 18:41,2026-05,2026Q2,resolved,social,VR886881,VA-SP-MINI,Chat Frontline,A3017,PRICE-ADJ,N,helpdesk,11375,212400,helpdesk_no_change
TK-253466,2026-05-28 06:46,2026-05,2026Q2,resolved,chat,,VA-AC-CH65,Billing,A3034,GW-OTHER,N,helpdesk,11385,71200,helpdesk_no_change
TK-253474,2026-05-28 12:29,2026-05,2026Q2,pending,voice,VR900790,VA-SP-MINI,Returns Desk,A3038,GW-OTHER,N,helpdesk,11392,224900,helpdesk_no_change
TK-253476,2026-05-28 14:58,2026-05,2026Q2,resolved,voice,,VA-HP-ST2,Billing,A3035,DUP-PAYMENT,N,helpdesk,11394,499900,helpdesk_no_change
TK-253498,2026-05-29 11:58,2026-05,2026Q2,resolved,email,VR893459,VA-EB-AIR,Billing,A3035,GW-OTHER,N,helpdesk,11409,152900,helpdesk_no_change
TK-253508,2026-05-29 19:06,2026-05,2026Q2,resolved,chat,,VA-AC-CASE,Returns Desk,A3036,RETURN-QC-OK,N,helpdesk,11417,123400,helpdesk_no_change
TK-253510,2026-05-29 19:08,2026-05,2026Q2,resolved,social,VR901241,VA-EB-PL2,Chat Frontline,A3004,GW-OTHER,N,helpdesk,11418,35000,helpdesk_no_change
TK-253511,2026-05-29 19:12,2026-05,2026Q2,resolved,email,VR890543,VA-EB-AIR,Email Frontline,A3002,DOA-REPL,N,helpdesk,11419,16200,helpdesk_no_change
TK-253515,2026-05-29 21:12,2026-05,2026Q2,pending,chat,,VA-EB-PL2,Chat Frontline,A3014,WTY-BUYBACK,Y,helpdesk,11421,349900,helpdesk_no_change
TK-253521,2026-05-29 22:17,2026-05,2026Q2,resolved,chat,VR906115,VA-SP-ORB,Billing,A3034,GW-OTHER,N,helpdesk,11425,599900,helpdesk_no_change
TK-253558,2026-05-30 20:24,2026-05,2026Q2,resolved,voice,VR895599,VA-AC-CASE,Returns Desk,A3036,GW-OTHER,N,helpdesk,11453,129900,helpdesk_no_change
TK-253559,2026-05-30 20:28,2026-05,2026Q2,resolved,voice,VR883026,VA-SW-NX2,Returns Desk,A3036,GW-OTHER,N,helpdesk,11454,55200,helpdesk_no_change
TK-253561,2026-05-30 22:31,2026-05,2026Q2,resolved,chat,VR894334,VA-SP-MINI,Logistics,A3028,GW-OTHER,N,helpdesk,11456,212400,helpdesk_no_change
TK-253563,2026-05-31 00:50,2026-05,2026Q2,closed,chat,VR905875,VA-SW-NX2,Logistics,A3028,GW-OTHER,N,helpdesk,11458,104000,helpdesk_no_change
TK-253569,2026-05-31 09:25,2026-05,2026Q2,resolved,chat,VR884091,VA-SW-FIT,Escalations & Warranty,A3036,GW-OTHER,Y,helpdesk,11463,199900,helpdesk_no_change
TK-253570,2026-05-31 09:31,2026-05,2026Q2,resolved,email,VR883280,VA-EB-PL2,Email Frontline,A3018,GW-OTHER,N,helpdesk,11464,66500,helpdesk_no_change
TK-253572,2026-05-31 10:38,2026-05,2026Q2,closed,chat,VR907093,VA-HP-ST3,Billing,A3032,RETURN-QC-OK,N,helpdesk,11465,699900,helpdesk_no_change
TK-253584,2026-05-31 12:48,2026-05,2026Q2,resolved,voice,,VA-EB-PL2,Voice Frontline,A3024,WTY-BUYBACK,N,helpdesk,11475,332400,helpdesk_no_change
TK-253589,2026-05-31 14:26,2026-05,2026Q2,resolved,chat,VR886072,VA-EB-PL2,Logistics,A3030,DOA-REPL,N,helpdesk,11480,349900,helpdesk_no_change
TK-253595,2026-05-31 17:48,2026-05,2026Q2,resolved,voice,VR899156,VA-HP-ST3,Voice Frontline,A3026,CANCEL,N,helpdesk,11486,699900,helpdesk_no_change
TK-253597,2026-05-31 18:05,2026-05,2026Q2,resolved,chat,,VA-EB-PL2,Chat Frontline,A3005,GW-OTHER,N,helpdesk,11487,297400,helpdesk_no_change
TK-253599,2026-05-31 18:24,2026-05,2026Q2,resolved,social,VR889923,VA-SW-NX1,Escalations & Warranty,A3039,GW-OTHER,Y,helpdesk,11489,474900,helpdesk_no_change
TK-253608,2026-06-01 09:40,2026-06,2026Q2,resolved,voice,,VA-SW-NX2,Voice Frontline,A3005,CANCEL,N,helpdesk,11497,58500,helpdesk_no_change
TK-253615,2026-06-01 11:12,2026-06,2026Q2,pending,chat,VR882229,VA-EB-PL2,Chat Frontline,A3011,GW-OTHER,Y,helpdesk,11502,297400,helpdesk_no_change
TK-253616,2026-06-01 11:54,2026-06,2026Q2,resolved,chat,VR900235,VA-SP-MINI,Returns Desk,A3037,RETURN-QC-OK,N,helpdesk,11503,249900,helpdesk_no_change
TK-253621,2026-06-01 13:30,2026-06,2026Q2,resolved,voice,VR899156,VA-HP-ST3,Logistics,A3028,LOST-TRANSIT,N,helpdesk,11507,699900,helpdesk_no_change
TK-253622,2026-06-01 14:18,2026-06,2026Q2,resolved,email,VR884297,VA-EB-PL2,Email Frontline,A3018,CANCEL,N,helpdesk,11508,349900,helpdesk_no_change
TK-253623,2026-06-01 14:26,2026-06,2026Q2,resolved,email,VR881155,VA-AC-CASE,Returns Desk,A3036,GW-OTHER,N,helpdesk,11509,110400,helpdesk_no_change
TK-253630,2026-06-01 18:49,2026-06,2026Q2,resolved,chat,VR894581,VA-EB-PL2,Chat Frontline,A3015,DOA-REPL,N,helpdesk,11515,349900,helpdesk_no_change
TK-253632,2026-06-01 19:38,2026-06,2026Q2,resolved,chat,VR908995,VA-SP-MINI,Returns Desk,A3036,GW-OTHER,N,helpdesk,11517,249900,helpdesk_no_change
TK-253639,2026-06-01 21:18,2026-06,2026Q2,pending,email,VR887630,VA-AC-CASE,Email Frontline,A3017,CANCEL,N,helpdesk,11522,116900,helpdesk_no_change
TK-253649,2026-06-02 09:00,2026-06,2026Q2,resolved,social,,VA-HP-ST3,Billing,A3032,RETURN-QC-OK,N,helpdesk,11530,594900,helpdesk_no_change
TK-253652,2026-06-02 11:40,2026-06,2026Q2,resolved,voice,VR887383,VA-SW-FIT,Voice Frontline,A3009,GW-OTHER,N,helpdesk,11533,199900,helpdesk_no_change
TK-253663,2026-06-02 18:13,2026-06,2026Q2,closed,chat,,VA-EB-PL2,Chat Frontline,A3005,DOA-REPL,N,helpdesk,11541,279900,helpdesk_no_change
TK-253666,2026-06-02 20:31,2026-06,2026Q2,resolved,chat,VR902888,VA-SP-ORB,Returns Desk,A3036,RETURN-QC-OK,N,helpdesk,11543,539900,helpdesk_no_change
TK-253668,2026-06-02 20:44,2026-06,2026Q2,resolved,email,VR892166,VA-EB-PL2,Billing,A3034,GW-OTHER,N,helpdesk,11545,297400,helpdesk_no_change
TK-253675,2026-06-03 08:32,2026-06,2026Q2,closed,chat,,VA-HP-ST3,Chat Frontline,A3010,DOA-REPL,N,helpdesk,11552,699900,helpdesk_no_change
TK-253678,2026-06-03 09:42,2026-06,2026Q2,resolved,social,VR899806,VA-EB-PL2,Billing,A3034,CANCEL,N,helpdesk,11554,314900,helpdesk_no_change
TK-253679,2026-06-03 10:16,2026-06,2026Q2,resolved,chat,,VA-EB-PL2,Returns Desk,A3038,GW-OTHER,N,helpdesk,11555,279900,helpdesk_no_change
TK-253682,2026-06-03 13:24,2026-06,2026Q2,resolved,chat,,VA-EB-PL2,Logistics,A3031,GW-OTHER,N,helpdesk,11558,349900,helpdesk_no_change
TK-253692,2026-06-03 21:03,2026-06,2026Q2,resolved,email,,VA-EB-PL2,Email Frontline,A3002,CANCEL,N,helpdesk,11567,314900,helpdesk_no_change
TK-253705,2026-06-04 12:02,2026-06,2026Q2,resolved,social,VR901596,VA-SW-NX2,Returns Desk,A3038,RETURN-QC-OK,N,helpdesk,11577,617400,helpdesk_no_change
TK-253727,2026-06-04 22:13,2026-06,2026Q2,resolved,email,VR885553,VA-EB-AIR,Billing,A3034,GW-OTHER,N,helpdesk,11595,170900,helpdesk_no_change
TK-253738,2026-06-05 12:00,2026-06,2026Q2,resolved,chat,,VA-SW-FIT,Billing,A3032,RETURN-QC-OK,N,helpdesk,11603,199900,helpdesk_no_change
TK-253739,2026-06-05 12:01,2026-06,2026Q2,resolved,voice,VR880446,VA-EB-PL2,Escalations & Warranty,A3039,GW-OTHER,N,helpdesk,11604,349900,helpdesk_no_change
TK-253747,2026-06-05 15:32,2026-06,2026Q2,resolved,email,VR902472,VA-EB-PL2,Returns Desk,A3036,GW-OTHER,N,helpdesk,11610,297400,helpdesk_no_change
TK-253748,2026-06-05 17:31,2026-06,2026Q2,resolved,chat,VR901635,VA-EB-PL2,Billing,A3035,GW-OTHER,N,helpdesk,11611,332400,helpdesk_no_change
TK-253755,2026-06-05 21:41,2026-06,2026Q2,resolved,email,,VA-SW-FIT,Billing,A3033,CANCEL,N,helpdesk,11616,199900,helpdesk_no_change
TK-253756,2026-06-05 21:47,2026-06,2026Q2,resolved,chat,VR882421,VA-EB-PL2,Chat Frontline,A3008,CANCEL,N,helpdesk,11617,349900,helpdesk_no_change
TK-253757,2026-06-05 23:39,2026-06,2026Q2,resolved,email,,VA-EB-PL2,Logistics,A3032,DOA-REPL,N,helpdesk,11618,33200,helpdesk_no_change
TK-253767,2026-06-06 10:55,2026-06,2026Q2,resolved,chat,VR895773,VA-EB-AIR,Billing,A3033,GW-OTHER,N,helpdesk,11625,90000,helpdesk_no_change
TK-253771,2026-06-06 12:21,2026-06,2026Q2,closed,email,VR908983,VA-SP-MINI,Billing,A3016,PRICE-ADJ,N,helpdesk,11628,25000,helpdesk_no_change
TK-253776,2026-06-06 13:25,2026-06,2026Q2,resolved,email,,VA-AC-CH65,Billing,A3035,DUP-PAYMENT,N,helpdesk,11633,134900,helpdesk_no_change
TK-253778,2026-06-06 13:51,2026-06,2026Q2,resolved,email,VR907923,VA-EB-PL2,Logistics,A3030,GW-OTHER,N,helpdesk,11635,44600,helpdesk_no_change
TK-253802,2026-06-07 11:03,2026-06,2026Q2,resolved,chat,,VA-EB-PL2,Billing,A3032,DUP-PAYMENT,N,helpdesk,11654,31500,helpdesk_no_change
TK-253803,2026-06-07 11:09,2026-06,2026Q2,resolved,email,VR905891,VA-HP-ST3,Email Frontline,A3021,CANCEL,N,helpdesk,11655,699900,helpdesk_no_change
TK-253804,2026-06-07 11:19,2026-06,2026Q2,resolved,social,VR901201,VA-EB-PL2,Chat Frontline,A3006,GW-OTHER,N,helpdesk,11656,332400,helpdesk_no_change
TK-253807,2026-06-07 12:45,2026-06,2026Q2,open,email,VR889089,VA-EB-PL1,Billing,A3033,PRICE-ADJ,N,helpdesk,11658,249900,helpdesk_no_change
TK-253808,2026-06-07 13:08,2026-06,2026Q2,resolved,chat,,VA-EB-PL2,Logistics,A3029,CANCEL,N,helpdesk,11659,349900,helpdesk_no_change
TK-253810,2026-06-07 13:48,2026-06,2026Q2,resolved,chat,VR891747,VA-SP-MINI,Returns Desk,A3037,DOA-REPL,Y,helpdesk,11661,249900,helpdesk_no_change
TK-253814,2026-06-07 15:12,2026-06,2026Q2,resolved,chat,VR905923,VA-EB-PL2,Chat Frontline,A3009,GW-OTHER,N,helpdesk,11664,297400,helpdesk_no_change
TK-253819,2026-06-07 16:33,2026-06,2026Q2,resolved,chat,,VA-EB-PL2,Chat Frontline,A3005,GW-OTHER,N,helpdesk,11669,349900,helpdesk_no_change
TK-253830,2026-06-07 20:00,2026-06,2026Q2,resolved,chat,VR897865,VA-EB-AIR,Billing,A3009,DUP-PAYMENT,N,helpdesk,11678,25600,helpdesk_no_change
TK-253833,2026-06-07 22:36,2026-06,2026Q2,resolved,chat,VR900043,VA-EB-PL2,Logistics,A3031,GW-OTHER,N,helpdesk,11681,70000,helpdesk_no_change
TK-253834,2026-06-07 23:17,2026-06,2026Q2,closed,chat,VR892954,VA-EB-AIR,Chat Frontline,A3003,CANCEL,N,helpdesk,11682,170900,helpdesk_no_change
TK-253837,2026-06-08 06:36,2026-06,2026Q2,resolved,email,VR883129,VA-AC-CASE,Returns Desk,A3038,RETURN-QC-OK,N,helpdesk,11685,116900,helpdesk_no_change
TK-253838,2026-06-08 06:42,2026-06,2026Q2,resolved,chat,,VA-EB-AIR,Chat Frontline,A3006,CANCEL,N,helpdesk,11686,27000,helpdesk_no_change
TK-253839,2026-06-08 08:28,2026-06,2026Q2,resolved,email,VR885091,VA-EB-PL2,Email Frontline,A3021,DOA-REPL,N,helpdesk,11687,314900,helpdesk_no_change
TK-253840,2026-06-08 08:29,2026-06,2026Q2,resolved,voice,,VA-SW-NX2,Voice Frontline,A3024,DOA-REPL,N,helpdesk,11688,552400,helpdesk_no_change
TK-253851,2026-06-08 11:10,2026-06,2026Q2,resolved,chat,VR886802,VA-EB-PL2,Billing,A3032,DUP-PAYMENT,N,helpdesk,11695,35000,helpdesk_no_change
TK-253853,2026-06-08 12:00,2026-06,2026Q2,resolved,email,,VA-HP-ST3,Logistics,A3029,DOA-REPL,N,helpdesk,11697,699900,helpdesk_no_change
TK-253854,2026-06-08 12:05,2026-06,2026Q2,resolved,chat,,VA-AC-CASE,Billing,A3034,PRICE-ADJ,N,helpdesk,11698,10400,helpdesk_no_change
TK-253860,2026-06-08 12:59,2026-06,2026Q2,resolved,voice,,VA-EB-PL2,Voice Frontline,A3024,GW-OTHER,N,helpdesk,11702,279900,helpdesk_no_change
TK-253867,2026-06-08 14:35,2026-06,2026Q2,resolved,email,,VA-EB-PL2,Logistics,A3030,LOST-TRANSIT,N,helpdesk,11706,279900,helpdesk_no_change
TK-253882,2026-06-08 20:18,2026-06,2026Q2,resolved,email,,VA-SW-FIT,Returns Desk,A3036,RETURN-QC-OK,N,helpdesk,11717,179900,helpdesk_no_change
TK-253890,2026-06-09 11:43,2026-06,2026Q2,resolved,email,,VA-EB-PL2,Logistics,A3027,GW-OTHER,N,helpdesk,11724,314900,helpdesk_no_change
TK-253903,2026-06-09 20:41,2026-06,2026Q2,resolved,chat,,VA-SW-NX2,Chat Frontline,A3009,DOA-REPL,Y,helpdesk,11735,649900,helpdesk_no_change
TK-253918,2026-06-10 11:22,2026-06,2026Q2,closed,chat,VR880495,VA-EB-PL2,Returns Desk,A3037,RETURN-QC-OK,N,helpdesk,11747,349900,helpdesk_no_change
TK-253929,2026-06-10 13:40,2026-06,2026Q2,resolved,email,VR898635,VA-EB-PL1,Email Frontline,A3018,GW-OTHER,N,helpdesk,11757,212400,helpdesk_no_change
TK-253933,2026-06-10 16:39,2026-06,2026Q2,resolved,social,VR881942,VA-EB-PL1,Chat Frontline,A3012,WTY-BUYBACK,N,helpdesk,11760,224900,helpdesk_no_change
TK-253938,2026-06-10 18:52,2026-06,2026Q2,resolved,email,VR905847,VA-AC-CH65,Email Frontline,A3001,DUP-PAYMENT,N,helpdesk,11763,149900,helpdesk_no_change
TK-253939,2026-06-10 19:06,2026-06,2026Q2,resolved,chat,VR893605,VA-EB-PL2,Logistics,A3030,CANCEL,N,helpdesk,11764,332400,helpdesk_no_change
TK-253941,2026-06-10 22:15,2026-06,2026Q2,closed,social,VR900816,VA-SP-ORB,Logistics,A3030,GW-OTHER,N,helpdesk,11766,90000,helpdesk_no_change
TK-253942,2026-06-11 09:23,2026-06,2026Q2,closed,email,,VA-EB-PL1,Billing,A3035,DUP-PAYMENT,N,helpdesk,11767,199900,helpdesk_no_change
TK-253965,2026-06-12 10:41,2026-06,2026Q2,resolved,chat,VR887070,VA-EB-PL2,Returns Desk,A3037,RETURN-QC-OK,N,helpdesk,11785,332400,helpdesk_no_change
TK-253966,2026-06-12 10:49,2026-06,2026Q2,resolved,email,VR908750,VA-AC-CASE,Logistics,A3030,GW-OTHER,N,helpdesk,11786,129900,helpdesk_no_change
TK-253977,2026-06-12 18:03,2026-06,2026Q2,resolved,voice,VR881886,VA-EB-PL1,Logistics,A3030,WTY-BUYBACK,N,helpdesk,11794,212400,helpdesk_no_change
TK-253986,2026-06-12 22:44,2026-06,2026Q2,resolved,email,,VA-NB-ARC,Email Frontline,A3003,CANCEL,N,helpdesk,11801,116900,helpdesk_no_change
TK-253989,2026-06-13 07:38,2026-06,2026Q2,resolved,email,VR893047,VA-EB-PL2,Email Frontline,A3018,GW-OTHER,N,helpdesk,11804,349900,helpdesk_no_change
TK-253991,2026-06-13 09:01,2026-06,2026Q2,resolved,chat,VR888918,VA-HP-ST3,Logistics,A3028,GW-OTHER,N,helpdesk,11805,699900,helpdesk_no_change
TK-253996,2026-06-13 10:43,2026-06,2026Q2,resolved,email,VR893891,VA-SW-NX2,Returns Desk,A3037,GW-OTHER,N,helpdesk,11810,1234800,helpdesk_no_change
TK-253997,2026-06-13 11:13,2026-06,2026Q2,resolved,chat,VR882872,VA-HP-ST3,Logistics,A3027,GW-OTHER,Y,helpdesk,11811,629900,helpdesk_no_change
TK-254003,2026-06-13 17:23,2026-06,2026Q2,resolved,email,VR886607,VA-AC-CH65,Logistics,A3030,WTY-BUYBACK,N,helpdesk,11816,134900,helpdesk_no_change
TK-254011,2026-06-13 21:57,2026-06,2026Q2,resolved,email,,VA-EB-PL1,Returns Desk,A3037,GW-OTHER,N,helpdesk,11822,237400,helpdesk_no_change
TK-254014,2026-06-13 23:56,2026-06,2026Q2,resolved,chat,VR905116,VA-EB-PL2,Billing,A3033,DUP-PAYMENT,N,helpdesk,11824,279900,helpdesk_no_change
TK-254026,2026-06-14 19:53,2026-06,2026Q2,resolved,email,,VA-SW-NX2,Logistics,A3031,DOA-REPL,N,helpdesk,11833,52000,helpdesk_no_change
TK-254038,2026-06-15 11:51,2026-06,2026Q2,closed,email,,VA-EB-PL2,Email Frontline,A3018,WTY-BUYBACK,N,helpdesk,11843,279900,helpdesk_no_change
TK-254049,2026-06-15 14:08,2026-06,2026Q2,resolved,social,,VA-HP-ST2,Returns Desk,A3036,RETURN-QC-OK,N,helpdesk,11850,499900,helpdesk_no_change
TK-254052,2026-06-15 15:05,2026-06,2026Q2,resolved,voice,VR880793,VA-NB-ARC,Returns Desk,A3036,RETURN-QC-OK,N,helpdesk,11853,129900,helpdesk_no_change
TK-254056,2026-06-15 17:42,2026-06,2026Q2,resolved,chat,VR887232,VA-HP-ST2,Billing,A3035,GW-OTHER,N,helpdesk,11857,100000,helpdesk_no_change
TK-254064,2026-06-15 20:17,2026-06,2026Q2,resolved,email,,VA-EB-PL2,Email Frontline,A3001,GW-OTHER,Y,helpdesk,11862,314900,helpdesk_no_change
TK-254070,2026-06-16 08:48,2026-06,2026Q2,resolved,social,VR909457,VA-EB-PL1,Billing,A3029,CANCEL,N,helpdesk,11867,249900,helpdesk_no_change
TK-254083,2026-06-16 14:51,2026-06,2026Q2,resolved,social,,VA-EB-PL1,Returns Desk,A3036,GW-OTHER,N,helpdesk,11878,499800,helpdesk_no_change
TK-254087,2026-06-16 20:17,2026-06,2026Q2,open,email,VR894304,VA-SW-NX2,Email Frontline,A3001,CANCEL,N,helpdesk,11881,617400,helpdesk_no_change
TK-254090,2026-06-16 20:29,2026-06,2026Q2,resolved,voice,,VA-HP-ST3,Billing,A3035,DUP-PAYMENT,N,helpdesk,11883,699900,helpdesk_no_change
TK-254094,2026-06-17 00:53,2026-06,2026Q2,resolved,email,VR898635,VA-EB-PL1,Logistics,A3031,DOA-REPL,N,helpdesk,11887,212400,helpdesk_no_change
TK-254104,2026-06-17 10:27,2026-06,2026Q2,resolved,email,,VA-NB-ARC,Email Frontline,A3021,DUP-PAYMENT,N,helpdesk,11895,13000,helpdesk_no_change
TK-254112,2026-06-17 15:55,2026-06,2026Q2,resolved,chat,VR905218,VA-EB-PL1,Logistics,A3030,LOST-TRANSIT,N,helpdesk,11902,31900,helpdesk_no_change
TK-254121,2026-06-17 21:14,2026-06,2026Q2,closed,email,VR889794,VA-EB-AIR,Returns Desk,A3038,RETURN-QC-OK,N,helpdesk,11911,179900,helpdesk_no_change
TK-254122,2026-06-17 22:07,2026-06,2026Q2,resolved,chat,,VA-HP-ST2,Billing,A3013,DUP-PAYMENT,N,helpdesk,11912,499900,helpdesk_no_change
TK-254125,2026-06-18 06:19,2026-06,2026Q2,resolved,chat,VR889056,VA-EB-PL2,Billing,A3034,GW-OTHER,N,helpdesk,11915,349900,helpdesk_no_change
TK-254130,2026-06-18 11:08,2026-06,2026Q2,resolved,email,VR897012,VA-EB-PL1,Email Frontline,A3018,CANCEL,N,helpdesk,11919,237400,helpdesk_no_change
TK-254135,2026-06-18 13:24,2026-06,2026Q2,resolved,voice,,VA-EB-PL2,Escalations & Warranty,A3041,WTY-BUYBACK,Y,helpdesk,11923,279900,helpdesk_no_change
TK-254136,2026-06-18 13:51,2026-06,2026Q2,resolved,chat,VR909148,VA-AC-CBL,Billing,A3035,DUP-PAYMENT,N,helpdesk,11924,39900,helpdesk_no_change
TK-254143,2026-06-18 19:55,2026-06,2026Q2,resolved,voice,VR908174,VA-EB-PL2,Voice Frontline,A3026,CANCEL,N,helpdesk,11931,297400,helpdesk_no_change
TK-254153,2026-06-19 07:21,2026-06,2026Q2,resolved,email,,VA-SW-NX2,Billing,A3032,DUP-PAYMENT,N,helpdesk,11938,97500,helpdesk_no_change
TK-254155,2026-06-19 08:58,2026-06,2026Q2,resolved,voice,,VA-EB-PL2,Voice Frontline,A3024,GW-OTHER,N,helpdesk,11940,279900,helpdesk_no_change
TK-254157,2026-06-19 10:54,2026-06,2026Q2,open,chat,VR884658,VA-EB-PL2,Billing,A3032,PRICE-ADJ,N,helpdesk,11942,349900,helpdesk_no_change
TK-254168,2026-06-20 00:21,2026-06,2026Q2,resolved,email,VR900496,VA-AC-CH65,Logistics,A3029,GW-OTHER,N,helpdesk,11952,149900,helpdesk_no_change
TK-254169,2026-06-20 05:02,2026-06,2026Q2,resolved,email,,VA-EB-PL2,Email Frontline,A3022,CANCEL,N,helpdesk,11953,29700,helpdesk_no_change
TK-254172,2026-06-20 09:48,2026-06,2026Q2,resolved,voice,VR890959,VA-SW-NX2,Escalations & Warranty,A3039,GW-OTHER,Y,helpdesk,11956,649900,helpdesk_no_change
TK-254183,2026-06-20 12:45,2026-06,2026Q2,closed,voice,VR885534,VA-SW-NX2,Logistics,A3028,DOA-REPL,N,helpdesk,11966,617400,helpdesk_no_change
TK-254197,2026-06-20 19:02,2026-06,2026Q2,closed,email,VR893107,VA-EB-PL2,Billing,A3034,GW-OTHER,N,helpdesk,11975,349900,helpdesk_no_change
TK-254202,2026-06-20 21:28,2026-06,2026Q2,resolved,voice,VR893231,VA-EB-AIR,Voice Frontline,A3003,GW-OTHER,Y,helpdesk,11979,170900,helpdesk_no_change
TK-254212,2026-06-21 09:47,2026-06,2026Q2,resolved,chat,VR902685,VA-NB-ARC,Billing,A3032,PRICE-ADJ,N,helpdesk,11989,103900,helpdesk_no_change
TK-254226,2026-06-21 13:23,2026-06,2026Q2,resolved,chat,VR892986,VA-EB-PL2,Chat Frontline,A3013,DOA-REPL,Y,helpdesk,12000,332400,helpdesk_no_change
TK-254227,2026-06-21 13:48,2026-06,2026Q2,resolved,email,VR898566,VA-NB-ARC,Billing,A3035,DUP-PAYMENT,N,helpdesk,12001,13000,helpdesk_no_change
TK-254231,2026-06-21 16:59,2026-06,2026Q2,resolved,voice,VR882860,VA-EB-PL2,Returns Desk,A3036,RETURN-QC-OK,N,helpdesk,12005,349900,helpdesk_no_change
TK-254237,2026-06-21 18:15,2026-06,2026Q2,resolved,email,VR885469,VA-AC-CASE,Returns Desk,A3036,RETURN-QC-OK,N,helpdesk,12010,110400,helpdesk_no_change
TK-254241,2026-06-21 19:38,2026-06,2026Q2,resolved,voice,,VA-EB-PL2,Billing,A3035,DUP-PAYMENT,N,helpdesk,12013,66500,helpdesk_no_change
TK-254243,2026-06-21 19:49,2026-06,2026Q2,resolved,chat,,VA-SW-FIT,Billing,A3035,GW-OTHER,N,helpdesk,12014,20000,helpdesk_no_change
TK-254244,2026-06-21 23:51,2026-06,2026Q2,resolved,chat,VR892316,VA-AC-CASE,Returns Desk,A3037,RETURN-QC-OK,N,helpdesk,12015,116900,helpdesk_no_change
TK-254245,2026-06-22 00:07,2026-06,2026Q2,resolved,chat,VR890995,VA-SW-FIT,Chat Frontline,A3003,CANCEL,N,helpdesk,12016,85000,helpdesk_no_change
TK-254248,2026-06-22 07:34,2026-06,2026Q2,resolved,chat,VR887630,VA-AC-CASE,Returns Desk,A3037,RETURN-QC-OK,N,helpdesk,12019,116900,helpdesk_no_change
TK-254251,2026-06-22 09:45,2026-06,2026Q2,resolved,email,,VA-NB-ARC,Returns Desk,A3038,RETURN-QC-OK,N,helpdesk,12021,116900,helpdesk_no_change
TK-254260,2026-06-22 14:26,2026-06,2026Q2,resolved,chat,,VA-SP-ORB,Logistics,A3030,GW-OTHER,N,helpdesk,12028,509900,helpdesk_no_change
TK-254266,2026-06-22 16:21,2026-06,2026Q2,resolved,chat,VR884972,VA-EB-PL2,Chat Frontline,A3015,DOA-REPL,N,helpdesk,12031,297400,helpdesk_no_change
TK-254270,2026-06-22 19:02,2026-06,2026Q2,resolved,social,VR896029,VA-EB-AIR,Returns Desk,A3037,GW-OTHER,N,helpdesk,12034,152900,helpdesk_no_change
TK-254279,2026-06-22 21:35,2026-06,2026Q2,resolved,social,VR889496,VA-HP-ST3,Returns Desk,A3038,RETURN-QC-OK,N,helpdesk,12040,350000,helpdesk_no_change
TK-254285,2026-06-23 09:28,2026-06,2026Q2,resolved,social,VR891204,VA-EB-AIR,Returns Desk,A3037,GW-OTHER,N,helpdesk,12045,27000,helpdesk_no_change
TK-254289,2026-06-23 11:54,2026-06,2026Q2,resolved,email,VR909863,VA-AC-CASE,Logistics,A3028,GW-OTHER,N,helpdesk,12048,103900,helpdesk_no_change
TK-254296,2026-06-23 15:02,2026-06,2026Q2,resolved,email,,VA-AC-CASE,Returns Desk,A3038,GW-OTHER,N,helpdesk,12052,129900,helpdesk_no_change
TK-254297,2026-06-23 17:24,2026-06,2026Q2,resolved,chat,VR880244,VA-SW-NX2,Billing,A3035,DUP-PAYMENT,N,helpdesk,12053,584900,helpdesk_no_change
TK-254298,2026-06-23 19:24,2026-06,2026Q2,resolved,chat,,VA-NB-ARC,Chat Frontline,A3022,GW-OTHER,Y,helpdesk,12054,129900,helpdesk_no_change
TK-254301,2026-06-23 19:57,2026-06,2026Q2,resolved,voice,,VA-EB-PL2,Voice Frontline,A3026,GW-OTHER,N,helpdesk,12056,332400,helpdesk_no_change
TK-254302,2026-06-23 21:03,2026-06,2026Q2,resolved,chat,VR900306,VA-EB-PL2,Billing,A3035,GW-OTHER,N,helpdesk,12057,349900,helpdesk_no_change
TK-254306,2026-06-24 09:22,2026-06,2026Q2,resolved,email,,VA-EB-PL2,Billing,A3032,CANCEL,N,helpdesk,12060,332400,helpdesk_no_change
TK-254315,2026-06-24 12:40,2026-06,2026Q2,resolved,email,,VA-EB-PL2,Returns Desk,A3036,RETURN-QC-OK,N,helpdesk,12067,297400,helpdesk_no_change
TK-254317,2026-06-24 14:45,2026-06,2026Q2,resolved,chat,VR892397,VA-EB-AIR,Chat Frontline,A3008,GW-OTHER,N,helpdesk,12069,179900,helpdesk_no_change
TK-254328,2026-06-24 19:46,2026-06,2026Q2,resolved,chat,,VA-EB-PL2,Chat Frontline,A3008,GW-OTHER,Y,helpdesk,12077,314900,helpdesk_no_change
TK-254330,2026-06-24 20:26,2026-06,2026Q2,resolved,chat,VR901211,VA-EB-PL2,Billing,A3035,PRICE-ADJ,N,helpdesk,12079,70000,helpdesk_no_change
TK-254332,2026-06-24 20:57,2026-06,2026Q2,resolved,voice,VR894337,VA-EB-PL1,Returns Desk,A3036,RETURN-QC-OK,N,helpdesk,12080,212400,helpdesk_no_change
TK-254333,2026-06-24 21:44,2026-06,2026Q2,resolved,chat,VR909647,VA-EB-PL2,Billing,A3035,DUP-PAYMENT,N,helpdesk,12081,166200,helpdesk_no_change
TK-254338,2026-06-25 00:24,2026-06,2026Q2,resolved,social,VR908361,VA-HP-ST3,Billing,A3033,RETURN-QC-OK,N,helpdesk,12084,699900,helpdesk_no_change
TK-254348,2026-06-25 13:18,2026-06,2026Q2,resolved,social,,VA-EB-AIR,Chat Frontline,A3044,GW-OTHER,Y,helpdesk,12090,170900,helpdesk_no_change
TK-254361,2026-06-25 18:59,2026-06,2026Q2,resolved,chat,,VA-SP-MINI,Returns Desk,A3036,GW-OTHER,N,helpdesk,12101,249900,helpdesk_no_change
TK-254364,2026-06-25 22:42,2026-06,2026Q2,resolved,email,VR883160,VA-HP-ST2,Billing,A3034,GW-OTHER,N,helpdesk,12104,499900,helpdesk_no_change
TK-254367,2026-06-25 23:56,2026-06,2026Q2,resolved,email,VR892316,VA-AC-CASE,Email Frontline,A3017,CANCEL,N,helpdesk,12106,116900,helpdesk_no_change
TK-254368,2026-06-26 01:31,2026-06,2026Q2,closed,social,VR891238,VA-EB-AIR,Chat Frontline,A3003,GW-OTHER,N,helpdesk,12107,179900,helpdesk_no_change
TK-254372,2026-06-26 06:57,2026-06,2026Q2,resolved,social,VR905452,VA-EB-PL2,Returns Desk,A3038,GW-OTHER,N,helpdesk,12109,35000,helpdesk_no_change
TK-254381,2026-06-26 11:46,2026-06,2026Q2,closed,chat,VR908615,VA-EB-AIR,Chat Frontline,A3006,GW-OTHER,Y,helpdesk,12116,170900,helpdesk_no_change
TK-254384,2026-06-26 12:38,2026-06,2026Q2,resolved,email,VR888895,VA-EB-PL1,Logistics,A3030,GW-OTHER,N,helpdesk,12118,212400,helpdesk_no_change
TK-254401,2026-06-26 20:29,2026-06,2026Q2,resolved,chat,,VA-EB-PL2,Logistics,A3030,GW-OTHER,N,helpdesk,12131,279900,helpdesk_no_change
TK-254410,2026-06-27 07:59,2026-06,2026Q2,resolved,chat,VR899218,VA-SP-MINI,Returns Desk,A3037,GW-OTHER,N,helpdesk,12138,249900,helpdesk_no_change
TK-254433,2026-06-27 20:15,2026-06,2026Q2,closed,email,,VA-EB-PL2,Email Frontline,A3001,GW-OTHER,N,helpdesk,12154,332400,helpdesk_no_change
TK-254439,2026-06-28 09:20,2026-06,2026Q2,resolved,chat,VR894791,VA-EB-AIR,Chat Frontline,A3010,GW-OTHER,N,helpdesk,12159,152900,helpdesk_no_change
TK-254446,2026-06-28 11:40,2026-06,2026Q2,open,email,,VA-SW-NX1,Billing,A3035,DUP-PAYMENT,N,helpdesk,12164,424900,helpdesk_no_change
TK-254449,2026-06-28 12:26,2026-06,2026Q2,resolved,chat,VR897482,VA-SW-NX2,Escalations & Warranty,A3039,GW-OTHER,N,helpdesk,12167,649900,helpdesk_no_change
TK-254455,2026-06-28 14:02,2026-06,2026Q2,resolved,email,VR904919,VA-SP-MINI,Logistics,A3030,DOA-REPL,N,helpdesk,12172,50000,helpdesk_no_change
TK-254458,2026-06-28 15:41,2026-06,2026Q2,resolved,email,VR904806,VA-AC-CASE,Logistics,A3030,DOA-REPL,N,helpdesk,12174,129900,helpdesk_no_change
TK-254459,2026-06-28 16:23,2026-06,2026Q2,resolved,chat,VR902804,VA-EB-PL2,Chat Frontline,A3015,CANCEL,N,helpdesk,12175,332400,helpdesk_no_change
TK-254465,2026-06-28 18:14,2026-06,2026Q2,resolved,email,VR896666,VA-EB-PL2,Returns Desk,A3036,GW-OTHER,Y,helpdesk,12180,332400,helpdesk_no_change
TK-254466,2026-06-28 20:32,2026-06,2026Q2,resolved,voice,VR885191,VA-SW-FIT,Voice Frontline,A3026,GW-OTHER,Y,helpdesk,12181,169900,helpdesk_no_change
TK-254467,2026-06-28 21:17,2026-06,2026Q2,resolved,voice,,VA-EB-PL1,Billing,A3035,GW-OTHER,N,helpdesk,12182,25000,helpdesk_no_change
TK-254469,2026-06-28 22:30,2026-06,2026Q2,resolved,chat,VR906851,VA-AC-CBL,Chat Frontline,A3003,GW-OTHER,N,helpdesk,12183,31900,helpdesk_no_change
TK-254474,2026-06-29 08:28,2026-06,2026Q2,resolved,chat,,VA-EB-PL1,Returns Desk,A3037,RETURN-QC-OK,N,helpdesk,12186,199900,helpdesk_no_change
TK-254475,2026-06-29 08:53,2026-06,2026Q2,resolved,chat,VR901533,VA-SW-NX1,Returns Desk,A3037,RETURN-QC-OK,N,helpdesk,12187,250000,helpdesk_no_change
TK-254480,2026-06-29 11:49,2026-06,2026Q2,resolved,voice,VR900631,VA-EB-PL2,Voice Frontline,A3025,GW-OTHER,N,helpdesk,12191,33200,helpdesk_no_change
TK-254481,2026-06-29 12:15,2026-06,2026Q2,resolved,chat,VR891785,VA-AC-CASE,Returns Desk,A3037,GW-OTHER,N,helpdesk,12192,16600,helpdesk_no_change
TK-254485,2026-06-29 14:13,2026-06,2026Q2,resolved,social,,VA-SW-NX1,Chat Frontline,A3005,LOST-TRANSIT,N,helpdesk,12196,499900,helpdesk_no_change
TK-254487,2026-06-29 14:36,2026-06,2026Q2,resolved,email,,VA-HP-ST2,Email Frontline,A3018,DUP-PAYMENT,N,helpdesk,12197,499900,helpdesk_no_change
TK-254495,2026-06-29 18:31,2026-06,2026Q2,resolved,email,VR896324,VA-AC-CASE,Email Frontline,A3001,GW-OTHER,N,helpdesk,12204,116900,helpdesk_no_change
TK-254497,2026-06-29 20:11,2026-06,2026Q2,resolved,chat,VR909407,VA-SW-NX2,Chat Frontline,A3012,GW-OTHER,N,helpdesk,12205,519900,helpdesk_no_change
TK-254499,2026-06-29 20:32,2026-06,2026Q2,resolved,voice,VR901408,VA-SW-FIT,Voice Frontline,A3016,GW-OTHER,N,helpdesk,12206,100000,helpdesk_no_change
TK-254504,2026-06-29 23:59,2026-06,2026Q2,closed,chat,VR885073,VA-SW-NX2,Chat Frontline,A3002,GW-OTHER,N,helpdesk,12211,617400,helpdesk_no_change
TK-254506,2026-06-30 04:15,2026-06,2026Q2,resolved,social,VR894334,VA-SP-MINI,Billing,A3033,RETURN-QC-OK,N,helpdesk,12212,42500,helpdesk_no_change
TK-254511,2026-06-30 08:13,2026-06,2026Q2,resolved,chat,,VA-EB-PL1,Returns Desk,A3037,GW-OTHER,N,helpdesk,12217,249900,helpdesk_no_change
TK-254521,2026-06-30 12:45,2026-06,2026Q2,resolved,chat,VR905218,VA-EB-PL1,Chat Frontline,A3006,GW-OTHER,Y,helpdesk,12223,212400,helpdesk_no_change
TK-254527,2026-06-30 17:14,2026-06,2026Q2,resolved,email,VR903625,VA-EB-PL2,Logistics,A3030,DOA-REPL,N,helpdesk,12228,148700,helpdesk_no_change
TK-254530,2026-06-30 17:39,2026-06,2026Q2,resolved,chat,VR892716,VA-EB-PL2,Chat Frontline,A3004,CANCEL,N,helpdesk,12230,70000,helpdesk_no_change
TK-254533,2026-06-30 17:53,2026-06,2026Q2,resolved,social,,VA-EB-PL2,Chat Frontline,A3012,CANCEL,N,helpdesk,12232,314900,helpdesk_no_change
TK-254538,2026-06-30 20:06,2026-06,2026Q2,resolved,email,VR881510,VA-SW-FIT,Returns Desk,A3038,RETURN-QC-OK,N,helpdesk,12236,34000,helpdesk_no_change
