ticket_id,source,label,replacement_sent,certainty,evidence,evidence_verified,code_label,rules_label,rules_replacement,replacement_flag,model_id,prompt_version,prompt_hash
TK-240023,rules_fallback,OTHER_UNCLEAR,no,,,False,,OTHER_UNCLEAR,no,N,,,
TK-240026,rules_fallback,OTHER_UNCLEAR,no,,,False,,OTHER_UNCLEAR,no,N,,,
TK-240028,rules_fallback,OTHER_UNCLEAR,yes,,,False,,OTHER_UNCLEAR,yes,N,,,
TK-240046,rules_fallback,OTHER_UNCLEAR,no,,,False,,OTHER_UNCLEAR,no,N,,,
TK-240069,rules_fallback,PAYMENT_ISSUE,no,,,False,PAYMENT_ISSUE,PAYMENT_ISSUE,no,N,,,
TK-240089,rules_fallback,OTHER_UNCLEAR,no,,,False,,OTHER_UNCLEAR,no,N,,,
TK-240091,rules_fallback,PAYMENT_ISSUE,no,,,False,PAYMENT_ISSUE,PAYMENT_ISSUE,no,N,,,
TK-240102,rules_fallback,RETURN_PICKUP_QC,no,,,False,RETURN_PICKUP_QC,RETURN_PICKUP_QC,no,N,,,
TK-240106,rules_fallback,PAYMENT_ISSUE,no,,,False,PAYMENT_ISSUE,PAYMENT_ISSUE,no,N,,,
TK-240109,rules_fallback,RETURN_PICKUP_QC,no,,,False,RETURN_PICKUP_QC,RETURN_PICKUP_QC,no,N,,,
TK-240117,rules_fallback,OTHER_UNCLEAR,no,,,False,,OTHER_UNCLEAR,no,N,,,
TK-240120,rules_fallback,OTHER_UNCLEAR,no,,,False,,OTHER_UNCLEAR,no,N,,,
TK-240134,rules_fallback,RETURN_PICKUP_QC,no,,,False,RETURN_PICKUP_QC,RETURN_PICKUP_QC,no,N,,,
TK-240135,rules_fallback,RETURN_PICKUP_QC,no,,,False,RETURN_PICKUP_QC,RETURN_PICKUP_QC,no,N,,,
TK-240138,rules_fallback,OTHER_UNCLEAR,no,,,False,,OTHER_UNCLEAR,no,N,,,
TK-240146,rules_fallback,OTHER_UNCLEAR,no,,,False,,OTHER_UNCLEAR,no,N,,,
TK-240148,rules_fallback,OTHER_UNCLEAR,no,,,False,,OTHER_UNCLEAR,no,N,,,
TK-240154,rules_fallback,CANCELLATION,no,,,False,CANCELLATION,CANCELLATION,no,N,,,
TK-240163,rules_fallback,CANCELLATION,no,,,False,CANCELLATION,CANCELLATION,no,N,,,
TK-240177,rules_fallback,PAYMENT_ISSUE,no,,,False,PAYMENT_ISSUE,PAYMENT_ISSUE,no,N,,,
TK-240194,rules_fallback,PAYMENT_ISSUE,no,,,False,PAYMENT_ISSUE,PAYMENT_ISSUE,no,N,,,
TK-240201,rules_fallback,RETURN_PICKUP_QC,no,,,False,RETURN_PICKUP_QC,RETURN_PICKUP_QC,no,N,,,
TK-240216,rules_fallback,PAYMENT_ISSUE,no,,,False,PAYMENT_ISSUE,PAYMENT_ISSUE,no,N,,,
TK-240226,rules_fallback,OTHER_UNCLEAR,no,,,False,,OTHER_UNCLEAR,no,N,,,
TK-240242,rules_fallback,OTHER_UNCLEAR,yes,,,False,,OTHER_UNCLEAR,yes,N,,,
TK-240246,rules_fallback,OTHER_UNCLEAR,no,,,False,,OTHER_UNCLEAR,no,N,,,
TK-240247,rules_fallback,OTHER_UNCLEAR,no,,,False,,OTHER_UNCLEAR,no,N,,,
TK-240256,rules_fallback,PAYMENT_ISSUE,no,,,False,PAYMENT_ISSUE,PAYMENT_ISSUE,no,N,,,
TK-240258,rules_fallback,PRODUCT_DEFECT,yes,,,False,PRODUCT_DEFECT,PRODUCT_DEFECT,yes,Y,,,
TK-240262,rules_fallback,OTHER_UNCLEAR,no,,,False,,OTHER_UNCLEAR,no,N,,,
TK-240263,rules_fallback,OTHER_UNCLEAR,yes,,,False,,OTHER_UNCLEAR,yes,N,,,
TK-240272,rules_fallback,RETURN_PICKUP_QC,no,,,False,RETURN_PICKUP_QC,RETURN_PICKUP_QC,no,N,,,
TK-240279,rules_fallback,OTHER_UNCLEAR,no,,,False,,OTHER_UNCLEAR,no,N,,,
TK-240285,rules_fallback,PAYMENT_ISSUE,no,,,False,PAYMENT_ISSUE,PAYMENT_ISSUE,no,N,,,
TK-240307,rules_fallback,OTHER_UNCLEAR,no,,,False,,OTHER_UNCLEAR,no,N,,,
TK-240311,rules_fallback,OTHER_UNCLEAR,no,,,False,,OTHER_UNCLEAR,no,N,,,
TK-240320,rules_fallback,OTHER_UNCLEAR,yes,,,False,,OTHER_UNCLEAR,yes,N,,,
TK-240328,rules_fallback,OTHER_UNCLEAR,no,,,False,,OTHER_UNCLEAR,no,N,,,
TK-240338,rules_fallback,OTHER_UNCLEAR,no,,,False,,OTHER_UNCLEAR,no,N,,,
TK-240353,rules_fallback,CANCELLATION,no,,,False,CANCELLATION,CANCELLATION,no,N,,,
TK-240354,rules_fallback,OTHER_UNCLEAR,no,,,False,,OTHER_UNCLEAR,no,N,,,
TK-240357,rules_fallback,RETURN_PICKUP_QC,no,,,False,RETURN_PICKUP_QC,RETURN_PICKUP_QC,no,N,,,
TK-240359,rules_fallback,RETURN_PICKUP_QC,no,,,False,RETURN_PICKUP_QC,RETURN_PICKUP_QC,no,N,,,
TK-240360,rules_fallback,CANCELLATION,no,,,False,CANCELLATION,CANCELLATION,no,N,,,
TK-240368,rules_fallback,CANCELLATION,no,,,False,CANCELLATION,CANCELLATION,no,N,,,
TK-240381,rules_fallback,OTHER_UNCLEAR,no,,,False,,OTHER_UNCLEAR,no,N,,,
TK-240384,rules_fallback,PAYMENT_ISSUE,no,,,False,PAYMENT_ISSUE,PAYMENT_ISSUE,no,N,,,
TK-240399,rules_fallback,PAYMENT_ISSUE,no,,,False,PAYMENT_ISSUE,PAYMENT_ISSUE,no,N,,,
TK-240409,rules_fallback,CANCELLATION,no,,,False,CANCELLATION,CANCELLATION,no,N,,,
TK-240416,rules_fallback,OTHER_UNCLEAR,no,,,False,,OTHER_UNCLEAR,no,N,,,
TK-240429,rules_fallback,OTHER_UNCLEAR,yes,,,False,,OTHER_UNCLEAR,yes,Y,,,
TK-240444,rules_fallback,WARRANTY_BUYBACK,yes,,,False,WARRANTY_BUYBACK,WARRANTY_BUYBACK,yes,Y,,,
TK-240448,rules_fallback,CANCELLATION,no,,,False,CANCELLATION,CANCELLATION,no,N,,,
TK-240454,rules_fallback,PAYMENT_ISSUE,no,,,False,PAYMENT_ISSUE,PAYMENT_ISSUE,no,N,,,
TK-240460,rules_fallback,RETURN_PICKUP_QC,no,,,False,RETURN_PICKUP_QC,RETURN_PICKUP_QC,no,N,,,
TK-240466,rules_fallback,PAYMENT_ISSUE,no,,,False,PAYMENT_ISSUE,PAYMENT_ISSUE,no,N,,,
TK-240479,rules_fallback,OTHER_UNCLEAR,yes,,,False,,OTHER_UNCLEAR,yes,N,,,
TK-240483,rules_fallback,OTHER_UNCLEAR,yes,,,False,,OTHER_UNCLEAR,yes,Y,,,
TK-240484,rules_fallback,CANCELLATION,no,,,False,CANCELLATION,CANCELLATION,no,N,,,
TK-240492,rules_fallback,OTHER_UNCLEAR,no,,,False,,OTHER_UNCLEAR,no,N,,,
TK-240495,rules_fallback,RETURN_PICKUP_QC,no,,,False,RETURN_PICKUP_QC,RETURN_PICKUP_QC,no,N,,,
TK-240496,rules_fallback,OTHER_UNCLEAR,no,,,False,,OTHER_UNCLEAR,no,N,,,
TK-240505,rules_fallback,OTHER_UNCLEAR,no,,,False,,OTHER_UNCLEAR,no,N,,,
TK-240515,rules_fallback,PAYMENT_ISSUE,no,,,False,PAYMENT_ISSUE,PAYMENT_ISSUE,no,N,,,
TK-240523,rules_fallback,RETURN_PICKUP_QC,no,,,False,RETURN_PICKUP_QC,RETURN_PICKUP_QC,no,N,,,
TK-240524,rules_fallback,PAYMENT_ISSUE,no,,,False,PAYMENT_ISSUE,PAYMENT_ISSUE,no,N,,,
TK-240529,rules_fallback,RETURN_PICKUP_QC,no,,,False,RETURN_PICKUP_QC,RETURN_PICKUP_QC,no,N,,,
TK-240530,rules_fallback,OTHER_UNCLEAR,no,,,False,,OTHER_UNCLEAR,no,N,,,
TK-240531,rules_fallback,CANCELLATION,no,,,False,CANCELLATION,CANCELLATION,no,N,,,
TK-240545,rules_fallback,OTHER_UNCLEAR,yes,,,False,,OTHER_UNCLEAR,yes,Y,,,
TK-240554,rules_fallback,OTHER_UNCLEAR,no,,,False,,OTHER_UNCLEAR,no,N,,,
TK-240556,rules_fallback,PRODUCT_DEFECT,no,,,False,PRODUCT_DEFECT,PRODUCT_DEFECT,no,N,,,
TK-240557,rules_fallback,RETURN_PICKUP_QC,no,,,False,RETURN_PICKUP_QC,RETURN_PICKUP_QC,no,N,,,
TK-240559,rules_fallback,CANCELLATION,no,,,False,CANCELLATION,CANCELLATION,no,N,,,
TK-240564,rules_fallback,OTHER_UNCLEAR,no,,,False,,OTHER_UNCLEAR,no,N,,,
TK-240568,rules_fallback,OTHER_UNCLEAR,no,,,False,,OTHER_UNCLEAR,no,N,,,
TK-240569,rules_fallback,CANCELLATION,no,,,False,CANCELLATION,CANCELLATION,no,N,,,
TK-240571,rules_fallback,PAYMENT_ISSUE,no,,,False,PAYMENT_ISSUE,PAYMENT_ISSUE,no,N,,,
TK-240580,rules_fallback,RETURN_PICKUP_QC,no,,,False,RETURN_PICKUP_QC,RETURN_PICKUP_QC,no,N,,,
TK-240588,rules_fallback,OTHER_UNCLEAR,yes,,,False,,OTHER_UNCLEAR,yes,Y,,,
TK-240600,rules_fallback,CANCELLATION,no,,,False,CANCELLATION,CANCELLATION,no,N,,,
TK-240604,rules_fallback,RETURN_PICKUP_QC,no,,,False,RETURN_PICKUP_QC,RETURN_PICKUP_QC,no,N,,,
TK-240618,rules_fallback,OTHER_UNCLEAR,no,,,False,,OTHER_UNCLEAR,no,N,,,
TK-240619,rules_fallback,RETURN_PICKUP_QC,no,,,False,RETURN_PICKUP_QC,RETURN_PICKUP_QC,no,N,,,
TK-240629,rules_fallback,PAYMENT_ISSUE,no,,,False,PAYMENT_ISSUE,PAYMENT_ISSUE,no,N,,,
TK-240630,rules_fallback,CANCELLATION,no,,,False,CANCELLATION,CANCELLATION,no,N,,,
TK-240641,rules_fallback,OTHER_UNCLEAR,no,,,False,,OTHER_UNCLEAR,no,N,,,
TK-240642,rules_fallback,RETURN_PICKUP_QC,no,,,False,RETURN_PICKUP_QC,RETURN_PICKUP_QC,no,N,,,
TK-240649,rules_fallback,OTHER_UNCLEAR,no,,,False,,OTHER_UNCLEAR,no,N,,,
TK-240650,rules_fallback,OTHER_UNCLEAR,no,,,False,,OTHER_UNCLEAR,no,N,,,
TK-240652,rules_fallback,RETURN_PICKUP_QC,no,,,False,RETURN_PICKUP_QC,RETURN_PICKUP_QC,no,N,,,
TK-240672,rules_fallback,RETURN_PICKUP_QC,no,,,False,RETURN_PICKUP_QC,RETURN_PICKUP_QC,no,N,,,
TK-240682,rules_fallback,OTHER_UNCLEAR,no,,,False,,OTHER_UNCLEAR,no,N,,,
TK-240686,rules_fallback,WARRANTY_BUYBACK,no,,,False,WARRANTY_BUYBACK,WARRANTY_BUYBACK,no,N,,,
TK-240688,rules_fallback,RETURN_PICKUP_QC,no,,,False,RETURN_PICKUP_QC,RETURN_PICKUP_QC,no,N,,,
TK-240691,rules_fallback,OTHER_UNCLEAR,no,,,False,,OTHER_UNCLEAR,no,N,,,
TK-240699,rules_fallback,OTHER_UNCLEAR,yes,,,False,,OTHER_UNCLEAR,yes,N,,,
TK-240702,rules_fallback,OTHER_UNCLEAR,no,,,False,,OTHER_UNCLEAR,no,N,,,
TK-240712,rules_fallback,PAYMENT_ISSUE,no,,,False,PAYMENT_ISSUE,PAYMENT_ISSUE,no,N,,,
TK-240725,rules_fallback,CANCELLATION,no,,,False,CANCELLATION,CANCELLATION,no,N,,,
TK-240737,rules_fallback,OTHER_UNCLEAR,no,,,False,,OTHER_UNCLEAR,no,N,,,
TK-240751,rules_fallback,WARRANTY_BUYBACK,yes,,,False,WARRANTY_BUYBACK,WARRANTY_BUYBACK,yes,N,,,
TK-240753,rules_fallback,OTHER_UNCLEAR,no,,,False,,OTHER_UNCLEAR,no,N,,,
TK-240759,rules_fallback,PRODUCT_DEFECT,yes,,,False,PRODUCT_DEFECT,PRODUCT_DEFECT,yes,Y,,,
TK-240764,rules_fallback,RETURN_PICKUP_QC,no,,,False,RETURN_PICKUP_QC,RETURN_PICKUP_QC,no,N,,,
TK-240778,rules_fallback,PRODUCT_DEFECT,yes,,,False,PRODUCT_DEFECT,PRODUCT_DEFECT,yes,N,,,
TK-240796,rules_fallback,CANCELLATION,no,,,False,CANCELLATION,CANCELLATION,no,N,,,
TK-240797,rules_fallback,WARRANTY_BUYBACK,yes,,,False,WARRANTY_BUYBACK,WARRANTY_BUYBACK,yes,N,,,
TK-240807,rules_fallback,PAYMENT_ISSUE,no,,,False,PAYMENT_ISSUE,PAYMENT_ISSUE,no,N,,,
TK-240815,rules_fallback,RETURN_PICKUP_QC,no,,,False,RETURN_PICKUP_QC,RETURN_PICKUP_QC,no,N,,,
TK-240816,rules_fallback,RETURN_PICKUP_QC,no,,,False,RETURN_PICKUP_QC,RETURN_PICKUP_QC,no,N,,,
TK-240819,rules_fallback,RETURN_PICKUP_QC,no,,,False,RETURN_PICKUP_QC,RETURN_PICKUP_QC,no,N,,,
TK-240825,rules_fallback,RETURN_PICKUP_QC,no,,,False,RETURN_PICKUP_QC,RETURN_PICKUP_QC,no,N,,,
TK-240826,rules_fallback,CANCELLATION,no,,,False,CANCELLATION,CANCELLATION,no,N,,,
TK-240829,rules_fallback,OTHER_UNCLEAR,yes,,,False,,OTHER_UNCLEAR,yes,Y,,,
TK-240834,rules_fallback,OTHER_UNCLEAR,no,,,False,,OTHER_UNCLEAR,no,N,,,
TK-240835,rules_fallback,OTHER_UNCLEAR,no,,,False,,OTHER_UNCLEAR,no,N,,,
TK-240845,rules_fallback,OTHER_UNCLEAR,no,,,False,,OTHER_UNCLEAR,no,N,,,
TK-240853,rules_fallback,RETURN_PICKUP_QC,no,,,False,RETURN_PICKUP_QC,RETURN_PICKUP_QC,no,N,,,
TK-240856,rules_fallback,OTHER_UNCLEAR,no,,,False,,OTHER_UNCLEAR,no,N,,,
TK-240864,rules_fallback,PRODUCT_DEFECT,yes,,,False,PRODUCT_DEFECT,PRODUCT_DEFECT,yes,N,,,
TK-240877,rules_fallback,RETURN_PICKUP_QC,no,,,False,RETURN_PICKUP_QC,RETURN_PICKUP_QC,no,N,,,
TK-240878,rules_fallback,PAYMENT_ISSUE,no,,,False,PAYMENT_ISSUE,PAYMENT_ISSUE,no,N,,,
TK-240879,rules_fallback,OTHER_UNCLEAR,no,,,False,,OTHER_UNCLEAR,no,N,,,
TK-240883,rules_fallback,PRODUCT_DEFECT,yes,,,False,PRODUCT_DEFECT,PRODUCT_DEFECT,yes,Y,,,
TK-240889,rules_fallback,RETURN_PICKUP_QC,no,,,False,RETURN_PICKUP_QC,RETURN_PICKUP_QC,no,N,,,
TK-240890,rules_fallback,PAYMENT_ISSUE,no,,,False,PAYMENT_ISSUE,PAYMENT_ISSUE,no,N,,,
TK-240895,rules_fallback,PRICE_COUPON,no,,,False,PRICE_COUPON,PRICE_COUPON,no,N,,,
TK-240910,rules_fallback,PAYMENT_ISSUE,no,,,False,PAYMENT_ISSUE,PAYMENT_ISSUE,no,N,,,
TK-240915,rules_fallback,RETURN_PICKUP_QC,no,,,False,RETURN_PICKUP_QC,RETURN_PICKUP_QC,no,N,,,
TK-240920,rules_fallback,PAYMENT_ISSUE,no,,,False,PAYMENT_ISSUE,PAYMENT_ISSUE,no,N,,,
TK-240923,rules_fallback,RETURN_PICKUP_QC,no,,,False,RETURN_PICKUP_QC,RETURN_PICKUP_QC,no,N,,,
TK-240941,rules_fallback,RETURN_PICKUP_QC,no,,,False,RETURN_PICKUP_QC,RETURN_PICKUP_QC,no,N,,,
TK-240947,rules_fallback,CANCELLATION,no,,,False,CANCELLATION,CANCELLATION,no,N,,,
TK-240951,rules_fallback,OTHER_UNCLEAR,no,,,False,,OTHER_UNCLEAR,no,N,,,
TK-240953,rules_fallback,OTHER_UNCLEAR,no,,,False,,OTHER_UNCLEAR,no,N,,,
TK-240960,rules_fallback,PRODUCT_DEFECT,yes,,,False,PRODUCT_DEFECT,PRODUCT_DEFECT,yes,Y,,,
TK-240961,rules_fallback,RETURN_PICKUP_QC,no,,,False,RETURN_PICKUP_QC,RETURN_PICKUP_QC,no,N,,,
TK-240963,rules_fallback,OTHER_UNCLEAR,yes,,,False,,OTHER_UNCLEAR,yes,Y,,,
TK-240976,rules_fallback,RETURN_PICKUP_QC,no,,,False,RETURN_PICKUP_QC,RETURN_PICKUP_QC,no,N,,,
TK-240980,rules_fallback,OTHER_UNCLEAR,no,,,False,,OTHER_UNCLEAR,no,N,,,
TK-240984,rules_fallback,OTHER_UNCLEAR,no,,,False,,OTHER_UNCLEAR,no,N,,,
TK-240987,rules_fallback,RETURN_PICKUP_QC,no,,,False,RETURN_PICKUP_QC,RETURN_PICKUP_QC,no,N,,,
TK-240988,rules_fallback,RETURN_PICKUP_QC,no,,,False,RETURN_PICKUP_QC,RETURN_PICKUP_QC,no,N,,,
TK-240992,rules_fallback,PAYMENT_ISSUE,no,,,False,PAYMENT_ISSUE,PAYMENT_ISSUE,no,N,,,
TK-241003,rules_fallback,OTHER_UNCLEAR,no,,,False,,OTHER_UNCLEAR,no,N,,,
TK-241026,rules_fallback,OTHER_UNCLEAR,no,,,False,,OTHER_UNCLEAR,no,N,,,
TK-241027,rules_fallback,PRODUCT_DEFECT,yes,,,False,PRODUCT_DEFECT,PRODUCT_DEFECT,yes,Y,,,
TK-241034,rules_fallback,PAYMENT_ISSUE,no,,,False,PAYMENT_ISSUE,PAYMENT_ISSUE,no,N,,,
TK-241038,rules_fallback,OTHER_UNCLEAR,no,,,False,,OTHER_UNCLEAR,no,N,,,
TK-241040,rules_fallback,RETURN_PICKUP_QC,no,,,False,RETURN_PICKUP_QC,RETURN_PICKUP_QC,no,N,,,
TK-241053,rules_fallback,CANCELLATION,no,,,False,CANCELLATION,CANCELLATION,no,N,,,
TK-241058,rules_fallback,CANCELLATION,no,,,False,CANCELLATION,CANCELLATION,no,N,,,
TK-241059,rules_fallback,RETURN_PICKUP_QC,no,,,False,RETURN_PICKUP_QC,RETURN_PICKUP_QC,no,N,,,
TK-241062,rules_fallback,OTHER_UNCLEAR,yes,,,False,,OTHER_UNCLEAR,yes,Y,,,
TK-241065,rules_fallback,PAYMENT_ISSUE,no,,,False,PAYMENT_ISSUE,PAYMENT_ISSUE,no,N,,,
TK-241067,rules_fallback,OTHER_UNCLEAR,yes,,,False,,OTHER_UNCLEAR,yes,N,,,
TK-241069,rules_fallback,PRICE_COUPON,no,,,False,PRICE_COUPON,PRICE_COUPON,no,N,,,
TK-241071,rules_fallback,CANCELLATION,no,,,False,CANCELLATION,CANCELLATION,no,N,,,
TK-241077,rules_fallback,PAYMENT_ISSUE,no,,,False,PAYMENT_ISSUE,PAYMENT_ISSUE,no,N,,,
TK-241081,rules_fallback,PAYMENT_ISSUE,no,,,False,PAYMENT_ISSUE,PAYMENT_ISSUE,no,N,,,
TK-241084,rules_fallback,PAYMENT_ISSUE,no,,,False,PAYMENT_ISSUE,PAYMENT_ISSUE,no,N,,,
TK-241089,rules_fallback,RETURN_PICKUP_QC,no,,,False,RETURN_PICKUP_QC,RETURN_PICKUP_QC,no,N,,,
TK-241091,rules_fallback,RETURN_PICKUP_QC,no,,,False,RETURN_PICKUP_QC,RETURN_PICKUP_QC,no,N,,,
TK-241092,rules_fallback,RETURN_PICKUP_QC,no,,,False,RETURN_PICKUP_QC,RETURN_PICKUP_QC,no,N,,,
TK-241093,rules_fallback,PAYMENT_ISSUE,no,,,False,PAYMENT_ISSUE,PAYMENT_ISSUE,no,N,,,
TK-241094,rules_fallback,PAYMENT_ISSUE,no,,,False,PAYMENT_ISSUE,PAYMENT_ISSUE,no,N,,,
TK-241097,rules_fallback,OTHER_UNCLEAR,no,,,False,,OTHER_UNCLEAR,no,N,,,
TK-241114,rules_fallback,RETURN_PICKUP_QC,no,,,False,RETURN_PICKUP_QC,RETURN_PICKUP_QC,no,N,,,
TK-241118,rules_fallback,OTHER_UNCLEAR,no,,,False,,OTHER_UNCLEAR,no,N,,,
TK-241119,rules_fallback,WARRANTY_BUYBACK,yes,,,False,WARRANTY_BUYBACK,WARRANTY_BUYBACK,yes,N,,,
TK-241121,rules_fallback,PRODUCT_DEFECT,no,,,False,PRODUCT_DEFECT,PRODUCT_DEFECT,no,N,,,
TK-241126,rules_fallback,PRODUCT_DEFECT,no,,,False,PRODUCT_DEFECT,PRODUCT_DEFECT,no,N,,,
TK-241130,rules_fallback,PRODUCT_DEFECT,no,,,False,PRODUCT_DEFECT,PRODUCT_DEFECT,no,N,,,
TK-241152,rules_fallback,OTHER_UNCLEAR,no,,,False,,OTHER_UNCLEAR,no,N,,,
TK-241155,rules_fallback,OTHER_UNCLEAR,no,,,False,,OTHER_UNCLEAR,no,N,,,
TK-241156,rules_fallback,OTHER_UNCLEAR,no,,,False,,OTHER_UNCLEAR,no,N,,,
TK-241163,rules_fallback,PAYMENT_ISSUE,no,,,False,PAYMENT_ISSUE,PAYMENT_ISSUE,no,N,,,
TK-241213,rules_fallback,PRICE_COUPON,no,,,False,PRICE_COUPON,PRICE_COUPON,no,N,,,
TK-241215,rules_fallback,OTHER_UNCLEAR,no,,,False,,OTHER_UNCLEAR,no,N,,,
TK-241220,rules_fallback,OTHER_UNCLEAR,no,,,False,,OTHER_UNCLEAR,no,N,,,
TK-241229,rules_fallback,OTHER_UNCLEAR,no,,,False,,OTHER_UNCLEAR,no,N,,,
TK-241236,rules_fallback,OTHER_UNCLEAR,no,,,False,,OTHER_UNCLEAR,no,N,,,
TK-241243,rules_fallback,OTHER_UNCLEAR,no,,,False,,OTHER_UNCLEAR,no,N,,,
TK-241268,rules_fallback,RETURN_PICKUP_QC,no,,,False,RETURN_PICKUP_QC,RETURN_PICKUP_QC,no,N,,,
TK-241269,rules_fallback,PRODUCT_DEFECT,yes,,,False,PRODUCT_DEFECT,PRODUCT_DEFECT,yes,Y,,,
TK-241270,rules_fallback,RETURN_PICKUP_QC,no,,,False,RETURN_PICKUP_QC,RETURN_PICKUP_QC,no,N,,,
TK-241273,rules_fallback,OTHER_UNCLEAR,yes,,,False,,OTHER_UNCLEAR,yes,N,,,
TK-241279,rules_fallback,PAYMENT_ISSUE,no,,,False,PAYMENT_ISSUE,PAYMENT_ISSUE,no,N,,,
TK-241284,rules_fallback,OTHER_UNCLEAR,no,,,False,,OTHER_UNCLEAR,no,N,,,
TK-241292,rules_fallback,OTHER_UNCLEAR,yes,,,False,,OTHER_UNCLEAR,yes,N,,,
TK-241308,rules_fallback,RETURN_PICKUP_QC,no,,,False,RETURN_PICKUP_QC,RETURN_PICKUP_QC,no,N,,,
TK-241315,rules_fallback,OTHER_UNCLEAR,no,,,False,,OTHER_UNCLEAR,no,N,,,
TK-241320,rules_fallback,NON_DELIVERY,no,,,False,NON_DELIVERY,NON_DELIVERY,no,N,,,
TK-241323,rules_fallback,RETURN_PICKUP_QC,no,,,False,RETURN_PICKUP_QC,RETURN_PICKUP_QC,no,N,,,
TK-241330,rules_fallback,PAYMENT_ISSUE,no,,,False,PAYMENT_ISSUE,PAYMENT_ISSUE,no,N,,,
TK-241333,rules_fallback,OTHER_UNCLEAR,no,,,False,,OTHER_UNCLEAR,no,N,,,
TK-241342,rules_fallback,OTHER_UNCLEAR,no,,,False,,OTHER_UNCLEAR,no,N,,,
TK-241350,rules_fallback,PRICE_COUPON,no,,,False,PRICE_COUPON,PRICE_COUPON,no,N,,,
TK-241357,rules_fallback,PRODUCT_DEFECT,no,,,False,PRODUCT_DEFECT,PRODUCT_DEFECT,no,N,,,
TK-241361,rules_fallback,CANCELLATION,no,,,False,CANCELLATION,CANCELLATION,no,N,,,
TK-241364,rules_fallback,PAYMENT_ISSUE,no,,,False,PAYMENT_ISSUE,PAYMENT_ISSUE,no,N,,,
TK-241376,rules_fallback,RETURN_PICKUP_QC,no,,,False,RETURN_PICKUP_QC,RETURN_PICKUP_QC,no,N,,,
TK-241391,rules_fallback,OTHER_UNCLEAR,no,,,False,,OTHER_UNCLEAR,no,N,,,
TK-241398,rules_fallback,OTHER_UNCLEAR,no,,,False,,OTHER_UNCLEAR,no,N,,,
TK-241402,rules_fallback,CANCELLATION,no,,,False,CANCELLATION,CANCELLATION,no,N,,,
TK-241404,rules_fallback,PAYMENT_ISSUE,no,,,False,PAYMENT_ISSUE,PAYMENT_ISSUE,no,N,,,
TK-241415,rules_fallback,OTHER_UNCLEAR,no,,,False,,OTHER_UNCLEAR,no,N,,,
TK-241421,rules_fallback,PAYMENT_ISSUE,no,,,False,PAYMENT_ISSUE,PAYMENT_ISSUE,no,N,,,
TK-241436,rules_fallback,RETURN_PICKUP_QC,no,,,False,RETURN_PICKUP_QC,RETURN_PICKUP_QC,no,N,,,
TK-241437,rules_fallback,CANCELLATION,no,,,False,CANCELLATION,CANCELLATION,no,N,,,
TK-241445,rules_fallback,RETURN_PICKUP_QC,no,,,False,RETURN_PICKUP_QC,RETURN_PICKUP_QC,no,N,,,
TK-241452,rules_fallback,WARRANTY_BUYBACK,yes,,,False,WARRANTY_BUYBACK,WARRANTY_BUYBACK,yes,N,,,
TK-241466,rules_fallback,WARRANTY_BUYBACK,yes,,,False,WARRANTY_BUYBACK,WARRANTY_BUYBACK,yes,Y,,,
TK-241468,rules_fallback,CANCELLATION,no,,,False,CANCELLATION,CANCELLATION,no,N,,,
TK-241475,rules_fallback,WARRANTY_BUYBACK,yes,,,False,WARRANTY_BUYBACK,WARRANTY_BUYBACK,yes,Y,,,
TK-241476,rules_fallback,OTHER_UNCLEAR,no,,,False,,OTHER_UNCLEAR,no,N,,,
TK-241477,rules_fallback,CANCELLATION,no,,,False,CANCELLATION,CANCELLATION,no,N,,,
TK-241493,rules_fallback,RETURN_PICKUP_QC,no,,,False,RETURN_PICKUP_QC,RETURN_PICKUP_QC,no,N,,,
TK-241507,rules_fallback,RETURN_PICKUP_QC,no,,,False,RETURN_PICKUP_QC,RETURN_PICKUP_QC,no,N,,,
TK-241529,rules_fallback,RETURN_PICKUP_QC,no,,,False,RETURN_PICKUP_QC,RETURN_PICKUP_QC,no,N,,,
TK-241540,rules_fallback,OTHER_UNCLEAR,no,,,False,,OTHER_UNCLEAR,no,N,,,
TK-241558,rules_fallback,CANCELLATION,no,,,False,CANCELLATION,CANCELLATION,no,N,,,
TK-241559,rules_fallback,OTHER_UNCLEAR,yes,,,False,,OTHER_UNCLEAR,yes,N,,,
TK-241568,rules_fallback,RETURN_PICKUP_QC,no,,,False,RETURN_PICKUP_QC,RETURN_PICKUP_QC,no,N,,,
TK-241575,rules_fallback,OTHER_UNCLEAR,yes,,,False,,OTHER_UNCLEAR,yes,Y,,,
TK-241634,rules_fallback,RETURN_PICKUP_QC,no,,,False,RETURN_PICKUP_QC,RETURN_PICKUP_QC,no,N,,,
TK-241644,rules_fallback,RETURN_PICKUP_QC,no,,,False,RETURN_PICKUP_QC,RETURN_PICKUP_QC,no,N,,,
TK-241646,rules_fallback,PAYMENT_ISSUE,no,,,False,PAYMENT_ISSUE,PAYMENT_ISSUE,no,N,,,
TK-241671,rules_fallback,RETURN_PICKUP_QC,no,,,False,RETURN_PICKUP_QC,RETURN_PICKUP_QC,no,N,,,
TK-241675,rules_fallback,OTHER_UNCLEAR,yes,,,False,,OTHER_UNCLEAR,yes,N,,,
TK-241676,rules_fallback,OTHER_UNCLEAR,no,,,False,,OTHER_UNCLEAR,no,N,,,
TK-241686,rules_fallback,OTHER_UNCLEAR,no,,,False,,OTHER_UNCLEAR,no,N,,,
TK-241688,rules_fallback,PRODUCT_DEFECT,yes,,,False,PRODUCT_DEFECT,PRODUCT_DEFECT,yes,Y,,,
TK-241690,rules_fallback,OTHER_UNCLEAR,no,,,False,,OTHER_UNCLEAR,no,N,,,
TK-241703,rules_fallback,PAYMENT_ISSUE,no,,,False,PAYMENT_ISSUE,PAYMENT_ISSUE,no,N,,,
TK-241705,rules_fallback,OTHER_UNCLEAR,no,,,False,,OTHER_UNCLEAR,no,N,,,
TK-241708,rules_fallback,PAYMENT_ISSUE,no,,,False,PAYMENT_ISSUE,PAYMENT_ISSUE,no,N,,,
TK-241711,rules_fallback,OTHER_UNCLEAR,no,,,False,,OTHER_UNCLEAR,no,N,,,
TK-241714,rules_fallback,CANCELLATION,no,,,False,CANCELLATION,CANCELLATION,no,N,,,
TK-241721,rules_fallback,CANCELLATION,no,,,False,CANCELLATION,CANCELLATION,no,N,,,
TK-241723,rules_fallback,PRICE_COUPON,no,,,False,PRICE_COUPON,PRICE_COUPON,no,N,,,
TK-241724,rules_fallback,RETURN_PICKUP_QC,no,,,False,RETURN_PICKUP_QC,RETURN_PICKUP_QC,no,N,,,
TK-241726,rules_fallback,RETURN_PICKUP_QC,no,,,False,RETURN_PICKUP_QC,RETURN_PICKUP_QC,no,N,,,
TK-241735,rules_fallback,OTHER_UNCLEAR,no,,,False,,OTHER_UNCLEAR,no,N,,,
TK-241749,rules_fallback,OTHER_UNCLEAR,no,,,False,,OTHER_UNCLEAR,no,N,,,
TK-241755,rules_fallback,OTHER_UNCLEAR,yes,,,False,,OTHER_UNCLEAR,yes,N,,,
TK-241768,rules_fallback,OTHER_UNCLEAR,no,,,False,,OTHER_UNCLEAR,no,N,,,
TK-241775,rules_fallback,OTHER_UNCLEAR,no,,,False,,OTHER_UNCLEAR,no,N,,,
TK-241779,rules_fallback,RETURN_PICKUP_QC,no,,,False,RETURN_PICKUP_QC,RETURN_PICKUP_QC,no,N,,,
TK-241786,rules_fallback,PAYMENT_ISSUE,no,,,False,PAYMENT_ISSUE,PAYMENT_ISSUE,no,N,,,
TK-241788,rules_fallback,OTHER_UNCLEAR,yes,,,False,,OTHER_UNCLEAR,yes,N,,,
TK-241789,rules_fallback,CANCELLATION,no,,,False,CANCELLATION,CANCELLATION,no,N,,,
TK-241790,rules_fallback,PRICE_COUPON,no,,,False,PRICE_COUPON,PRICE_COUPON,no,N,,,
TK-241796,rules_fallback,OTHER_UNCLEAR,no,,,False,,OTHER_UNCLEAR,no,N,,,
TK-241800,rules_fallback,WARRANTY_BUYBACK,no,,,False,WARRANTY_BUYBACK,WARRANTY_BUYBACK,no,N,,,
TK-241806,rules_fallback,PRODUCT_DEFECT,yes,,,False,PRODUCT_DEFECT,PRODUCT_DEFECT,yes,Y,,,
TK-241819,rules_fallback,RETURN_PICKUP_QC,no,,,False,RETURN_PICKUP_QC,RETURN_PICKUP_QC,no,N,,,
TK-241823,rules_fallback,RETURN_PICKUP_QC,no,,,False,RETURN_PICKUP_QC,RETURN_PICKUP_QC,no,N,,,
TK-241826,rules_fallback,OTHER_UNCLEAR,no,,,False,,OTHER_UNCLEAR,no,N,,,
TK-241832,rules_fallback,OTHER_UNCLEAR,no,,,False,,OTHER_UNCLEAR,no,N,,,
TK-241845,rules_fallback,OTHER_UNCLEAR,no,,,False,,OTHER_UNCLEAR,no,N,,,
TK-241851,rules_fallback,OTHER_UNCLEAR,yes,,,False,,OTHER_UNCLEAR,yes,N,,,
TK-241857,rules_fallback,OTHER_UNCLEAR,no,,,False,,OTHER_UNCLEAR,no,N,,,
TK-241863,rules_fallback,OTHER_UNCLEAR,no,,,False,,OTHER_UNCLEAR,no,N,,,
TK-241868,rules_fallback,PAYMENT_ISSUE,no,,,False,PAYMENT_ISSUE,PAYMENT_ISSUE,no,N,,,
TK-241869,rules_fallback,PAYMENT_ISSUE,no,,,False,PAYMENT_ISSUE,PAYMENT_ISSUE,no,N,,,
TK-241872,rules_fallback,RETURN_PICKUP_QC,no,,,False,RETURN_PICKUP_QC,RETURN_PICKUP_QC,no,N,,,
TK-241876,rules_fallback,OTHER_UNCLEAR,no,,,False,,OTHER_UNCLEAR,no,N,,,
TK-241881,rules_fallback,OTHER_UNCLEAR,no,,,False,,OTHER_UNCLEAR,no,N,,,
TK-241883,rules_fallback,OTHER_UNCLEAR,no,,,False,,OTHER_UNCLEAR,no,N,,,
TK-241885,rules_fallback,PAYMENT_ISSUE,no,,,False,PAYMENT_ISSUE,PAYMENT_ISSUE,no,N,,,
TK-241897,rules_fallback,OTHER_UNCLEAR,yes,,,False,,OTHER_UNCLEAR,yes,Y,,,
TK-241903,rules_fallback,PRICE_COUPON,no,,,False,PRICE_COUPON,PRICE_COUPON,no,N,,,
TK-241904,rules_fallback,PRODUCT_DEFECT,no,,,False,PRODUCT_DEFECT,PRODUCT_DEFECT,no,N,,,
TK-241920,rules_fallback,OTHER_UNCLEAR,no,,,False,,OTHER_UNCLEAR,no,N,,,
TK-241927,rules_fallback,OTHER_UNCLEAR,no,,,False,,OTHER_UNCLEAR,no,N,,,
TK-241932,rules_fallback,OTHER_UNCLEAR,no,,,False,,OTHER_UNCLEAR,no,N,,,
TK-241934,rules_fallback,OTHER_UNCLEAR,no,,,False,,OTHER_UNCLEAR,no,N,,,
TK-241935,rules_fallback,CANCELLATION,no,,,False,CANCELLATION,CANCELLATION,no,N,,,
TK-241939,rules_fallback,PAYMENT_ISSUE,no,,,False,PAYMENT_ISSUE,PAYMENT_ISSUE,no,N,,,
TK-241942,rules_fallback,OTHER_UNCLEAR,no,,,False,,OTHER_UNCLEAR,no,N,,,
TK-241943,rules_fallback,OTHER_UNCLEAR,no,,,False,,OTHER_UNCLEAR,no,N,,,
TK-241945,rules_fallback,CANCELLATION,no,,,False,CANCELLATION,CANCELLATION,no,N,,,
TK-241951,rules_fallback,RETURN_PICKUP_QC,no,,,False,RETURN_PICKUP_QC,RETURN_PICKUP_QC,no,N,,,
TK-241962,rules_fallback,OTHER_UNCLEAR,no,,,False,,OTHER_UNCLEAR,no,N,,,
TK-241993,rules_fallback,OTHER_UNCLEAR,no,,,False,,OTHER_UNCLEAR,no,N,,,
TK-242001,rules_fallback,OTHER_UNCLEAR,no,,,False,,OTHER_UNCLEAR,no,N,,,
TK-242006,rules_fallback,PRICE_COUPON,no,,,False,PRICE_COUPON,PRICE_COUPON,no,N,,,
TK-242013,rules_fallback,RETURN_PICKUP_QC,no,,,False,RETURN_PICKUP_QC,RETURN_PICKUP_QC,no,N,,,
TK-242020,rules_fallback,WARRANTY_BUYBACK,yes,,,False,WARRANTY_BUYBACK,WARRANTY_BUYBACK,yes,Y,,,
TK-242021,rules_fallback,NON_DELIVERY,no,,,False,NON_DELIVERY,NON_DELIVERY,no,N,,,
TK-242025,rules_fallback,OTHER_UNCLEAR,no,,,False,,OTHER_UNCLEAR,no,N,,,
TK-242030,rules_fallback,WARRANTY_BUYBACK,yes,,,False,WARRANTY_BUYBACK,WARRANTY_BUYBACK,yes,Y,,,
TK-242047,rules_fallback,OTHER_UNCLEAR,no,,,False,,OTHER_UNCLEAR,no,N,,,
TK-242050,rules_fallback,PAYMENT_ISSUE,no,,,False,PAYMENT_ISSUE,PAYMENT_ISSUE,no,N,,,
TK-242052,rules_fallback,PRODUCT_DEFECT,yes,,,False,PRODUCT_DEFECT,PRODUCT_DEFECT,yes,N,,,
TK-242055,rules_fallback,OTHER_UNCLEAR,yes,,,False,,OTHER_UNCLEAR,yes,N,,,
TK-242056,rules_fallback,PRICE_COUPON,no,,,False,PRICE_COUPON,PRICE_COUPON,no,N,,,
TK-242061,rules_fallback,RETURN_PICKUP_QC,no,,,False,RETURN_PICKUP_QC,RETURN_PICKUP_QC,no,N,,,
TK-242067,rules_fallback,CANCELLATION,no,,,False,CANCELLATION,CANCELLATION,no,N,,,
TK-242080,rules_fallback,OTHER_UNCLEAR,no,,,False,,OTHER_UNCLEAR,no,N,,,
TK-242100,rules_fallback,OTHER_UNCLEAR,no,,,False,,OTHER_UNCLEAR,no,N,,,
TK-242101,rules_fallback,OTHER_UNCLEAR,no,,,False,,OTHER_UNCLEAR,no,N,,,
TK-242105,rules_fallback,CANCELLATION,no,,,False,CANCELLATION,CANCELLATION,no,N,,,
TK-242112,rules_fallback,OTHER_UNCLEAR,no,,,False,,OTHER_UNCLEAR,no,N,,,
TK-242117,rules_fallback,OTHER_UNCLEAR,no,,,False,,OTHER_UNCLEAR,no,N,,,
TK-242121,rules_fallback,OTHER_UNCLEAR,no,,,False,,OTHER_UNCLEAR,no,N,,,
TK-242127,rules_fallback,RETURN_PICKUP_QC,no,,,False,RETURN_PICKUP_QC,RETURN_PICKUP_QC,no,N,,,
TK-242130,rules_fallback,OTHER_UNCLEAR,no,,,False,,OTHER_UNCLEAR,no,N,,,
TK-242131,rules_fallback,OTHER_UNCLEAR,no,,,False,,OTHER_UNCLEAR,no,N,,,
TK-242134,rules_fallback,CANCELLATION,no,,,False,CANCELLATION,CANCELLATION,no,N,,,
TK-242158,rules_fallback,OTHER_UNCLEAR,yes,,,False,,OTHER_UNCLEAR,yes,Y,,,
TK-242166,rules_fallback,CANCELLATION,no,,,False,CANCELLATION,CANCELLATION,no,N,,,
TK-242168,rules_fallback,RETURN_PICKUP_QC,no,,,False,RETURN_PICKUP_QC,RETURN_PICKUP_QC,no,N,,,
TK-242174,rules_fallback,OTHER_UNCLEAR,no,,,False,,OTHER_UNCLEAR,no,N,,,
TK-242180,rules_fallback,RETURN_PICKUP_QC,no,,,False,RETURN_PICKUP_QC,RETURN_PICKUP_QC,no,N,,,
TK-242182,rules_fallback,RETURN_PICKUP_QC,no,,,False,RETURN_PICKUP_QC,RETURN_PICKUP_QC,no,N,,,
TK-242190,rules_fallback,PAYMENT_ISSUE,no,,,False,PAYMENT_ISSUE,PAYMENT_ISSUE,no,N,,,
TK-242191,rules_fallback,OTHER_UNCLEAR,no,,,False,,OTHER_UNCLEAR,no,N,,,
TK-242210,rules_fallback,CANCELLATION,no,,,False,CANCELLATION,CANCELLATION,no,N,,,
TK-242222,rules_fallback,OTHER_UNCLEAR,no,,,False,,OTHER_UNCLEAR,no,N,,,
TK-242223,rules_fallback,OTHER_UNCLEAR,no,,,False,,OTHER_UNCLEAR,no,N,,,
TK-242232,rules_fallback,WARRANTY_BUYBACK,no,,,False,WARRANTY_BUYBACK,WARRANTY_BUYBACK,no,N,,,
TK-242243,rules_fallback,RETURN_PICKUP_QC,no,,,False,RETURN_PICKUP_QC,RETURN_PICKUP_QC,no,N,,,
TK-242249,rules_fallback,OTHER_UNCLEAR,no,,,False,,OTHER_UNCLEAR,no,N,,,
TK-242251,rules_fallback,OTHER_UNCLEAR,no,,,False,,OTHER_UNCLEAR,no,N,,,
TK-242253,rules_fallback,OTHER_UNCLEAR,yes,,,False,,OTHER_UNCLEAR,yes,N,,,
TK-242254,rules_fallback,PAYMENT_ISSUE,no,,,False,PAYMENT_ISSUE,PAYMENT_ISSUE,no,N,,,
TK-242266,rules_fallback,OTHER_UNCLEAR,no,,,False,,OTHER_UNCLEAR,no,N,,,
TK-242270,rules_fallback,OTHER_UNCLEAR,no,,,False,,OTHER_UNCLEAR,no,N,,,
TK-242277,rules_fallback,OTHER_UNCLEAR,no,,,False,,OTHER_UNCLEAR,no,N,,,
TK-242280,rules_fallback,RETURN_PICKUP_QC,no,,,False,RETURN_PICKUP_QC,RETURN_PICKUP_QC,no,N,,,
TK-242298,rules_fallback,RETURN_PICKUP_QC,no,,,False,RETURN_PICKUP_QC,RETURN_PICKUP_QC,no,N,,,
TK-242302,rules_fallback,OTHER_UNCLEAR,no,,,False,,OTHER_UNCLEAR,no,N,,,
TK-242307,rules_fallback,RETURN_PICKUP_QC,no,,,False,RETURN_PICKUP_QC,RETURN_PICKUP_QC,no,N,,,
TK-242308,rules_fallback,RETURN_PICKUP_QC,no,,,False,RETURN_PICKUP_QC,RETURN_PICKUP_QC,no,N,,,
TK-242310,rules_fallback,OTHER_UNCLEAR,no,,,False,,OTHER_UNCLEAR,no,N,,,
TK-242313,rules_fallback,PRICE_COUPON,no,,,False,PRICE_COUPON,PRICE_COUPON,no,N,,,
TK-242321,rules_fallback,WARRANTY_BUYBACK,yes,,,False,WARRANTY_BUYBACK,WARRANTY_BUYBACK,yes,Y,,,
TK-242322,rules_fallback,CANCELLATION,no,,,False,CANCELLATION,CANCELLATION,no,N,,,
TK-242332,rules_fallback,OTHER_UNCLEAR,yes,,,False,,OTHER_UNCLEAR,yes,Y,,,
TK-242356,rules_fallback,OTHER_UNCLEAR,no,,,False,,OTHER_UNCLEAR,no,N,,,
TK-242358,rules_fallback,OTHER_UNCLEAR,no,,,False,,OTHER_UNCLEAR,no,N,,,
TK-242360,rules_fallback,PAYMENT_ISSUE,no,,,False,PAYMENT_ISSUE,PAYMENT_ISSUE,no,N,,,
TK-242362,rules_fallback,CANCELLATION,no,,,False,CANCELLATION,CANCELLATION,no,N,,,
TK-242364,rules_fallback,PRICE_COUPON,no,,,False,PRICE_COUPON,PRICE_COUPON,no,N,,,
TK-242380,rules_fallback,OTHER_UNCLEAR,no,,,False,,OTHER_UNCLEAR,no,N,,,
TK-242382,rules_fallback,RETURN_PICKUP_QC,no,,,False,RETURN_PICKUP_QC,RETURN_PICKUP_QC,no,N,,,
TK-242403,rules_fallback,RETURN_PICKUP_QC,no,,,False,RETURN_PICKUP_QC,RETURN_PICKUP_QC,no,N,,,
TK-242405,rules_fallback,PRODUCT_DEFECT,no,,,False,PRODUCT_DEFECT,PRODUCT_DEFECT,no,N,,,
TK-242411,rules_fallback,PRICE_COUPON,no,,,False,PRICE_COUPON,PRICE_COUPON,no,N,,,
TK-242418,rules_fallback,OTHER_UNCLEAR,no,,,False,,OTHER_UNCLEAR,no,N,,,
TK-242429,rules_fallback,CANCELLATION,no,,,False,CANCELLATION,CANCELLATION,no,N,,,
TK-242437,rules_fallback,PAYMENT_ISSUE,no,,,False,PAYMENT_ISSUE,PAYMENT_ISSUE,no,N,,,
TK-242439,rules_fallback,WARRANTY_BUYBACK,yes,,,False,WARRANTY_BUYBACK,WARRANTY_BUYBACK,yes,N,,,
TK-242440,rules_fallback,RETURN_PICKUP_QC,no,,,False,RETURN_PICKUP_QC,RETURN_PICKUP_QC,no,N,,,
TK-242441,rules_fallback,WARRANTY_BUYBACK,yes,,,False,WARRANTY_BUYBACK,WARRANTY_BUYBACK,yes,N,,,
TK-242450,rules_fallback,PAYMENT_ISSUE,no,,,False,PAYMENT_ISSUE,PAYMENT_ISSUE,no,N,,,
TK-242471,rules_fallback,PRICE_COUPON,no,,,False,PRICE_COUPON,PRICE_COUPON,no,N,,,
TK-242500,rules_fallback,RETURN_PICKUP_QC,no,,,False,RETURN_PICKUP_QC,RETURN_PICKUP_QC,no,N,,,
TK-242509,rules_fallback,CANCELLATION,no,,,False,CANCELLATION,CANCELLATION,no,N,,,
TK-242510,rules_fallback,OTHER_UNCLEAR,no,,,False,,OTHER_UNCLEAR,no,N,,,
TK-242512,rules_fallback,WARRANTY_BUYBACK,yes,,,False,WARRANTY_BUYBACK,WARRANTY_BUYBACK,yes,N,,,
TK-242519,rules_fallback,OTHER_UNCLEAR,no,,,False,,OTHER_UNCLEAR,no,N,,,
TK-242520,rules_fallback,OTHER_UNCLEAR,no,,,False,,OTHER_UNCLEAR,no,N,,,
TK-242521,rules_fallback,RETURN_PICKUP_QC,no,,,False,RETURN_PICKUP_QC,RETURN_PICKUP_QC,no,N,,,
TK-242522,rules_fallback,RETURN_PICKUP_QC,no,,,False,RETURN_PICKUP_QC,RETURN_PICKUP_QC,no,N,,,
TK-242528,rules_fallback,RETURN_PICKUP_QC,no,,,False,RETURN_PICKUP_QC,RETURN_PICKUP_QC,no,N,,,
TK-242534,rules_fallback,WARRANTY_BUYBACK,yes,,,False,WARRANTY_BUYBACK,WARRANTY_BUYBACK,yes,Y,,,
TK-242535,rules_fallback,PAYMENT_ISSUE,no,,,False,PAYMENT_ISSUE,PAYMENT_ISSUE,no,N,,,
TK-242538,rules_fallback,RETURN_PICKUP_QC,no,,,False,RETURN_PICKUP_QC,RETURN_PICKUP_QC,no,N,,,
TK-242544,rules_fallback,OTHER_UNCLEAR,no,,,False,,OTHER_UNCLEAR,no,N,,,
TK-242555,rules_fallback,CANCELLATION,no,,,False,CANCELLATION,CANCELLATION,no,N,,,
TK-242558,rules_fallback,PAYMENT_ISSUE,no,,,False,PAYMENT_ISSUE,PAYMENT_ISSUE,no,N,,,
TK-242568,rules_fallback,PAYMENT_ISSUE,no,,,False,PAYMENT_ISSUE,PAYMENT_ISSUE,no,N,,,
TK-242590,rules_fallback,OTHER_UNCLEAR,no,,,False,,OTHER_UNCLEAR,no,N,,,
TK-242592,rules_fallback,WARRANTY_BUYBACK,yes,,,False,WARRANTY_BUYBACK,WARRANTY_BUYBACK,yes,N,,,
TK-242594,rules_fallback,PAYMENT_ISSUE,no,,,False,PAYMENT_ISSUE,PAYMENT_ISSUE,no,N,,,
TK-242598,rules_fallback,WARRANTY_BUYBACK,yes,,,False,WARRANTY_BUYBACK,WARRANTY_BUYBACK,yes,N,,,
TK-242614,rules_fallback,PRODUCT_DEFECT,yes,,,False,PRODUCT_DEFECT,PRODUCT_DEFECT,yes,N,,,
TK-242615,rules_fallback,PRODUCT_DEFECT,no,,,False,PRODUCT_DEFECT,PRODUCT_DEFECT,no,N,,,
TK-242621,rules_fallback,OTHER_UNCLEAR,no,,,False,,OTHER_UNCLEAR,no,N,,,
TK-242623,rules_fallback,RETURN_PICKUP_QC,no,,,False,RETURN_PICKUP_QC,RETURN_PICKUP_QC,no,N,,,
TK-242639,rules_fallback,RETURN_PICKUP_QC,no,,,False,RETURN_PICKUP_QC,RETURN_PICKUP_QC,no,N,,,
TK-242643,rules_fallback,RETURN_PICKUP_QC,no,,,False,RETURN_PICKUP_QC,RETURN_PICKUP_QC,no,N,,,
TK-242646,rules_fallback,WARRANTY_BUYBACK,yes,,,False,WARRANTY_BUYBACK,WARRANTY_BUYBACK,yes,N,,,
TK-242647,rules_fallback,PAYMENT_ISSUE,no,,,False,PAYMENT_ISSUE,PAYMENT_ISSUE,no,N,,,
TK-242648,rules_fallback,OTHER_UNCLEAR,no,,,False,,OTHER_UNCLEAR,no,N,,,
TK-242658,rules_fallback,RETURN_PICKUP_QC,yes,,,False,RETURN_PICKUP_QC,RETURN_PICKUP_QC,yes,N,,,
TK-242662,rules_fallback,PRODUCT_DEFECT,no,,,False,PRODUCT_DEFECT,PRODUCT_DEFECT,no,N,,,
TK-242665,rules_fallback,PAYMENT_ISSUE,no,,,False,PAYMENT_ISSUE,PAYMENT_ISSUE,no,N,,,
TK-242666,rules_fallback,OTHER_UNCLEAR,yes,,,False,,OTHER_UNCLEAR,yes,N,,,
TK-242670,rules_fallback,OTHER_UNCLEAR,yes,,,False,,OTHER_UNCLEAR,yes,N,,,
TK-242674,rules_fallback,RETURN_PICKUP_QC,no,,,False,RETURN_PICKUP_QC,RETURN_PICKUP_QC,no,N,,,
TK-242680,rules_fallback,OTHER_UNCLEAR,no,,,False,,OTHER_UNCLEAR,no,N,,,
TK-242686,rules_fallback,OTHER_UNCLEAR,no,,,False,,OTHER_UNCLEAR,no,N,,,
TK-242693,rules_fallback,PRODUCT_DEFECT,yes,,,False,PRODUCT_DEFECT,PRODUCT_DEFECT,yes,N,,,
TK-242698,rules_fallback,PRICE_COUPON,no,,,False,PRICE_COUPON,PRICE_COUPON,no,N,,,
TK-242715,rules_fallback,OTHER_UNCLEAR,no,,,False,,OTHER_UNCLEAR,no,N,,,
TK-242730,rules_fallback,OTHER_UNCLEAR,no,,,False,,OTHER_UNCLEAR,no,N,,,
TK-242736,rules_fallback,OTHER_UNCLEAR,no,,,False,,OTHER_UNCLEAR,no,N,,,
TK-242747,rules_fallback,PAYMENT_ISSUE,no,,,False,PAYMENT_ISSUE,PAYMENT_ISSUE,no,N,,,
TK-242752,rules_fallback,OTHER_UNCLEAR,no,,,False,,OTHER_UNCLEAR,no,N,,,
TK-242771,rules_fallback,OTHER_UNCLEAR,yes,,,False,,OTHER_UNCLEAR,yes,Y,,,
TK-242778,rules_fallback,OTHER_UNCLEAR,no,,,False,,OTHER_UNCLEAR,no,N,,,
TK-242786,rules_fallback,OTHER_UNCLEAR,no,,,False,,OTHER_UNCLEAR,no,N,,,
TK-242790,rules_fallback,RETURN_PICKUP_QC,no,,,False,RETURN_PICKUP_QC,RETURN_PICKUP_QC,no,N,,,
TK-242794,rules_fallback,RETURN_PICKUP_QC,no,,,False,RETURN_PICKUP_QC,RETURN_PICKUP_QC,no,N,,,
TK-242795,rules_fallback,CANCELLATION,no,,,False,CANCELLATION,CANCELLATION,no,N,,,
TK-242799,rules_fallback,OTHER_UNCLEAR,no,,,False,,OTHER_UNCLEAR,no,N,,,
TK-242826,rules_fallback,PAYMENT_ISSUE,no,,,False,PAYMENT_ISSUE,PAYMENT_ISSUE,no,N,,,
TK-242828,rules_fallback,PAYMENT_ISSUE,no,,,False,PAYMENT_ISSUE,PAYMENT_ISSUE,no,N,,,
TK-242830,rules_fallback,PRODUCT_DEFECT,yes,,,False,PRODUCT_DEFECT,PRODUCT_DEFECT,yes,N,,,
TK-242835,rules_fallback,PRICE_COUPON,no,,,False,PRICE_COUPON,PRICE_COUPON,no,N,,,
TK-242841,rules_fallback,NON_DELIVERY,no,,,False,NON_DELIVERY,NON_DELIVERY,no,N,,,
TK-242842,rules_fallback,RETURN_PICKUP_QC,no,,,False,RETURN_PICKUP_QC,RETURN_PICKUP_QC,no,N,,,
TK-242848,rules_fallback,PRODUCT_DEFECT,yes,,,False,PRODUCT_DEFECT,PRODUCT_DEFECT,yes,N,,,
TK-242870,rules_fallback,RETURN_PICKUP_QC,no,,,False,RETURN_PICKUP_QC,RETURN_PICKUP_QC,no,N,,,
TK-242872,rules_fallback,PRICE_COUPON,no,,,False,PRICE_COUPON,PRICE_COUPON,no,N,,,
TK-242876,rules_fallback,PAYMENT_ISSUE,no,,,False,PAYMENT_ISSUE,PAYMENT_ISSUE,no,N,,,
TK-242877,rules_fallback,OTHER_UNCLEAR,no,,,False,,OTHER_UNCLEAR,no,N,,,
TK-242878,rules_fallback,PAYMENT_ISSUE,no,,,False,PAYMENT_ISSUE,PAYMENT_ISSUE,no,N,,,
TK-242887,rules_fallback,CANCELLATION,no,,,False,CANCELLATION,CANCELLATION,no,N,,,
TK-242897,rules_fallback,PAYMENT_ISSUE,no,,,False,PAYMENT_ISSUE,PAYMENT_ISSUE,no,N,,,
TK-242906,rules_fallback,OTHER_UNCLEAR,no,,,False,,OTHER_UNCLEAR,no,N,,,
TK-242928,rules_fallback,PAYMENT_ISSUE,no,,,False,PAYMENT_ISSUE,PAYMENT_ISSUE,no,N,,,
TK-242930,rules_fallback,RETURN_PICKUP_QC,no,,,False,RETURN_PICKUP_QC,RETURN_PICKUP_QC,no,N,,,
TK-242935,rules_fallback,CANCELLATION,no,,,False,CANCELLATION,CANCELLATION,no,N,,,
TK-242937,rules_fallback,RETURN_PICKUP_QC,no,,,False,RETURN_PICKUP_QC,RETURN_PICKUP_QC,no,N,,,
TK-242944,rules_fallback,PAYMENT_ISSUE,no,,,False,PAYMENT_ISSUE,PAYMENT_ISSUE,no,N,,,
TK-242950,rules_fallback,CANCELLATION,no,,,False,CANCELLATION,CANCELLATION,no,N,,,
TK-242957,rules_fallback,OTHER_UNCLEAR,no,,,False,,OTHER_UNCLEAR,no,N,,,
TK-242963,rules_fallback,OTHER_UNCLEAR,no,,,False,,OTHER_UNCLEAR,no,N,,,
TK-242965,rules_fallback,OTHER_UNCLEAR,no,,,False,,OTHER_UNCLEAR,no,N,,,
TK-242973,rules_fallback,OTHER_UNCLEAR,no,,,False,,OTHER_UNCLEAR,no,N,,,
TK-242985,rules_fallback,OTHER_UNCLEAR,yes,,,False,,OTHER_UNCLEAR,yes,Y,,,
TK-242987,rules_fallback,OTHER_UNCLEAR,no,,,False,,OTHER_UNCLEAR,no,N,,,
TK-242991,rules_fallback,OTHER_UNCLEAR,no,,,False,,OTHER_UNCLEAR,no,N,,,
TK-242993,rules_fallback,PAYMENT_ISSUE,no,,,False,PAYMENT_ISSUE,PAYMENT_ISSUE,no,N,,,
TK-242996,rules_fallback,RETURN_PICKUP_QC,no,,,False,RETURN_PICKUP_QC,RETURN_PICKUP_QC,no,N,,,
TK-243009,rules_fallback,CANCELLATION,no,,,False,CANCELLATION,CANCELLATION,no,N,,,
TK-243010,rules_fallback,CANCELLATION,no,,,False,CANCELLATION,CANCELLATION,no,N,,,
TK-243019,rules_fallback,RETURN_PICKUP_QC,no,,,False,RETURN_PICKUP_QC,RETURN_PICKUP_QC,no,N,,,
TK-243037,rules_fallback,OTHER_UNCLEAR,no,,,False,,OTHER_UNCLEAR,no,N,,,
TK-243045,rules_fallback,PAYMENT_ISSUE,no,,,False,PAYMENT_ISSUE,PAYMENT_ISSUE,no,N,,,
TK-243051,rules_fallback,PRICE_COUPON,no,,,False,PRICE_COUPON,PRICE_COUPON,no,N,,,
TK-243054,rules_fallback,PRODUCT_DEFECT,no,,,False,PRODUCT_DEFECT,PRODUCT_DEFECT,no,N,,,
TK-243064,rules_fallback,RETURN_PICKUP_QC,no,,,False,RETURN_PICKUP_QC,RETURN_PICKUP_QC,no,N,,,
TK-243070,rules_fallback,PAYMENT_ISSUE,no,,,False,PAYMENT_ISSUE,PAYMENT_ISSUE,no,N,,,
TK-243071,rules_fallback,OTHER_UNCLEAR,no,,,False,,OTHER_UNCLEAR,no,N,,,
TK-243075,rules_fallback,WARRANTY_BUYBACK,no,,,False,WARRANTY_BUYBACK,WARRANTY_BUYBACK,no,N,,,
TK-243079,rules_fallback,NON_DELIVERY,no,,,False,NON_DELIVERY,NON_DELIVERY,no,N,,,
TK-243080,rules_fallback,CANCELLATION,no,,,False,CANCELLATION,CANCELLATION,no,N,,,
TK-243085,rules_fallback,WARRANTY_BUYBACK,yes,,,False,WARRANTY_BUYBACK,WARRANTY_BUYBACK,yes,Y,,,
TK-243086,rules_fallback,OTHER_UNCLEAR,no,,,False,,OTHER_UNCLEAR,no,N,,,
TK-243096,rules_fallback,CANCELLATION,no,,,False,CANCELLATION,CANCELLATION,no,N,,,
TK-243097,rules_fallback,OTHER_UNCLEAR,no,,,False,,OTHER_UNCLEAR,no,N,,,
TK-243098,rules_fallback,OTHER_UNCLEAR,yes,,,False,,OTHER_UNCLEAR,yes,Y,,,
TK-243119,rules_fallback,PAYMENT_ISSUE,no,,,False,PAYMENT_ISSUE,PAYMENT_ISSUE,no,N,,,
TK-243130,rules_fallback,RETURN_PICKUP_QC,no,,,False,RETURN_PICKUP_QC,RETURN_PICKUP_QC,no,N,,,
TK-243141,rules_fallback,OTHER_UNCLEAR,no,,,False,,OTHER_UNCLEAR,no,N,,,
TK-243154,rules_fallback,OTHER_UNCLEAR,yes,,,False,,OTHER_UNCLEAR,yes,N,,,
TK-243157,rules_fallback,OTHER_UNCLEAR,no,,,False,,OTHER_UNCLEAR,no,N,,,
TK-243163,rules_fallback,NON_DELIVERY,yes,,,False,NON_DELIVERY,NON_DELIVERY,yes,N,,,
TK-243166,rules_fallback,PAYMENT_ISSUE,no,,,False,PAYMENT_ISSUE,PAYMENT_ISSUE,no,N,,,
TK-243169,rules_fallback,CANCELLATION,no,,,False,CANCELLATION,CANCELLATION,no,N,,,
TK-243185,rules_fallback,OTHER_UNCLEAR,no,,,False,,OTHER_UNCLEAR,no,N,,,
TK-243188,rules_fallback,RETURN_PICKUP_QC,no,,,False,RETURN_PICKUP_QC,RETURN_PICKUP_QC,no,N,,,
TK-243207,rules_fallback,OTHER_UNCLEAR,no,,,False,,OTHER_UNCLEAR,no,N,,,
TK-243210,rules_fallback,OTHER_UNCLEAR,yes,,,False,,OTHER_UNCLEAR,yes,Y,,,
TK-243212,rules_fallback,OTHER_UNCLEAR,yes,,,False,,OTHER_UNCLEAR,yes,N,,,
TK-243215,rules_fallback,OTHER_UNCLEAR,no,,,False,,OTHER_UNCLEAR,no,N,,,
TK-243220,rules_fallback,RETURN_PICKUP_QC,no,,,False,RETURN_PICKUP_QC,RETURN_PICKUP_QC,no,N,,,
TK-243224,rules_fallback,OTHER_UNCLEAR,no,,,False,,OTHER_UNCLEAR,no,N,,,
TK-243234,rules_fallback,PAYMENT_ISSUE,no,,,False,PAYMENT_ISSUE,PAYMENT_ISSUE,no,N,,,
TK-243238,rules_fallback,PAYMENT_ISSUE,no,,,False,PAYMENT_ISSUE,PAYMENT_ISSUE,no,N,,,
TK-243247,rules_fallback,PAYMENT_ISSUE,no,,,False,PAYMENT_ISSUE,PAYMENT_ISSUE,no,N,,,
TK-243253,rules_fallback,CANCELLATION,no,,,False,CANCELLATION,CANCELLATION,no,N,,,
TK-243262,rules_fallback,CANCELLATION,no,,,False,CANCELLATION,CANCELLATION,no,N,,,
TK-243268,rules_fallback,RETURN_PICKUP_QC,no,,,False,RETURN_PICKUP_QC,RETURN_PICKUP_QC,no,N,,,
TK-243270,rules_fallback,CANCELLATION,no,,,False,CANCELLATION,CANCELLATION,no,N,,,
TK-243273,rules_fallback,OTHER_UNCLEAR,no,,,False,,OTHER_UNCLEAR,no,N,,,
TK-243279,rules_fallback,RETURN_PICKUP_QC,no,,,False,RETURN_PICKUP_QC,RETURN_PICKUP_QC,no,N,,,
TK-243284,rules_fallback,RETURN_PICKUP_QC,no,,,False,RETURN_PICKUP_QC,RETURN_PICKUP_QC,no,N,,,
TK-243286,rules_fallback,OTHER_UNCLEAR,no,,,False,,OTHER_UNCLEAR,no,N,,,
TK-243292,rules_fallback,RETURN_PICKUP_QC,no,,,False,RETURN_PICKUP_QC,RETURN_PICKUP_QC,no,N,,,
TK-243305,rules_fallback,OTHER_UNCLEAR,yes,,,False,,OTHER_UNCLEAR,yes,N,,,
TK-243324,rules_fallback,PAYMENT_ISSUE,no,,,False,PAYMENT_ISSUE,PAYMENT_ISSUE,no,N,,,
TK-243329,rules_fallback,OTHER_UNCLEAR,no,,,False,,OTHER_UNCLEAR,no,N,,,
TK-243337,rules_fallback,OTHER_UNCLEAR,no,,,False,,OTHER_UNCLEAR,no,N,,,
TK-243338,rules_fallback,RETURN_PICKUP_QC,no,,,False,RETURN_PICKUP_QC,RETURN_PICKUP_QC,no,N,,,
TK-243341,rules_fallback,OTHER_UNCLEAR,yes,,,False,,OTHER_UNCLEAR,yes,N,,,
TK-243343,rules_fallback,PAYMENT_ISSUE,no,,,False,PAYMENT_ISSUE,PAYMENT_ISSUE,no,N,,,
TK-243357,rules_fallback,OTHER_UNCLEAR,no,,,False,,OTHER_UNCLEAR,no,N,,,
TK-243366,rules_fallback,WARRANTY_BUYBACK,yes,,,False,WARRANTY_BUYBACK,WARRANTY_BUYBACK,yes,Y,,,
TK-243374,rules_fallback,CANCELLATION,no,,,False,CANCELLATION,CANCELLATION,no,N,,,
TK-243380,rules_fallback,PAYMENT_ISSUE,no,,,False,PAYMENT_ISSUE,PAYMENT_ISSUE,no,N,,,
TK-243385,rules_fallback,CANCELLATION,no,,,False,CANCELLATION,CANCELLATION,no,N,,,
TK-243391,rules_fallback,RETURN_PICKUP_QC,no,,,False,RETURN_PICKUP_QC,RETURN_PICKUP_QC,no,N,,,
TK-243392,rules_fallback,OTHER_UNCLEAR,no,,,False,,OTHER_UNCLEAR,no,N,,,
TK-243394,rules_fallback,CANCELLATION,no,,,False,CANCELLATION,CANCELLATION,no,N,,,
TK-243395,rules_fallback,OTHER_UNCLEAR,yes,,,False,,OTHER_UNCLEAR,yes,N,,,
TK-243401,rules_fallback,OTHER_UNCLEAR,no,,,False,,OTHER_UNCLEAR,no,N,,,
TK-243402,rules_fallback,OTHER_UNCLEAR,yes,,,False,,OTHER_UNCLEAR,yes,Y,,,
TK-243408,rules_fallback,OTHER_UNCLEAR,yes,,,False,,OTHER_UNCLEAR,yes,N,,,
TK-243414,rules_fallback,PRODUCT_DEFECT,no,,,False,PRODUCT_DEFECT,PRODUCT_DEFECT,no,N,,,
TK-243417,rules_fallback,CANCELLATION,no,,,False,CANCELLATION,CANCELLATION,no,N,,,
TK-243419,rules_fallback,PRODUCT_DEFECT,no,,,False,PRODUCT_DEFECT,PRODUCT_DEFECT,no,N,,,
TK-243424,rules_fallback,CANCELLATION,no,,,False,CANCELLATION,CANCELLATION,no,N,,,
TK-243425,rules_fallback,PRICE_COUPON,no,,,False,PRICE_COUPON,PRICE_COUPON,no,N,,,
TK-243434,rules_fallback,PAYMENT_ISSUE,no,,,False,PAYMENT_ISSUE,PAYMENT_ISSUE,no,N,,,
TK-243441,rules_fallback,PAYMENT_ISSUE,no,,,False,PAYMENT_ISSUE,PAYMENT_ISSUE,no,N,,,
TK-243449,rules_fallback,RETURN_PICKUP_QC,no,,,False,RETURN_PICKUP_QC,RETURN_PICKUP_QC,no,N,,,
TK-243451,rules_fallback,CANCELLATION,no,,,False,CANCELLATION,CANCELLATION,no,N,,,
TK-243461,rules_fallback,OTHER_UNCLEAR,yes,,,False,,OTHER_UNCLEAR,yes,N,,,
TK-243465,rules_fallback,PAYMENT_ISSUE,no,,,False,PAYMENT_ISSUE,PAYMENT_ISSUE,no,N,,,
TK-243479,rules_fallback,CANCELLATION,no,,,False,CANCELLATION,CANCELLATION,no,N,,,
TK-243482,rules_fallback,RETURN_PICKUP_QC,no,,,False,RETURN_PICKUP_QC,RETURN_PICKUP_QC,no,N,,,
TK-243486,rules_fallback,OTHER_UNCLEAR,no,,,False,,OTHER_UNCLEAR,no,N,,,
TK-243490,rules_fallback,OTHER_UNCLEAR,no,,,False,,OTHER_UNCLEAR,no,N,,,
TK-243492,rules_fallback,OTHER_UNCLEAR,yes,,,False,,OTHER_UNCLEAR,yes,N,,,
TK-243496,rules_fallback,OTHER_UNCLEAR,no,,,False,,OTHER_UNCLEAR,no,N,,,
TK-243501,rules_fallback,OTHER_UNCLEAR,yes,,,False,,OTHER_UNCLEAR,yes,N,,,
TK-243514,rules_fallback,OTHER_UNCLEAR,no,,,False,,OTHER_UNCLEAR,no,N,,,
TK-243522,rules_fallback,WARRANTY_BUYBACK,yes,,,False,WARRANTY_BUYBACK,WARRANTY_BUYBACK,yes,N,,,
TK-243531,rules_fallback,RETURN_PICKUP_QC,no,,,False,RETURN_PICKUP_QC,RETURN_PICKUP_QC,no,N,,,
TK-243538,rules_fallback,PAYMENT_ISSUE,no,,,False,PAYMENT_ISSUE,PAYMENT_ISSUE,no,N,,,
TK-243542,rules_fallback,OTHER_UNCLEAR,no,,,False,,OTHER_UNCLEAR,no,N,,,
TK-243544,rules_fallback,RETURN_PICKUP_QC,no,,,False,RETURN_PICKUP_QC,RETURN_PICKUP_QC,no,N,,,
TK-243549,rules_fallback,PRICE_COUPON,no,,,False,PRICE_COUPON,PRICE_COUPON,no,N,,,
TK-243552,rules_fallback,RETURN_PICKUP_QC,no,,,False,RETURN_PICKUP_QC,RETURN_PICKUP_QC,no,N,,,
TK-243553,rules_fallback,PRODUCT_DEFECT,no,,,False,PRODUCT_DEFECT,PRODUCT_DEFECT,no,N,,,
TK-243554,rules_fallback,OTHER_UNCLEAR,no,,,False,,OTHER_UNCLEAR,no,N,,,
TK-243565,rules_fallback,OTHER_UNCLEAR,no,,,False,,OTHER_UNCLEAR,no,N,,,
TK-243574,rules_fallback,PRICE_COUPON,no,,,False,PRICE_COUPON,PRICE_COUPON,no,N,,,
TK-243578,rules_fallback,NON_DELIVERY,no,,,False,NON_DELIVERY,NON_DELIVERY,no,N,,,
TK-243586,rules_fallback,OTHER_UNCLEAR,no,,,False,,OTHER_UNCLEAR,no,N,,,
TK-243592,rules_fallback,OTHER_UNCLEAR,no,,,False,,OTHER_UNCLEAR,no,N,,,
TK-243594,rules_fallback,PRICE_COUPON,no,,,False,PRICE_COUPON,PRICE_COUPON,no,N,,,
TK-243600,rules_fallback,OTHER_UNCLEAR,no,,,False,,OTHER_UNCLEAR,no,N,,,
TK-243601,rules_fallback,OTHER_UNCLEAR,no,,,False,,OTHER_UNCLEAR,no,N,,,
TK-243603,rules_fallback,OTHER_UNCLEAR,no,,,False,,OTHER_UNCLEAR,no,N,,,
TK-243615,rules_fallback,PAYMENT_ISSUE,no,,,False,PAYMENT_ISSUE,PAYMENT_ISSUE,no,N,,,
TK-243619,rules_fallback,RETURN_PICKUP_QC,no,,,False,RETURN_PICKUP_QC,RETURN_PICKUP_QC,no,N,,,
TK-243620,rules_fallback,PAYMENT_ISSUE,no,,,False,PAYMENT_ISSUE,PAYMENT_ISSUE,no,N,,,
TK-243626,rules_fallback,NON_DELIVERY,no,,,False,NON_DELIVERY,NON_DELIVERY,no,N,,,
TK-243634,rules_fallback,PAYMENT_ISSUE,no,,,False,PAYMENT_ISSUE,PAYMENT_ISSUE,no,N,,,
TK-243635,rules_fallback,PAYMENT_ISSUE,no,,,False,PAYMENT_ISSUE,PAYMENT_ISSUE,no,N,,,
TK-243645,rules_fallback,CANCELLATION,no,,,False,CANCELLATION,CANCELLATION,no,N,,,
TK-243653,rules_fallback,PRODUCT_DEFECT,no,,,False,PRODUCT_DEFECT,PRODUCT_DEFECT,no,N,,,
TK-243657,rules_fallback,OTHER_UNCLEAR,no,,,False,,OTHER_UNCLEAR,no,N,,,
TK-243659,rules_fallback,OTHER_UNCLEAR,no,,,False,,OTHER_UNCLEAR,no,N,,,
TK-243661,rules_fallback,OTHER_UNCLEAR,no,,,False,,OTHER_UNCLEAR,no,N,,,
TK-243662,rules_fallback,CANCELLATION,no,,,False,CANCELLATION,CANCELLATION,no,N,,,
TK-243667,rules_fallback,CANCELLATION,no,,,False,CANCELLATION,CANCELLATION,no,N,,,
TK-243676,rules_fallback,OTHER_UNCLEAR,yes,,,False,,OTHER_UNCLEAR,yes,N,,,
TK-243681,rules_fallback,OTHER_UNCLEAR,no,,,False,,OTHER_UNCLEAR,no,N,,,
TK-243697,rules_fallback,PRODUCT_DEFECT,no,,,False,PRODUCT_DEFECT,PRODUCT_DEFECT,no,N,,,
TK-243704,rules_fallback,PAYMENT_ISSUE,no,,,False,PAYMENT_ISSUE,PAYMENT_ISSUE,no,N,,,
TK-243707,rules_fallback,PAYMENT_ISSUE,no,,,False,PAYMENT_ISSUE,PAYMENT_ISSUE,no,N,,,
TK-243710,rules_fallback,PRODUCT_DEFECT,yes,,,False,PRODUCT_DEFECT,PRODUCT_DEFECT,yes,Y,,,
TK-243715,rules_fallback,RETURN_PICKUP_QC,no,,,False,RETURN_PICKUP_QC,RETURN_PICKUP_QC,no,N,,,
TK-243716,rules_fallback,RETURN_PICKUP_QC,no,,,False,RETURN_PICKUP_QC,RETURN_PICKUP_QC,no,N,,,
TK-243718,rules_fallback,OTHER_UNCLEAR,no,,,False,,OTHER_UNCLEAR,no,N,,,
TK-243723,rules_fallback,CANCELLATION,no,,,False,CANCELLATION,CANCELLATION,no,N,,,
TK-243724,rules_fallback,NON_DELIVERY,no,,,False,NON_DELIVERY,NON_DELIVERY,no,N,,,
TK-243730,rules_fallback,CANCELLATION,no,,,False,CANCELLATION,CANCELLATION,no,N,,,
TK-243738,rules_fallback,OTHER_UNCLEAR,no,,,False,,OTHER_UNCLEAR,no,N,,,
TK-243765,rules_fallback,RETURN_PICKUP_QC,no,,,False,RETURN_PICKUP_QC,RETURN_PICKUP_QC,no,N,,,
TK-243771,rules_fallback,NON_DELIVERY,no,,,False,NON_DELIVERY,NON_DELIVERY,no,N,,,
TK-243778,rules_fallback,OTHER_UNCLEAR,no,,,False,,OTHER_UNCLEAR,no,N,,,
TK-243781,rules_fallback,CANCELLATION,no,,,False,CANCELLATION,CANCELLATION,no,N,,,
TK-243784,rules_fallback,OTHER_UNCLEAR,no,,,False,,OTHER_UNCLEAR,no,N,,,
TK-243789,rules_fallback,OTHER_UNCLEAR,no,,,False,,OTHER_UNCLEAR,no,N,,,
TK-243792,rules_fallback,OTHER_UNCLEAR,yes,,,False,,OTHER_UNCLEAR,yes,Y,,,
TK-243794,rules_fallback,CANCELLATION,no,,,False,CANCELLATION,CANCELLATION,no,N,,,
TK-243796,rules_fallback,OTHER_UNCLEAR,yes,,,False,,OTHER_UNCLEAR,yes,N,,,
TK-243800,rules_fallback,WARRANTY_BUYBACK,yes,,,False,WARRANTY_BUYBACK,WARRANTY_BUYBACK,yes,Y,,,
TK-243806,rules_fallback,RETURN_PICKUP_QC,no,,,False,RETURN_PICKUP_QC,RETURN_PICKUP_QC,no,N,,,
TK-243814,rules_fallback,OTHER_UNCLEAR,yes,,,False,,OTHER_UNCLEAR,yes,Y,,,
TK-243820,rules_fallback,PAYMENT_ISSUE,no,,,False,PAYMENT_ISSUE,PAYMENT_ISSUE,no,N,,,
TK-243823,rules_fallback,OTHER_UNCLEAR,no,,,False,,OTHER_UNCLEAR,no,N,,,
TK-243824,rules_fallback,NON_DELIVERY,no,,,False,NON_DELIVERY,NON_DELIVERY,no,N,,,
TK-243828,rules_fallback,PAYMENT_ISSUE,no,,,False,PAYMENT_ISSUE,PAYMENT_ISSUE,no,N,,,
TK-243829,rules_fallback,NON_DELIVERY,no,,,False,NON_DELIVERY,NON_DELIVERY,no,N,,,
TK-243834,rules_fallback,OTHER_UNCLEAR,no,,,False,,OTHER_UNCLEAR,no,N,,,
TK-243843,rules_fallback,OTHER_UNCLEAR,no,,,False,,OTHER_UNCLEAR,no,N,,,
TK-243880,rules_fallback,OTHER_UNCLEAR,yes,,,False,,OTHER_UNCLEAR,yes,N,,,
TK-243881,rules_fallback,CANCELLATION,no,,,False,CANCELLATION,CANCELLATION,no,N,,,
TK-243889,rules_fallback,CANCELLATION,no,,,False,CANCELLATION,CANCELLATION,no,N,,,
TK-243895,rules_fallback,OTHER_UNCLEAR,no,,,False,,OTHER_UNCLEAR,no,N,,,
TK-243900,rules_fallback,WARRANTY_BUYBACK,no,,,False,WARRANTY_BUYBACK,WARRANTY_BUYBACK,no,N,,,
TK-243902,rules_fallback,PRICE_COUPON,no,,,False,PRICE_COUPON,PRICE_COUPON,no,N,,,
TK-243905,rules_fallback,OTHER_UNCLEAR,no,,,False,,OTHER_UNCLEAR,no,N,,,
TK-243908,rules_fallback,PAYMENT_ISSUE,no,,,False,PAYMENT_ISSUE,PAYMENT_ISSUE,no,N,,,
TK-243913,rules_fallback,RETURN_PICKUP_QC,no,,,False,RETURN_PICKUP_QC,RETURN_PICKUP_QC,no,N,,,
TK-243914,rules_fallback,CANCELLATION,no,,,False,CANCELLATION,CANCELLATION,no,N,,,
TK-243917,rules_fallback,RETURN_PICKUP_QC,no,,,False,RETURN_PICKUP_QC,RETURN_PICKUP_QC,no,N,,,
TK-243931,rules_fallback,CANCELLATION,no,,,False,CANCELLATION,CANCELLATION,no,N,,,
TK-243932,rules_fallback,PAYMENT_ISSUE,no,,,False,PAYMENT_ISSUE,PAYMENT_ISSUE,no,N,,,
TK-243933,rules_fallback,OTHER_UNCLEAR,no,,,False,,OTHER_UNCLEAR,no,N,,,
TK-243944,rules_fallback,RETURN_PICKUP_QC,no,,,False,RETURN_PICKUP_QC,RETURN_PICKUP_QC,no,N,,,
TK-243946,rules_fallback,PRODUCT_DEFECT,no,,,False,PRODUCT_DEFECT,PRODUCT_DEFECT,no,N,,,
TK-243961,rules_fallback,OTHER_UNCLEAR,yes,,,False,,OTHER_UNCLEAR,yes,Y,,,
TK-243965,rules_fallback,OTHER_UNCLEAR,no,,,False,,OTHER_UNCLEAR,no,N,,,
TK-243973,rules_fallback,PAYMENT_ISSUE,no,,,False,PAYMENT_ISSUE,PAYMENT_ISSUE,no,N,,,
TK-243984,rules_fallback,PAYMENT_ISSUE,no,,,False,PAYMENT_ISSUE,PAYMENT_ISSUE,no,N,,,
TK-243991,rules_fallback,OTHER_UNCLEAR,no,,,False,,OTHER_UNCLEAR,no,N,,,
TK-243993,rules_fallback,PRODUCT_DEFECT,yes,,,False,PRODUCT_DEFECT,PRODUCT_DEFECT,yes,Y,,,
TK-243994,rules_fallback,RETURN_PICKUP_QC,no,,,False,RETURN_PICKUP_QC,RETURN_PICKUP_QC,no,N,,,
TK-244000,rules_fallback,OTHER_UNCLEAR,yes,,,False,,OTHER_UNCLEAR,yes,N,,,
TK-244007,rules_fallback,PRODUCT_DEFECT,no,,,False,PRODUCT_DEFECT,PRODUCT_DEFECT,no,N,,,
TK-244010,rules_fallback,OTHER_UNCLEAR,no,,,False,,OTHER_UNCLEAR,no,N,,,
TK-244018,rules_fallback,OTHER_UNCLEAR,no,,,False,,OTHER_UNCLEAR,no,N,,,
TK-244024,rules_fallback,RETURN_PICKUP_QC,no,,,False,RETURN_PICKUP_QC,RETURN_PICKUP_QC,no,N,,,
TK-244026,rules_fallback,CANCELLATION,no,,,False,CANCELLATION,CANCELLATION,no,N,,,
TK-244029,rules_fallback,OTHER_UNCLEAR,no,,,False,,OTHER_UNCLEAR,no,N,,,
TK-244031,rules_fallback,OTHER_UNCLEAR,no,,,False,,OTHER_UNCLEAR,no,N,,,
TK-244034,rules_fallback,RETURN_PICKUP_QC,no,,,False,RETURN_PICKUP_QC,RETURN_PICKUP_QC,no,N,,,
TK-244040,rules_fallback,OTHER_UNCLEAR,yes,,,False,,OTHER_UNCLEAR,yes,Y,,,
TK-244042,rules_fallback,RETURN_PICKUP_QC,no,,,False,RETURN_PICKUP_QC,RETURN_PICKUP_QC,no,N,,,
TK-244054,rules_fallback,OTHER_UNCLEAR,no,,,False,,OTHER_UNCLEAR,no,N,,,
TK-244074,rules_fallback,PAYMENT_ISSUE,no,,,False,PAYMENT_ISSUE,PAYMENT_ISSUE,no,N,,,
TK-244078,rules_fallback,OTHER_UNCLEAR,no,,,False,,OTHER_UNCLEAR,no,N,,,
TK-244084,rules_fallback,RETURN_PICKUP_QC,no,,,False,RETURN_PICKUP_QC,RETURN_PICKUP_QC,no,N,,,
TK-244086,rules_fallback,PAYMENT_ISSUE,no,,,False,PAYMENT_ISSUE,PAYMENT_ISSUE,no,N,,,
TK-244095,rules_fallback,OTHER_UNCLEAR,yes,,,False,,OTHER_UNCLEAR,yes,N,,,
TK-244097,rules_fallback,RETURN_PICKUP_QC,no,,,False,RETURN_PICKUP_QC,RETURN_PICKUP_QC,no,N,,,
TK-244111,rules_fallback,CANCELLATION,no,,,False,CANCELLATION,CANCELLATION,no,N,,,
TK-244116,rules_fallback,RETURN_PICKUP_QC,no,,,False,RETURN_PICKUP_QC,RETURN_PICKUP_QC,no,N,,,
TK-244125,rules_fallback,PAYMENT_ISSUE,no,,,False,PAYMENT_ISSUE,PAYMENT_ISSUE,no,N,,,
TK-244134,rules_fallback,PAYMENT_ISSUE,no,,,False,PAYMENT_ISSUE,PAYMENT_ISSUE,no,N,,,
TK-244146,rules_fallback,RETURN_PICKUP_QC,no,,,False,RETURN_PICKUP_QC,RETURN_PICKUP_QC,no,N,,,
TK-244151,rules_fallback,OTHER_UNCLEAR,no,,,False,,OTHER_UNCLEAR,no,N,,,
TK-244152,rules_fallback,OTHER_UNCLEAR,no,,,False,,OTHER_UNCLEAR,no,N,,,
TK-244153,rules_fallback,NON_DELIVERY,no,,,False,NON_DELIVERY,NON_DELIVERY,no,N,,,
TK-244162,rules_fallback,OTHER_UNCLEAR,yes,,,False,,OTHER_UNCLEAR,yes,N,,,
TK-244164,rules_fallback,OTHER_UNCLEAR,no,,,False,,OTHER_UNCLEAR,no,N,,,
TK-244165,rules_fallback,OTHER_UNCLEAR,no,,,False,,OTHER_UNCLEAR,no,N,,,
TK-244167,rules_fallback,PRODUCT_DEFECT,no,,,False,PRODUCT_DEFECT,PRODUCT_DEFECT,no,N,,,
TK-244172,rules_fallback,OTHER_UNCLEAR,no,,,False,,OTHER_UNCLEAR,no,N,,,
TK-244176,rules_fallback,RETURN_PICKUP_QC,no,,,False,RETURN_PICKUP_QC,RETURN_PICKUP_QC,no,Y,,,
TK-244185,rules_fallback,WARRANTY_BUYBACK,yes,,,False,WARRANTY_BUYBACK,WARRANTY_BUYBACK,yes,Y,,,
TK-244187,rules_fallback,RETURN_PICKUP_QC,no,,,False,RETURN_PICKUP_QC,RETURN_PICKUP_QC,no,N,,,
TK-244190,rules_fallback,PRODUCT_DEFECT,yes,,,False,PRODUCT_DEFECT,PRODUCT_DEFECT,yes,Y,,,
TK-244194,rules_fallback,RETURN_PICKUP_QC,no,,,False,RETURN_PICKUP_QC,RETURN_PICKUP_QC,no,N,,,
TK-244209,rules_fallback,CANCELLATION,no,,,False,CANCELLATION,CANCELLATION,no,N,,,
TK-244210,rules_fallback,PAYMENT_ISSUE,no,,,False,PAYMENT_ISSUE,PAYMENT_ISSUE,no,N,,,
TK-244212,rules_fallback,CANCELLATION,no,,,False,CANCELLATION,CANCELLATION,no,N,,,
TK-244216,rules_fallback,PAYMENT_ISSUE,no,,,False,PAYMENT_ISSUE,PAYMENT_ISSUE,no,N,,,
TK-244218,rules_fallback,NON_DELIVERY,no,,,False,NON_DELIVERY,NON_DELIVERY,no,N,,,
TK-244220,rules_fallback,OTHER_UNCLEAR,no,,,False,,OTHER_UNCLEAR,no,N,,,
TK-244224,rules_fallback,RETURN_PICKUP_QC,no,,,False,RETURN_PICKUP_QC,RETURN_PICKUP_QC,no,N,,,
TK-244228,rules_fallback,OTHER_UNCLEAR,yes,,,False,,OTHER_UNCLEAR,yes,N,,,
TK-244231,rules_fallback,OTHER_UNCLEAR,no,,,False,,OTHER_UNCLEAR,no,N,,,
TK-244241,rules_fallback,PRICE_COUPON,no,,,False,PRICE_COUPON,PRICE_COUPON,no,N,,,
TK-244243,rules_fallback,WARRANTY_BUYBACK,yes,,,False,WARRANTY_BUYBACK,WARRANTY_BUYBACK,yes,N,,,
TK-244273,rules_fallback,OTHER_UNCLEAR,yes,,,False,,OTHER_UNCLEAR,yes,N,,,
TK-244276,rules_fallback,PAYMENT_ISSUE,no,,,False,PAYMENT_ISSUE,PAYMENT_ISSUE,no,N,,,
TK-244281,rules_fallback,PRODUCT_DEFECT,no,,,False,PRODUCT_DEFECT,PRODUCT_DEFECT,no,N,,,
TK-244293,rules_fallback,RETURN_PICKUP_QC,no,,,False,RETURN_PICKUP_QC,RETURN_PICKUP_QC,no,N,,,
TK-244294,rules_fallback,RETURN_PICKUP_QC,no,,,False,RETURN_PICKUP_QC,RETURN_PICKUP_QC,no,N,,,
TK-244296,rules_fallback,RETURN_PICKUP_QC,no,,,False,RETURN_PICKUP_QC,RETURN_PICKUP_QC,no,N,,,
TK-244300,rules_fallback,RETURN_PICKUP_QC,no,,,False,RETURN_PICKUP_QC,RETURN_PICKUP_QC,no,N,,,
TK-244310,rules_fallback,OTHER_UNCLEAR,no,,,False,,OTHER_UNCLEAR,no,N,,,
TK-244317,rules_fallback,OTHER_UNCLEAR,no,,,False,,OTHER_UNCLEAR,no,N,,,
TK-244323,rules_fallback,OTHER_UNCLEAR,no,,,False,,OTHER_UNCLEAR,no,N,,,
TK-244330,rules_fallback,OTHER_UNCLEAR,no,,,False,,OTHER_UNCLEAR,no,N,,,
TK-244333,rules_fallback,OTHER_UNCLEAR,no,,,False,,OTHER_UNCLEAR,no,N,,,
TK-244345,rules_fallback,RETURN_PICKUP_QC,no,,,False,RETURN_PICKUP_QC,RETURN_PICKUP_QC,no,N,,,
TK-244347,rules_fallback,RETURN_PICKUP_QC,no,,,False,RETURN_PICKUP_QC,RETURN_PICKUP_QC,no,N,,,
TK-244349,rules_fallback,OTHER_UNCLEAR,no,,,False,,OTHER_UNCLEAR,no,N,,,
TK-244354,rules_fallback,OTHER_UNCLEAR,no,,,False,,OTHER_UNCLEAR,no,N,,,
TK-244355,rules_fallback,OTHER_UNCLEAR,no,,,False,,OTHER_UNCLEAR,no,N,,,
TK-244356,rules_fallback,PRODUCT_DEFECT,no,,,False,PRODUCT_DEFECT,PRODUCT_DEFECT,no,N,,,
TK-244364,rules_fallback,RETURN_PICKUP_QC,no,,,False,RETURN_PICKUP_QC,RETURN_PICKUP_QC,no,N,,,
TK-244366,rules_fallback,RETURN_PICKUP_QC,no,,,False,RETURN_PICKUP_QC,RETURN_PICKUP_QC,no,N,,,
TK-244373,rules_fallback,RETURN_PICKUP_QC,no,,,False,RETURN_PICKUP_QC,RETURN_PICKUP_QC,no,N,,,
TK-244379,rules_fallback,PRODUCT_DEFECT,yes,,,False,PRODUCT_DEFECT,PRODUCT_DEFECT,yes,N,,,
TK-244383,rules_fallback,RETURN_PICKUP_QC,no,,,False,RETURN_PICKUP_QC,RETURN_PICKUP_QC,no,N,,,
TK-244386,rules_fallback,PAYMENT_ISSUE,no,,,False,PAYMENT_ISSUE,PAYMENT_ISSUE,no,N,,,
TK-244392,rules_fallback,OTHER_UNCLEAR,yes,,,False,,OTHER_UNCLEAR,yes,Y,,,
TK-244396,rules_fallback,RETURN_PICKUP_QC,no,,,False,RETURN_PICKUP_QC,RETURN_PICKUP_QC,no,N,,,
TK-244422,rules_fallback,PAYMENT_ISSUE,no,,,False,PAYMENT_ISSUE,PAYMENT_ISSUE,no,N,,,
TK-244423,rules_fallback,OTHER_UNCLEAR,no,,,False,,OTHER_UNCLEAR,no,N,,,
TK-244425,rules_fallback,PAYMENT_ISSUE,no,,,False,PAYMENT_ISSUE,PAYMENT_ISSUE,no,N,,,
TK-244430,rules_fallback,CANCELLATION,no,,,False,CANCELLATION,CANCELLATION,no,N,,,
TK-244433,rules_fallback,OTHER_UNCLEAR,no,,,False,,OTHER_UNCLEAR,no,N,,,
TK-244436,rules_fallback,CANCELLATION,no,,,False,CANCELLATION,CANCELLATION,no,N,,,
TK-244445,rules_fallback,RETURN_PICKUP_QC,no,,,False,RETURN_PICKUP_QC,RETURN_PICKUP_QC,no,N,,,
TK-244456,rules_fallback,OTHER_UNCLEAR,no,,,False,,OTHER_UNCLEAR,no,N,,,
TK-244458,rules_fallback,OTHER_UNCLEAR,no,,,False,,OTHER_UNCLEAR,no,N,,,
TK-244481,rules_fallback,PRODUCT_DEFECT,no,,,False,PRODUCT_DEFECT,PRODUCT_DEFECT,no,N,,,
TK-244482,rules_fallback,RETURN_PICKUP_QC,no,,,False,RETURN_PICKUP_QC,RETURN_PICKUP_QC,no,N,,,
TK-244484,rules_fallback,OTHER_UNCLEAR,no,,,False,,OTHER_UNCLEAR,no,N,,,
TK-244490,rules_fallback,PAYMENT_ISSUE,no,,,False,PAYMENT_ISSUE,PAYMENT_ISSUE,no,N,,,
TK-244492,rules_fallback,OTHER_UNCLEAR,no,,,False,,OTHER_UNCLEAR,no,N,,,
TK-244495,rules_fallback,OTHER_UNCLEAR,no,,,False,,OTHER_UNCLEAR,no,N,,,
TK-244497,rules_fallback,PAYMENT_ISSUE,no,,,False,PAYMENT_ISSUE,PAYMENT_ISSUE,no,N,,,
TK-244498,rules_fallback,PRODUCT_DEFECT,yes,,,False,PRODUCT_DEFECT,PRODUCT_DEFECT,yes,N,,,
TK-244500,rules_fallback,PRODUCT_DEFECT,yes,,,False,PRODUCT_DEFECT,PRODUCT_DEFECT,yes,Y,,,
TK-244510,rules_fallback,OTHER_UNCLEAR,no,,,False,,OTHER_UNCLEAR,no,N,,,
TK-244515,rules_fallback,OTHER_UNCLEAR,yes,,,False,,OTHER_UNCLEAR,yes,Y,,,
TK-244528,rules_fallback,PAYMENT_ISSUE,no,,,False,PAYMENT_ISSUE,PAYMENT_ISSUE,no,N,,,
TK-244544,rules_fallback,RETURN_PICKUP_QC,no,,,False,RETURN_PICKUP_QC,RETURN_PICKUP_QC,no,N,,,
TK-244550,rules_fallback,RETURN_PICKUP_QC,no,,,False,RETURN_PICKUP_QC,RETURN_PICKUP_QC,no,N,,,
TK-244553,rules_fallback,OTHER_UNCLEAR,no,,,False,,OTHER_UNCLEAR,no,N,,,
TK-244556,rules_fallback,OTHER_UNCLEAR,yes,,,False,,OTHER_UNCLEAR,yes,N,,,
TK-244561,rules_fallback,OTHER_UNCLEAR,no,,,False,,OTHER_UNCLEAR,no,N,,,
TK-244563,rules_fallback,CANCELLATION,no,,,False,CANCELLATION,CANCELLATION,no,N,,,
TK-244570,rules_fallback,OTHER_UNCLEAR,yes,,,False,,OTHER_UNCLEAR,yes,N,,,
TK-244573,rules_fallback,OTHER_UNCLEAR,yes,,,False,,OTHER_UNCLEAR,yes,N,,,
TK-244575,rules_fallback,RETURN_PICKUP_QC,no,,,False,RETURN_PICKUP_QC,RETURN_PICKUP_QC,no,N,,,
TK-244578,rules_fallback,PRODUCT_DEFECT,yes,,,False,PRODUCT_DEFECT,PRODUCT_DEFECT,yes,Y,,,
TK-244583,rules_fallback,CANCELLATION,no,,,False,CANCELLATION,CANCELLATION,no,N,,,
TK-244599,rules_fallback,PAYMENT_ISSUE,no,,,False,PAYMENT_ISSUE,PAYMENT_ISSUE,no,N,,,
TK-244606,rules_fallback,PRODUCT_DEFECT,no,,,False,PRODUCT_DEFECT,PRODUCT_DEFECT,no,N,,,
TK-244608,rules_fallback,PAYMENT_ISSUE,no,,,False,PAYMENT_ISSUE,PAYMENT_ISSUE,no,N,,,
TK-244610,rules_fallback,PRICE_COUPON,no,,,False,PRICE_COUPON,PRICE_COUPON,no,N,,,
TK-244611,rules_fallback,CANCELLATION,no,,,False,CANCELLATION,CANCELLATION,no,N,,,
TK-244615,rules_fallback,CANCELLATION,no,,,False,CANCELLATION,CANCELLATION,no,N,,,
TK-244622,rules_fallback,OTHER_UNCLEAR,yes,,,False,,OTHER_UNCLEAR,yes,N,,,
TK-244624,rules_fallback,PRICE_COUPON,no,,,False,PRICE_COUPON,PRICE_COUPON,no,N,,,
TK-244629,rules_fallback,NON_DELIVERY,yes,,,False,NON_DELIVERY,NON_DELIVERY,yes,N,,,
TK-244635,rules_fallback,OTHER_UNCLEAR,no,,,False,,OTHER_UNCLEAR,no,N,,,
TK-244639,rules_fallback,RETURN_PICKUP_QC,no,,,False,RETURN_PICKUP_QC,RETURN_PICKUP_QC,no,N,,,
TK-244642,rules_fallback,OTHER_UNCLEAR,no,,,False,,OTHER_UNCLEAR,no,N,,,
TK-244644,rules_fallback,WARRANTY_BUYBACK,no,,,False,WARRANTY_BUYBACK,WARRANTY_BUYBACK,no,N,,,
TK-244645,rules_fallback,RETURN_PICKUP_QC,no,,,False,RETURN_PICKUP_QC,RETURN_PICKUP_QC,no,N,,,
TK-244674,rules_fallback,PRICE_COUPON,no,,,False,PRICE_COUPON,PRICE_COUPON,no,N,,,
TK-244677,rules_fallback,OTHER_UNCLEAR,yes,,,False,,OTHER_UNCLEAR,yes,Y,,,
TK-244687,rules_fallback,NON_DELIVERY,no,,,False,NON_DELIVERY,NON_DELIVERY,no,N,,,
TK-244700,rules_fallback,RETURN_PICKUP_QC,no,,,False,RETURN_PICKUP_QC,RETURN_PICKUP_QC,no,N,,,
TK-244708,rules_fallback,PAYMENT_ISSUE,no,,,False,PAYMENT_ISSUE,PAYMENT_ISSUE,no,N,,,
TK-244710,rules_fallback,RETURN_PICKUP_QC,no,,,False,RETURN_PICKUP_QC,RETURN_PICKUP_QC,no,N,,,
TK-244715,rules_fallback,PAYMENT_ISSUE,no,,,False,PAYMENT_ISSUE,PAYMENT_ISSUE,no,N,,,
TK-244725,rules_fallback,CANCELLATION,no,,,False,CANCELLATION,CANCELLATION,no,N,,,
TK-244726,rules_fallback,CANCELLATION,no,,,False,CANCELLATION,CANCELLATION,no,N,,,
TK-244727,rules_fallback,CANCELLATION,no,,,False,CANCELLATION,CANCELLATION,no,N,,,
TK-244733,rules_fallback,OTHER_UNCLEAR,no,,,False,,OTHER_UNCLEAR,no,N,,,
TK-244743,rules_fallback,RETURN_PICKUP_QC,no,,,False,RETURN_PICKUP_QC,RETURN_PICKUP_QC,no,N,,,
TK-244746,rules_fallback,OTHER_UNCLEAR,no,,,False,,OTHER_UNCLEAR,no,N,,,
TK-244754,rules_fallback,WARRANTY_BUYBACK,yes,,,False,WARRANTY_BUYBACK,WARRANTY_BUYBACK,yes,N,,,
TK-244756,rules_fallback,PRICE_COUPON,no,,,False,PRICE_COUPON,PRICE_COUPON,no,N,,,
TK-244757,rules_fallback,OTHER_UNCLEAR,no,,,False,,OTHER_UNCLEAR,no,N,,,
TK-244768,rules_fallback,PAYMENT_ISSUE,no,,,False,PAYMENT_ISSUE,PAYMENT_ISSUE,no,N,,,
TK-244772,rules_fallback,OTHER_UNCLEAR,no,,,False,,OTHER_UNCLEAR,no,N,,,
TK-244780,rules_fallback,PRODUCT_DEFECT,no,,,False,PRODUCT_DEFECT,PRODUCT_DEFECT,no,N,,,
TK-244794,rules_fallback,CANCELLATION,no,,,False,CANCELLATION,CANCELLATION,no,N,,,
TK-244802,rules_fallback,RETURN_PICKUP_QC,no,,,False,RETURN_PICKUP_QC,RETURN_PICKUP_QC,no,N,,,
TK-244806,rules_fallback,RETURN_PICKUP_QC,no,,,False,RETURN_PICKUP_QC,RETURN_PICKUP_QC,no,N,,,
TK-244815,rules_fallback,RETURN_PICKUP_QC,no,,,False,RETURN_PICKUP_QC,RETURN_PICKUP_QC,no,N,,,
TK-244820,rules_fallback,RETURN_PICKUP_QC,no,,,False,RETURN_PICKUP_QC,RETURN_PICKUP_QC,no,N,,,
TK-244824,rules_fallback,OTHER_UNCLEAR,no,,,False,,OTHER_UNCLEAR,no,N,,,
TK-244840,rules_fallback,OTHER_UNCLEAR,no,,,False,,OTHER_UNCLEAR,no,N,,,
TK-244843,rules_fallback,OTHER_UNCLEAR,no,,,False,,OTHER_UNCLEAR,no,N,,,
TK-244844,rules_fallback,OTHER_UNCLEAR,no,,,False,,OTHER_UNCLEAR,no,N,,,
TK-244845,rules_fallback,OTHER_UNCLEAR,no,,,False,,OTHER_UNCLEAR,no,N,,,
TK-244850,rules_fallback,RETURN_PICKUP_QC,no,,,False,RETURN_PICKUP_QC,RETURN_PICKUP_QC,no,N,,,
TK-244856,rules_fallback,RETURN_PICKUP_QC,no,,,False,RETURN_PICKUP_QC,RETURN_PICKUP_QC,no,N,,,
TK-244859,rules_fallback,RETURN_PICKUP_QC,no,,,False,RETURN_PICKUP_QC,RETURN_PICKUP_QC,no,N,,,
TK-244861,rules_fallback,CANCELLATION,no,,,False,CANCELLATION,CANCELLATION,no,N,,,
TK-244867,rules_fallback,WARRANTY_BUYBACK,yes,,,False,WARRANTY_BUYBACK,WARRANTY_BUYBACK,yes,N,,,
TK-244872,rules_fallback,OTHER_UNCLEAR,yes,,,False,,OTHER_UNCLEAR,yes,Y,,,
TK-244880,rules_fallback,OTHER_UNCLEAR,yes,,,False,,OTHER_UNCLEAR,yes,N,,,
TK-244887,rules_fallback,PAYMENT_ISSUE,no,,,False,PAYMENT_ISSUE,PAYMENT_ISSUE,no,N,,,
TK-244891,rules_fallback,OTHER_UNCLEAR,no,,,False,,OTHER_UNCLEAR,no,N,,,
TK-244910,rules_fallback,OTHER_UNCLEAR,yes,,,False,,OTHER_UNCLEAR,yes,Y,,,
TK-244911,rules_fallback,OTHER_UNCLEAR,no,,,False,,OTHER_UNCLEAR,no,N,,,
TK-244928,rules_fallback,PAYMENT_ISSUE,no,,,False,PAYMENT_ISSUE,PAYMENT_ISSUE,no,N,,,
TK-244931,rules_fallback,OTHER_UNCLEAR,no,,,False,,OTHER_UNCLEAR,no,N,,,
TK-244934,rules_fallback,OTHER_UNCLEAR,no,,,False,,OTHER_UNCLEAR,no,N,,,
TK-244940,rules_fallback,CANCELLATION,no,,,False,CANCELLATION,CANCELLATION,no,N,,,
TK-244941,rules_fallback,PAYMENT_ISSUE,no,,,False,PAYMENT_ISSUE,PAYMENT_ISSUE,no,N,,,
TK-244950,rules_fallback,PRICE_COUPON,no,,,False,PRICE_COUPON,PRICE_COUPON,no,N,,,
TK-244952,rules_fallback,RETURN_PICKUP_QC,no,,,False,RETURN_PICKUP_QC,RETURN_PICKUP_QC,no,N,,,
TK-244959,rules_fallback,RETURN_PICKUP_QC,no,,,False,RETURN_PICKUP_QC,RETURN_PICKUP_QC,no,N,,,
TK-244962,rules_fallback,OTHER_UNCLEAR,no,,,False,,OTHER_UNCLEAR,no,N,,,
TK-244966,rules_fallback,OTHER_UNCLEAR,yes,,,False,,OTHER_UNCLEAR,yes,Y,,,
TK-244967,rules_fallback,OTHER_UNCLEAR,no,,,False,,OTHER_UNCLEAR,no,N,,,
TK-244968,rules_fallback,RETURN_PICKUP_QC,no,,,False,RETURN_PICKUP_QC,RETURN_PICKUP_QC,no,N,,,
TK-244969,rules_fallback,OTHER_UNCLEAR,no,,,False,,OTHER_UNCLEAR,no,N,,,
TK-244971,rules_fallback,OTHER_UNCLEAR,no,,,False,,OTHER_UNCLEAR,no,N,,,
TK-244974,rules_fallback,OTHER_UNCLEAR,no,,,False,,OTHER_UNCLEAR,no,N,,,
TK-244981,rules_fallback,CANCELLATION,no,,,False,CANCELLATION,CANCELLATION,no,N,,,
TK-244983,rules_fallback,RETURN_PICKUP_QC,no,,,False,RETURN_PICKUP_QC,RETURN_PICKUP_QC,no,N,,,
TK-245000,rules_fallback,OTHER_UNCLEAR,no,,,False,,OTHER_UNCLEAR,no,N,,,
TK-245003,rules_fallback,RETURN_PICKUP_QC,no,,,False,RETURN_PICKUP_QC,RETURN_PICKUP_QC,no,N,,,
TK-245009,rules_fallback,PAYMENT_ISSUE,no,,,False,PAYMENT_ISSUE,PAYMENT_ISSUE,no,N,,,
TK-245011,rules_fallback,CANCELLATION,no,,,False,CANCELLATION,CANCELLATION,no,N,,,
TK-245014,rules_fallback,OTHER_UNCLEAR,no,,,False,,OTHER_UNCLEAR,no,N,,,
TK-245021,rules_fallback,RETURN_PICKUP_QC,no,,,False,RETURN_PICKUP_QC,RETURN_PICKUP_QC,no,N,,,
TK-245039,rules_fallback,CANCELLATION,no,,,False,CANCELLATION,CANCELLATION,no,N,,,
TK-245040,rules_fallback,RETURN_PICKUP_QC,no,,,False,RETURN_PICKUP_QC,RETURN_PICKUP_QC,no,N,,,
TK-245047,rules_fallback,RETURN_PICKUP_QC,no,,,False,RETURN_PICKUP_QC,RETURN_PICKUP_QC,no,N,,,
TK-245048,rules_fallback,OTHER_UNCLEAR,no,,,False,,OTHER_UNCLEAR,no,N,,,
TK-245050,rules_fallback,WARRANTY_BUYBACK,no,,,False,WARRANTY_BUYBACK,WARRANTY_BUYBACK,no,N,,,
TK-245058,rules_fallback,PRODUCT_DEFECT,yes,,,False,PRODUCT_DEFECT,PRODUCT_DEFECT,yes,N,,,
TK-245069,rules_fallback,OTHER_UNCLEAR,no,,,False,,OTHER_UNCLEAR,no,N,,,
TK-245071,rules_fallback,OTHER_UNCLEAR,no,,,False,,OTHER_UNCLEAR,no,N,,,
TK-245076,rules_fallback,NON_DELIVERY,no,,,False,NON_DELIVERY,NON_DELIVERY,no,N,,,
TK-245079,rules_fallback,PAYMENT_ISSUE,no,,,False,PAYMENT_ISSUE,PAYMENT_ISSUE,no,N,,,
TK-245083,rules_fallback,OTHER_UNCLEAR,no,,,False,,OTHER_UNCLEAR,no,N,,,
TK-245084,rules_fallback,OTHER_UNCLEAR,no,,,False,,OTHER_UNCLEAR,no,N,,,
TK-245092,rules_fallback,OTHER_UNCLEAR,no,,,False,,OTHER_UNCLEAR,no,N,,,
TK-245112,rules_fallback,OTHER_UNCLEAR,yes,,,False,,OTHER_UNCLEAR,yes,N,,,
TK-245113,rules_fallback,PRODUCT_DEFECT,no,,,False,PRODUCT_DEFECT,PRODUCT_DEFECT,no,N,,,
TK-245125,rules_fallback,PAYMENT_ISSUE,no,,,False,PAYMENT_ISSUE,PAYMENT_ISSUE,no,N,,,
TK-245129,rules_fallback,PRICE_COUPON,no,,,False,PRICE_COUPON,PRICE_COUPON,no,N,,,
TK-245132,rules_fallback,PAYMENT_ISSUE,no,,,False,PAYMENT_ISSUE,PAYMENT_ISSUE,no,N,,,
TK-245136,rules_fallback,OTHER_UNCLEAR,no,,,False,,OTHER_UNCLEAR,no,N,,,
TK-245137,rules_fallback,OTHER_UNCLEAR,no,,,False,,OTHER_UNCLEAR,no,N,,,
TK-245140,rules_fallback,OTHER_UNCLEAR,no,,,False,,OTHER_UNCLEAR,no,N,,,
TK-245141,rules_fallback,OTHER_UNCLEAR,yes,,,False,,OTHER_UNCLEAR,yes,N,,,
TK-245158,rules_fallback,RETURN_PICKUP_QC,no,,,False,RETURN_PICKUP_QC,RETURN_PICKUP_QC,no,N,,,
TK-245160,rules_fallback,OTHER_UNCLEAR,no,,,False,,OTHER_UNCLEAR,no,N,,,
TK-245163,rules_fallback,OTHER_UNCLEAR,no,,,False,,OTHER_UNCLEAR,no,N,,,
TK-245197,rules_fallback,WARRANTY_BUYBACK,yes,,,False,WARRANTY_BUYBACK,WARRANTY_BUYBACK,yes,N,,,
TK-245204,rules_fallback,OTHER_UNCLEAR,no,,,False,,OTHER_UNCLEAR,no,N,,,
TK-245209,rules_fallback,OTHER_UNCLEAR,no,,,False,,OTHER_UNCLEAR,no,N,,,
TK-245214,rules_fallback,PAYMENT_ISSUE,no,,,False,PAYMENT_ISSUE,PAYMENT_ISSUE,no,N,,,
TK-245216,rules_fallback,OTHER_UNCLEAR,no,,,False,,OTHER_UNCLEAR,no,N,,,
TK-245217,rules_fallback,CANCELLATION,no,,,False,CANCELLATION,CANCELLATION,no,N,,,
TK-245228,rules_fallback,PAYMENT_ISSUE,no,,,False,PAYMENT_ISSUE,PAYMENT_ISSUE,no,N,,,
TK-245232,rules_fallback,OTHER_UNCLEAR,no,,,False,,OTHER_UNCLEAR,no,N,,,
TK-245244,rules_fallback,OTHER_UNCLEAR,no,,,False,,OTHER_UNCLEAR,no,N,,,
TK-245256,rules_fallback,OTHER_UNCLEAR,yes,,,False,,OTHER_UNCLEAR,yes,Y,,,
TK-245259,rules_fallback,RETURN_PICKUP_QC,no,,,False,RETURN_PICKUP_QC,RETURN_PICKUP_QC,no,N,,,
TK-245260,rules_fallback,OTHER_UNCLEAR,no,,,False,,OTHER_UNCLEAR,no,N,,,
TK-245264,rules_fallback,PAYMENT_ISSUE,no,,,False,PAYMENT_ISSUE,PAYMENT_ISSUE,no,N,,,
TK-245265,rules_fallback,OTHER_UNCLEAR,no,,,False,,OTHER_UNCLEAR,no,N,,,
TK-245266,rules_fallback,OTHER_UNCLEAR,no,,,False,,OTHER_UNCLEAR,no,N,,,
TK-245269,rules_fallback,RETURN_PICKUP_QC,no,,,False,RETURN_PICKUP_QC,RETURN_PICKUP_QC,no,N,,,
TK-245272,rules_fallback,CANCELLATION,no,,,False,CANCELLATION,CANCELLATION,no,N,,,
TK-245274,rules_fallback,OTHER_UNCLEAR,no,,,False,,OTHER_UNCLEAR,no,N,,,
TK-245280,rules_fallback,RETURN_PICKUP_QC,no,,,False,RETURN_PICKUP_QC,RETURN_PICKUP_QC,no,N,,,
TK-245282,rules_fallback,OTHER_UNCLEAR,no,,,False,,OTHER_UNCLEAR,no,N,,,
TK-245283,rules_fallback,PRODUCT_DEFECT,yes,,,False,PRODUCT_DEFECT,PRODUCT_DEFECT,yes,N,,,
TK-245288,rules_fallback,PAYMENT_ISSUE,no,,,False,PAYMENT_ISSUE,PAYMENT_ISSUE,no,N,,,
TK-245289,rules_fallback,OTHER_UNCLEAR,yes,,,False,,OTHER_UNCLEAR,yes,Y,,,
TK-245305,rules_fallback,PRODUCT_DEFECT,no,,,False,PRODUCT_DEFECT,PRODUCT_DEFECT,no,N,,,
TK-245306,rules_fallback,OTHER_UNCLEAR,no,,,False,,OTHER_UNCLEAR,no,N,,,
TK-245307,rules_fallback,OTHER_UNCLEAR,no,,,False,,OTHER_UNCLEAR,no,N,,,
TK-245319,rules_fallback,OTHER_UNCLEAR,no,,,False,,OTHER_UNCLEAR,no,N,,,
TK-245322,rules_fallback,PAYMENT_ISSUE,no,,,False,PAYMENT_ISSUE,PAYMENT_ISSUE,no,N,,,
TK-245325,rules_fallback,PAYMENT_ISSUE,no,,,False,PAYMENT_ISSUE,PAYMENT_ISSUE,no,N,,,
TK-245326,rules_fallback,OTHER_UNCLEAR,no,,,False,,OTHER_UNCLEAR,no,N,,,
TK-245331,rules_fallback,PAYMENT_ISSUE,no,,,False,PAYMENT_ISSUE,PAYMENT_ISSUE,no,N,,,
TK-245336,rules_fallback,OTHER_UNCLEAR,yes,,,False,,OTHER_UNCLEAR,yes,N,,,
TK-245341,rules_fallback,PRODUCT_DEFECT,yes,,,False,PRODUCT_DEFECT,PRODUCT_DEFECT,yes,N,,,
TK-245345,rules_fallback,OTHER_UNCLEAR,no,,,False,,OTHER_UNCLEAR,no,N,,,
TK-245356,rules_fallback,OTHER_UNCLEAR,yes,,,False,,OTHER_UNCLEAR,yes,Y,,,
TK-245361,rules_fallback,WARRANTY_BUYBACK,yes,,,False,WARRANTY_BUYBACK,WARRANTY_BUYBACK,yes,Y,,,
TK-245364,rules_fallback,PAYMENT_ISSUE,no,,,False,PAYMENT_ISSUE,PAYMENT_ISSUE,no,N,,,
TK-245367,rules_fallback,RETURN_PICKUP_QC,no,,,False,RETURN_PICKUP_QC,RETURN_PICKUP_QC,no,N,,,
TK-245378,rules_fallback,PAYMENT_ISSUE,no,,,False,PAYMENT_ISSUE,PAYMENT_ISSUE,no,N,,,
TK-245381,rules_fallback,OTHER_UNCLEAR,no,,,False,,OTHER_UNCLEAR,no,N,,,
TK-245382,rules_fallback,OTHER_UNCLEAR,no,,,False,,OTHER_UNCLEAR,no,N,,,
TK-245388,rules_fallback,OTHER_UNCLEAR,no,,,False,,OTHER_UNCLEAR,no,N,,,
TK-245406,rules_fallback,OTHER_UNCLEAR,no,,,False,,OTHER_UNCLEAR,no,N,,,
TK-245407,rules_fallback,OTHER_UNCLEAR,no,,,False,,OTHER_UNCLEAR,no,N,,,
TK-245408,rules_fallback,WARRANTY_BUYBACK,no,,,False,WARRANTY_BUYBACK,WARRANTY_BUYBACK,no,N,,,
TK-245411,rules_fallback,OTHER_UNCLEAR,no,,,False,,OTHER_UNCLEAR,no,N,,,
TK-245413,rules_fallback,PRICE_COUPON,no,,,False,PRICE_COUPON,PRICE_COUPON,no,N,,,
TK-245423,rules_fallback,OTHER_UNCLEAR,yes,,,False,,OTHER_UNCLEAR,yes,Y,,,
TK-245424,rules_fallback,OTHER_UNCLEAR,no,,,False,,OTHER_UNCLEAR,no,N,,,
TK-245437,rules_fallback,RETURN_PICKUP_QC,no,,,False,RETURN_PICKUP_QC,RETURN_PICKUP_QC,no,N,,,
TK-245440,rules_fallback,OTHER_UNCLEAR,no,,,False,,OTHER_UNCLEAR,no,N,,,
TK-245442,rules_fallback,WARRANTY_BUYBACK,no,,,False,WARRANTY_BUYBACK,WARRANTY_BUYBACK,no,N,,,
TK-245443,rules_fallback,OTHER_UNCLEAR,no,,,False,,OTHER_UNCLEAR,no,N,,,
TK-245457,rules_fallback,RETURN_PICKUP_QC,no,,,False,RETURN_PICKUP_QC,RETURN_PICKUP_QC,no,N,,,
TK-245466,rules_fallback,PAYMENT_ISSUE,no,,,False,PAYMENT_ISSUE,PAYMENT_ISSUE,no,N,,,
TK-245478,rules_fallback,PRODUCT_DEFECT,yes,,,False,PRODUCT_DEFECT,PRODUCT_DEFECT,yes,Y,,,
TK-245480,rules_fallback,CANCELLATION,no,,,False,CANCELLATION,CANCELLATION,no,N,,,
TK-245486,rules_fallback,PAYMENT_ISSUE,no,,,False,PAYMENT_ISSUE,PAYMENT_ISSUE,no,N,,,
TK-245488,rules_fallback,OTHER_UNCLEAR,yes,,,False,,OTHER_UNCLEAR,yes,N,,,
TK-245492,rules_fallback,RETURN_PICKUP_QC,no,,,False,RETURN_PICKUP_QC,RETURN_PICKUP_QC,no,N,,,
TK-245494,rules_fallback,OTHER_UNCLEAR,no,,,False,,OTHER_UNCLEAR,no,N,,,
TK-245499,rules_fallback,OTHER_UNCLEAR,no,,,False,,OTHER_UNCLEAR,no,N,,,
TK-245502,rules_fallback,OTHER_UNCLEAR,no,,,False,,OTHER_UNCLEAR,no,N,,,
TK-245507,rules_fallback,RETURN_PICKUP_QC,no,,,False,RETURN_PICKUP_QC,RETURN_PICKUP_QC,no,N,,,
TK-245509,rules_fallback,OTHER_UNCLEAR,no,,,False,,OTHER_UNCLEAR,no,N,,,
TK-245523,rules_fallback,OTHER_UNCLEAR,no,,,False,,OTHER_UNCLEAR,no,N,,,
TK-245534,rules_fallback,RETURN_PICKUP_QC,no,,,False,RETURN_PICKUP_QC,RETURN_PICKUP_QC,no,N,,,
TK-245535,rules_fallback,OTHER_UNCLEAR,no,,,False,,OTHER_UNCLEAR,no,N,,,
TK-245547,rules_fallback,RETURN_PICKUP_QC,no,,,False,RETURN_PICKUP_QC,RETURN_PICKUP_QC,no,N,,,
TK-245548,rules_fallback,OTHER_UNCLEAR,no,,,False,,OTHER_UNCLEAR,no,N,,,
TK-245553,rules_fallback,OTHER_UNCLEAR,no,,,False,,OTHER_UNCLEAR,no,N,,,
TK-245563,rules_fallback,OTHER_UNCLEAR,no,,,False,,OTHER_UNCLEAR,no,N,,,
TK-245570,rules_fallback,RETURN_PICKUP_QC,no,,,False,RETURN_PICKUP_QC,RETURN_PICKUP_QC,no,N,,,
TK-245577,rules_fallback,OTHER_UNCLEAR,no,,,False,,OTHER_UNCLEAR,no,N,,,
TK-245582,rules_fallback,OTHER_UNCLEAR,no,,,False,,OTHER_UNCLEAR,no,N,,,
TK-245584,rules_fallback,OTHER_UNCLEAR,no,,,False,,OTHER_UNCLEAR,no,N,,,
TK-245586,rules_fallback,OTHER_UNCLEAR,no,,,False,,OTHER_UNCLEAR,no,N,,,
TK-245589,rules_fallback,OTHER_UNCLEAR,yes,,,False,,OTHER_UNCLEAR,yes,N,,,
TK-245590,rules_fallback,NON_DELIVERY,no,,,False,NON_DELIVERY,NON_DELIVERY,no,N,,,
TK-245606,rules_fallback,PAYMENT_ISSUE,no,,,False,PAYMENT_ISSUE,PAYMENT_ISSUE,no,N,,,
TK-245607,rules_fallback,OTHER_UNCLEAR,no,,,False,,OTHER_UNCLEAR,no,N,,,
TK-245610,rules_fallback,PRICE_COUPON,no,,,False,PRICE_COUPON,PRICE_COUPON,no,N,,,
TK-245625,rules_fallback,OTHER_UNCLEAR,no,,,False,,OTHER_UNCLEAR,no,N,,,
TK-245629,rules_fallback,OTHER_UNCLEAR,yes,,,False,,OTHER_UNCLEAR,yes,N,,,
TK-245644,rules_fallback,PAYMENT_ISSUE,no,,,False,PAYMENT_ISSUE,PAYMENT_ISSUE,no,N,,,
TK-245659,rules_fallback,CANCELLATION,no,,,False,CANCELLATION,CANCELLATION,no,N,,,
TK-245664,rules_fallback,OTHER_UNCLEAR,no,,,False,,OTHER_UNCLEAR,no,N,,,
TK-245670,rules_fallback,CANCELLATION,no,,,False,CANCELLATION,CANCELLATION,no,N,,,
TK-245672,rules_fallback,WARRANTY_BUYBACK,no,,,False,WARRANTY_BUYBACK,WARRANTY_BUYBACK,no,N,,,
TK-245685,rules_fallback,RETURN_PICKUP_QC,no,,,False,RETURN_PICKUP_QC,RETURN_PICKUP_QC,no,N,,,
TK-245687,rules_fallback,PAYMENT_ISSUE,no,,,False,PAYMENT_ISSUE,PAYMENT_ISSUE,no,N,,,
TK-245697,rules_fallback,OTHER_UNCLEAR,no,,,False,,OTHER_UNCLEAR,no,N,,,
TK-245705,rules_fallback,OTHER_UNCLEAR,yes,,,False,,OTHER_UNCLEAR,yes,Y,,,
TK-245708,rules_fallback,RETURN_PICKUP_QC,no,,,False,RETURN_PICKUP_QC,RETURN_PICKUP_QC,no,N,,,
TK-245710,rules_fallback,CANCELLATION,no,,,False,CANCELLATION,CANCELLATION,no,N,,,
TK-245716,rules_fallback,OTHER_UNCLEAR,no,,,False,,OTHER_UNCLEAR,no,N,,,
TK-245721,rules_fallback,PAYMENT_ISSUE,no,,,False,PAYMENT_ISSUE,PAYMENT_ISSUE,no,N,,,
TK-245734,rules_fallback,CANCELLATION,no,,,False,CANCELLATION,CANCELLATION,no,N,,,
TK-245743,rules_fallback,OTHER_UNCLEAR,no,,,False,,OTHER_UNCLEAR,no,N,,,
TK-245745,rules_fallback,OTHER_UNCLEAR,no,,,False,,OTHER_UNCLEAR,no,N,,,
TK-245750,rules_fallback,OTHER_UNCLEAR,no,,,False,,OTHER_UNCLEAR,no,N,,,
TK-245757,rules_fallback,OTHER_UNCLEAR,no,,,False,,OTHER_UNCLEAR,no,N,,,
TK-245764,rules_fallback,OTHER_UNCLEAR,no,,,False,,OTHER_UNCLEAR,no,N,,,
TK-245767,rules_fallback,PAYMENT_ISSUE,no,,,False,PAYMENT_ISSUE,PAYMENT_ISSUE,no,N,,,
TK-245774,rules_fallback,NON_DELIVERY,no,,,False,NON_DELIVERY,NON_DELIVERY,no,N,,,
TK-245777,rules_fallback,OTHER_UNCLEAR,yes,,,False,,OTHER_UNCLEAR,yes,Y,,,
TK-245784,rules_fallback,PAYMENT_ISSUE,no,,,False,PAYMENT_ISSUE,PAYMENT_ISSUE,no,N,,,
TK-245787,rules_fallback,PAYMENT_ISSUE,no,,,False,PAYMENT_ISSUE,PAYMENT_ISSUE,no,N,,,
TK-245792,rules_fallback,OTHER_UNCLEAR,no,,,False,,OTHER_UNCLEAR,no,N,,,
TK-245793,rules_fallback,OTHER_UNCLEAR,no,,,False,,OTHER_UNCLEAR,no,N,,,
TK-245796,rules_fallback,PAYMENT_ISSUE,no,,,False,PAYMENT_ISSUE,PAYMENT_ISSUE,no,N,,,
TK-245806,rules_fallback,OTHER_UNCLEAR,no,,,False,,OTHER_UNCLEAR,no,N,,,
TK-245822,rules_fallback,CANCELLATION,no,,,False,CANCELLATION,CANCELLATION,no,N,,,
TK-245823,rules_fallback,RETURN_PICKUP_QC,no,,,False,RETURN_PICKUP_QC,RETURN_PICKUP_QC,no,N,,,
TK-245827,rules_fallback,PAYMENT_ISSUE,no,,,False,PAYMENT_ISSUE,PAYMENT_ISSUE,no,N,,,
TK-245830,rules_fallback,OTHER_UNCLEAR,no,,,False,,OTHER_UNCLEAR,no,N,,,
TK-245838,rules_fallback,OTHER_UNCLEAR,no,,,False,,OTHER_UNCLEAR,no,N,,,
TK-245840,rules_fallback,RETURN_PICKUP_QC,no,,,False,RETURN_PICKUP_QC,RETURN_PICKUP_QC,no,N,,,
TK-245841,rules_fallback,PAYMENT_ISSUE,no,,,False,PAYMENT_ISSUE,PAYMENT_ISSUE,no,N,,,
TK-245846,rules_fallback,OTHER_UNCLEAR,no,,,False,,OTHER_UNCLEAR,no,N,,,
TK-245871,rules_fallback,OTHER_UNCLEAR,no,,,False,,OTHER_UNCLEAR,no,N,,,
TK-245875,rules_fallback,OTHER_UNCLEAR,no,,,False,,OTHER_UNCLEAR,no,N,,,
TK-245880,rules_fallback,OTHER_UNCLEAR,no,,,False,,OTHER_UNCLEAR,no,N,,,
TK-245888,rules_fallback,OTHER_UNCLEAR,no,,,False,,OTHER_UNCLEAR,no,N,,,
TK-245902,rules_fallback,OTHER_UNCLEAR,no,,,False,,OTHER_UNCLEAR,no,N,,,
TK-245903,rules_fallback,OTHER_UNCLEAR,yes,,,False,,OTHER_UNCLEAR,yes,N,,,
TK-245910,rules_fallback,OTHER_UNCLEAR,no,,,False,,OTHER_UNCLEAR,no,N,,,
TK-245918,rules_fallback,PAYMENT_ISSUE,no,,,False,PAYMENT_ISSUE,PAYMENT_ISSUE,no,N,,,
TK-245927,rules_fallback,CANCELLATION,no,,,False,CANCELLATION,CANCELLATION,no,N,,,
TK-245928,rules_fallback,PAYMENT_ISSUE,no,,,False,PAYMENT_ISSUE,PAYMENT_ISSUE,no,N,,,
TK-245935,rules_fallback,PAYMENT_ISSUE,no,,,False,PAYMENT_ISSUE,PAYMENT_ISSUE,no,N,,,
TK-245941,rules_fallback,CANCELLATION,no,,,False,CANCELLATION,CANCELLATION,no,N,,,
TK-245943,rules_fallback,OTHER_UNCLEAR,no,,,False,,OTHER_UNCLEAR,no,N,,,
TK-245945,rules_fallback,OTHER_UNCLEAR,no,,,False,,OTHER_UNCLEAR,no,N,,,
TK-245968,rules_fallback,CANCELLATION,no,,,False,CANCELLATION,CANCELLATION,no,N,,,
TK-245981,rules_fallback,OTHER_UNCLEAR,no,,,False,,OTHER_UNCLEAR,no,N,,,
TK-245994,rules_fallback,OTHER_UNCLEAR,yes,,,False,,OTHER_UNCLEAR,yes,N,,,
TK-246000,rules_fallback,PAYMENT_ISSUE,no,,,False,PAYMENT_ISSUE,PAYMENT_ISSUE,no,N,,,
TK-246001,rules_fallback,OTHER_UNCLEAR,yes,,,False,,OTHER_UNCLEAR,yes,N,,,
TK-246003,rules_fallback,PAYMENT_ISSUE,no,,,False,PAYMENT_ISSUE,PAYMENT_ISSUE,no,N,,,
TK-246005,rules_fallback,PRODUCT_DEFECT,yes,,,False,PRODUCT_DEFECT,PRODUCT_DEFECT,yes,Y,,,
TK-246015,rules_fallback,PRICE_COUPON,no,,,False,PRICE_COUPON,PRICE_COUPON,no,N,,,
TK-246017,rules_fallback,OTHER_UNCLEAR,no,,,False,,OTHER_UNCLEAR,no,N,,,
TK-246022,rules_fallback,OTHER_UNCLEAR,yes,,,False,,OTHER_UNCLEAR,yes,N,,,
TK-246028,rules_fallback,PRICE_COUPON,no,,,False,PRICE_COUPON,PRICE_COUPON,no,N,,,
TK-246036,rules_fallback,OTHER_UNCLEAR,no,,,False,,OTHER_UNCLEAR,no,N,,,
TK-246059,rules_fallback,OTHER_UNCLEAR,no,,,False,,OTHER_UNCLEAR,no,N,,,
TK-246060,rules_fallback,OTHER_UNCLEAR,yes,,,False,,OTHER_UNCLEAR,yes,Y,,,
TK-246071,rules_fallback,OTHER_UNCLEAR,no,,,False,,OTHER_UNCLEAR,no,N,,,
TK-246079,rules_fallback,NON_DELIVERY,no,,,False,NON_DELIVERY,NON_DELIVERY,no,N,,,
TK-246093,rules_fallback,PAYMENT_ISSUE,no,,,False,PAYMENT_ISSUE,PAYMENT_ISSUE,no,N,,,
TK-246095,rules_fallback,OTHER_UNCLEAR,no,,,False,,OTHER_UNCLEAR,no,N,,,
TK-246126,rules_fallback,OTHER_UNCLEAR,yes,,,False,,OTHER_UNCLEAR,yes,N,,,
TK-246128,rules_fallback,OTHER_UNCLEAR,no,,,False,,OTHER_UNCLEAR,no,N,,,
TK-246139,rules_fallback,OTHER_UNCLEAR,yes,,,False,,OTHER_UNCLEAR,yes,N,,,
TK-246145,rules_fallback,OTHER_UNCLEAR,no,,,False,,OTHER_UNCLEAR,no,N,,,
TK-246146,rules_fallback,PAYMENT_ISSUE,no,,,False,PAYMENT_ISSUE,PAYMENT_ISSUE,no,N,,,
TK-246148,rules_fallback,RETURN_PICKUP_QC,no,,,False,RETURN_PICKUP_QC,RETURN_PICKUP_QC,no,N,,,
TK-246152,rules_fallback,OTHER_UNCLEAR,no,,,False,,OTHER_UNCLEAR,no,N,,,
TK-246154,rules_fallback,PAYMENT_ISSUE,no,,,False,PAYMENT_ISSUE,PAYMENT_ISSUE,no,N,,,
TK-246164,rules_fallback,OTHER_UNCLEAR,no,,,False,,OTHER_UNCLEAR,no,N,,,
TK-246168,rules_fallback,RETURN_PICKUP_QC,no,,,False,RETURN_PICKUP_QC,RETURN_PICKUP_QC,no,N,,,
TK-246170,rules_fallback,OTHER_UNCLEAR,yes,,,False,,OTHER_UNCLEAR,yes,Y,,,
TK-246171,rules_fallback,OTHER_UNCLEAR,yes,,,False,,OTHER_UNCLEAR,yes,Y,,,
TK-246175,rules_fallback,OTHER_UNCLEAR,no,,,False,,OTHER_UNCLEAR,no,N,,,
TK-246182,rules_fallback,RETURN_PICKUP_QC,no,,,False,RETURN_PICKUP_QC,RETURN_PICKUP_QC,no,N,,,
TK-246202,rules_fallback,PAYMENT_ISSUE,no,,,False,PAYMENT_ISSUE,PAYMENT_ISSUE,no,N,,,
TK-246204,rules_fallback,PRODUCT_DEFECT,no,,,False,PRODUCT_DEFECT,PRODUCT_DEFECT,no,N,,,
TK-246226,rules_fallback,OTHER_UNCLEAR,no,,,False,,OTHER_UNCLEAR,no,N,,,
TK-246239,rules_fallback,RETURN_PICKUP_QC,no,,,False,RETURN_PICKUP_QC,RETURN_PICKUP_QC,no,N,,,
TK-246242,rules_fallback,OTHER_UNCLEAR,no,,,False,,OTHER_UNCLEAR,no,N,,,
TK-246247,rules_fallback,OTHER_UNCLEAR,no,,,False,,OTHER_UNCLEAR,no,N,,,
TK-246252,rules_fallback,CANCELLATION,no,,,False,CANCELLATION,CANCELLATION,no,N,,,
TK-246255,rules_fallback,CANCELLATION,no,,,False,CANCELLATION,CANCELLATION,no,N,,,
TK-246257,rules_fallback,OTHER_UNCLEAR,no,,,False,,OTHER_UNCLEAR,no,N,,,
TK-246262,rules_fallback,OTHER_UNCLEAR,no,,,False,,OTHER_UNCLEAR,no,N,,,
TK-246263,rules_fallback,PAYMENT_ISSUE,no,,,False,PAYMENT_ISSUE,PAYMENT_ISSUE,no,N,,,
TK-246272,rules_fallback,OTHER_UNCLEAR,no,,,False,,OTHER_UNCLEAR,no,N,,,
TK-246276,rules_fallback,OTHER_UNCLEAR,no,,,False,,OTHER_UNCLEAR,no,N,,,
TK-246279,rules_fallback,OTHER_UNCLEAR,yes,,,False,,OTHER_UNCLEAR,yes,Y,,,
TK-246285,rules_fallback,RETURN_PICKUP_QC,no,,,False,RETURN_PICKUP_QC,RETURN_PICKUP_QC,no,N,,,
TK-246289,rules_fallback,OTHER_UNCLEAR,no,,,False,,OTHER_UNCLEAR,no,N,,,
TK-246290,rules_fallback,WARRANTY_BUYBACK,yes,,,False,WARRANTY_BUYBACK,WARRANTY_BUYBACK,yes,N,,,
TK-246306,rules_fallback,PAYMENT_ISSUE,no,,,False,PAYMENT_ISSUE,PAYMENT_ISSUE,no,N,,,
TK-246310,rules_fallback,PRODUCT_DEFECT,no,,,False,PRODUCT_DEFECT,PRODUCT_DEFECT,no,N,,,
TK-246313,rules_fallback,OTHER_UNCLEAR,no,,,False,,OTHER_UNCLEAR,no,N,,,
TK-246314,rules_fallback,PAYMENT_ISSUE,no,,,False,PAYMENT_ISSUE,PAYMENT_ISSUE,no,N,,,
TK-246317,rules_fallback,OTHER_UNCLEAR,yes,,,False,,OTHER_UNCLEAR,yes,Y,,,
TK-246318,rules_fallback,CANCELLATION,no,,,False,CANCELLATION,CANCELLATION,no,N,,,
TK-246319,rules_fallback,PAYMENT_ISSUE,no,,,False,PAYMENT_ISSUE,PAYMENT_ISSUE,no,N,,,
TK-246321,rules_fallback,CANCELLATION,no,,,False,CANCELLATION,CANCELLATION,no,N,,,
TK-246339,rules_fallback,PAYMENT_ISSUE,no,,,False,PAYMENT_ISSUE,PAYMENT_ISSUE,no,N,,,
TK-246341,rules_fallback,RETURN_PICKUP_QC,no,,,False,RETURN_PICKUP_QC,RETURN_PICKUP_QC,no,N,,,
TK-246344,rules_fallback,OTHER_UNCLEAR,no,,,False,,OTHER_UNCLEAR,no,N,,,
TK-246349,rules_fallback,CANCELLATION,no,,,False,CANCELLATION,CANCELLATION,no,N,,,
TK-246352,rules_fallback,CANCELLATION,no,,,False,CANCELLATION,CANCELLATION,no,N,,,
TK-246354,rules_fallback,OTHER_UNCLEAR,no,,,False,,OTHER_UNCLEAR,no,N,,,
TK-246357,rules_fallback,OTHER_UNCLEAR,no,,,False,,OTHER_UNCLEAR,no,N,,,
TK-246358,rules_fallback,OTHER_UNCLEAR,no,,,False,,OTHER_UNCLEAR,no,N,,,
TK-246362,rules_fallback,PAYMENT_ISSUE,no,,,False,PAYMENT_ISSUE,PAYMENT_ISSUE,no,N,,,
TK-246379,rules_fallback,OTHER_UNCLEAR,yes,,,False,,OTHER_UNCLEAR,yes,N,,,
TK-246391,rules_fallback,OTHER_UNCLEAR,no,,,False,,OTHER_UNCLEAR,no,N,,,
TK-246395,rules_fallback,PAYMENT_ISSUE,no,,,False,PAYMENT_ISSUE,PAYMENT_ISSUE,no,N,,,
TK-246398,rules_fallback,PRODUCT_DEFECT,yes,,,False,PRODUCT_DEFECT,PRODUCT_DEFECT,yes,N,,,
TK-246399,rules_fallback,OTHER_UNCLEAR,no,,,False,,OTHER_UNCLEAR,no,N,,,
TK-246405,rules_fallback,OTHER_UNCLEAR,no,,,False,,OTHER_UNCLEAR,no,N,,,
TK-246408,rules_fallback,OTHER_UNCLEAR,no,,,False,,OTHER_UNCLEAR,no,N,,,
TK-246412,rules_fallback,OTHER_UNCLEAR,no,,,False,,OTHER_UNCLEAR,no,N,,,
TK-246413,rules_fallback,RETURN_PICKUP_QC,no,,,False,RETURN_PICKUP_QC,RETURN_PICKUP_QC,no,N,,,
TK-246415,rules_fallback,OTHER_UNCLEAR,no,,,False,,OTHER_UNCLEAR,no,N,,,
TK-246424,rules_fallback,PAYMENT_ISSUE,no,,,False,PAYMENT_ISSUE,PAYMENT_ISSUE,no,N,,,
TK-246427,rules_fallback,PAYMENT_ISSUE,no,,,False,PAYMENT_ISSUE,PAYMENT_ISSUE,no,N,,,
TK-246431,rules_fallback,OTHER_UNCLEAR,no,,,False,,OTHER_UNCLEAR,no,N,,,
TK-246432,rules_fallback,PAYMENT_ISSUE,no,,,False,PAYMENT_ISSUE,PAYMENT_ISSUE,no,N,,,
TK-246444,rules_fallback,OTHER_UNCLEAR,no,,,False,,OTHER_UNCLEAR,no,N,,,
TK-246451,rules_fallback,PRODUCT_DEFECT,no,,,False,PRODUCT_DEFECT,PRODUCT_DEFECT,no,N,,,
TK-246460,rules_fallback,RETURN_PICKUP_QC,no,,,False,RETURN_PICKUP_QC,RETURN_PICKUP_QC,no,N,,,
TK-246462,rules_fallback,OTHER_UNCLEAR,no,,,False,,OTHER_UNCLEAR,no,N,,,
TK-246465,rules_fallback,RETURN_PICKUP_QC,no,,,False,RETURN_PICKUP_QC,RETURN_PICKUP_QC,no,N,,,
TK-246466,rules_fallback,OTHER_UNCLEAR,yes,,,False,,OTHER_UNCLEAR,yes,N,,,
TK-246472,rules_fallback,CANCELLATION,no,,,False,CANCELLATION,CANCELLATION,no,N,,,
TK-246487,rules_fallback,OTHER_UNCLEAR,no,,,False,,OTHER_UNCLEAR,no,N,,,
TK-246489,rules_fallback,RETURN_PICKUP_QC,no,,,False,RETURN_PICKUP_QC,RETURN_PICKUP_QC,no,N,,,
TK-246495,rules_fallback,RETURN_PICKUP_QC,no,,,False,RETURN_PICKUP_QC,RETURN_PICKUP_QC,no,N,,,
TK-246499,rules_fallback,PAYMENT_ISSUE,no,,,False,PAYMENT_ISSUE,PAYMENT_ISSUE,no,N,,,
TK-246507,rules_fallback,PRODUCT_DEFECT,yes,,,False,PRODUCT_DEFECT,PRODUCT_DEFECT,yes,N,,,
TK-246538,rules_fallback,OTHER_UNCLEAR,no,,,False,,OTHER_UNCLEAR,no,N,,,
TK-246552,rules_fallback,RETURN_PICKUP_QC,no,,,False,RETURN_PICKUP_QC,RETURN_PICKUP_QC,no,N,,,
TK-246559,rules_fallback,OTHER_UNCLEAR,no,,,False,,OTHER_UNCLEAR,no,N,,,
TK-246562,rules_fallback,PAYMENT_ISSUE,no,,,False,PAYMENT_ISSUE,PAYMENT_ISSUE,no,N,,,
TK-246570,rules_fallback,RETURN_PICKUP_QC,no,,,False,RETURN_PICKUP_QC,RETURN_PICKUP_QC,no,N,,,
TK-246584,rules_fallback,PAYMENT_ISSUE,no,,,False,PAYMENT_ISSUE,PAYMENT_ISSUE,no,N,,,
TK-246585,rules_fallback,OTHER_UNCLEAR,no,,,False,,OTHER_UNCLEAR,no,N,,,
TK-246589,rules_fallback,RETURN_PICKUP_QC,no,,,False,RETURN_PICKUP_QC,RETURN_PICKUP_QC,no,N,,,
TK-246601,rules_fallback,OTHER_UNCLEAR,no,,,False,,OTHER_UNCLEAR,no,N,,,
TK-246607,rules_fallback,CANCELLATION,no,,,False,CANCELLATION,CANCELLATION,no,N,,,
TK-246610,rules_fallback,PRODUCT_DEFECT,no,,,False,PRODUCT_DEFECT,PRODUCT_DEFECT,no,N,,,
TK-246612,rules_fallback,OTHER_UNCLEAR,yes,,,False,,OTHER_UNCLEAR,yes,N,,,
TK-246633,rules_fallback,OTHER_UNCLEAR,no,,,False,,OTHER_UNCLEAR,no,N,,,
TK-246639,rules_fallback,OTHER_UNCLEAR,no,,,False,,OTHER_UNCLEAR,no,N,,,
TK-246642,rules_fallback,OTHER_UNCLEAR,no,,,False,,OTHER_UNCLEAR,no,N,,,
TK-246644,rules_fallback,WARRANTY_BUYBACK,no,,,False,WARRANTY_BUYBACK,WARRANTY_BUYBACK,no,N,,,
TK-246650,rules_fallback,RETURN_PICKUP_QC,no,,,False,RETURN_PICKUP_QC,RETURN_PICKUP_QC,no,N,,,
TK-246654,rules_fallback,OTHER_UNCLEAR,no,,,False,,OTHER_UNCLEAR,no,N,,,
TK-246678,rules_fallback,RETURN_PICKUP_QC,no,,,False,RETURN_PICKUP_QC,RETURN_PICKUP_QC,no,N,,,
TK-246696,rules_fallback,OTHER_UNCLEAR,no,,,False,,OTHER_UNCLEAR,no,N,,,
TK-246698,rules_fallback,WARRANTY_BUYBACK,no,,,False,WARRANTY_BUYBACK,WARRANTY_BUYBACK,no,N,,,
TK-246700,rules_fallback,OTHER_UNCLEAR,no,,,False,,OTHER_UNCLEAR,no,N,,,
TK-246706,rules_fallback,RETURN_PICKUP_QC,no,,,False,RETURN_PICKUP_QC,RETURN_PICKUP_QC,no,N,,,
TK-246722,rules_fallback,PAYMENT_ISSUE,no,,,False,PAYMENT_ISSUE,PAYMENT_ISSUE,no,N,,,
TK-246723,rules_fallback,CANCELLATION,no,,,False,CANCELLATION,CANCELLATION,no,N,,,
TK-246724,rules_fallback,PAYMENT_ISSUE,no,,,False,PAYMENT_ISSUE,PAYMENT_ISSUE,no,N,,,
TK-246731,rules_fallback,PAYMENT_ISSUE,no,,,False,PAYMENT_ISSUE,PAYMENT_ISSUE,no,N,,,
TK-246750,rules_fallback,OTHER_UNCLEAR,yes,,,False,,OTHER_UNCLEAR,yes,N,,,
TK-246751,rules_fallback,PAYMENT_ISSUE,no,,,False,PAYMENT_ISSUE,PAYMENT_ISSUE,no,N,,,
TK-246756,rules_fallback,RETURN_PICKUP_QC,no,,,False,RETURN_PICKUP_QC,RETURN_PICKUP_QC,no,N,,,
TK-246758,rules_fallback,OTHER_UNCLEAR,no,,,False,,OTHER_UNCLEAR,no,N,,,
TK-246761,rules_fallback,RETURN_PICKUP_QC,no,,,False,RETURN_PICKUP_QC,RETURN_PICKUP_QC,no,N,,,
TK-246764,rules_fallback,PRODUCT_DEFECT,no,,,False,PRODUCT_DEFECT,PRODUCT_DEFECT,no,N,,,
TK-246767,rules_fallback,OTHER_UNCLEAR,no,,,False,,OTHER_UNCLEAR,no,N,,,
TK-246788,rules_fallback,OTHER_UNCLEAR,no,,,False,,OTHER_UNCLEAR,no,N,,,
TK-246814,rules_fallback,PRICE_COUPON,no,,,False,PRICE_COUPON,PRICE_COUPON,no,N,,,
TK-246825,rules_fallback,PRODUCT_DEFECT,no,,,False,PRODUCT_DEFECT,PRODUCT_DEFECT,no,Y,,,
TK-246838,rules_fallback,WARRANTY_BUYBACK,no,,,False,WARRANTY_BUYBACK,WARRANTY_BUYBACK,no,N,,,
TK-246839,rules_fallback,PAYMENT_ISSUE,no,,,False,PAYMENT_ISSUE,PAYMENT_ISSUE,no,N,,,
TK-246844,rules_fallback,OTHER_UNCLEAR,yes,,,False,,OTHER_UNCLEAR,yes,Y,,,
TK-246846,rules_fallback,PAYMENT_ISSUE,no,,,False,PAYMENT_ISSUE,PAYMENT_ISSUE,no,N,,,
TK-246850,rules_fallback,OTHER_UNCLEAR,yes,,,False,,OTHER_UNCLEAR,yes,N,,,
TK-246853,rules_fallback,RETURN_PICKUP_QC,no,,,False,RETURN_PICKUP_QC,RETURN_PICKUP_QC,no,N,,,
TK-246858,rules_fallback,RETURN_PICKUP_QC,no,,,False,RETURN_PICKUP_QC,RETURN_PICKUP_QC,no,N,,,
TK-246862,rules_fallback,CANCELLATION,no,,,False,CANCELLATION,CANCELLATION,no,N,,,
TK-246868,rules_fallback,PRODUCT_DEFECT,no,,,False,PRODUCT_DEFECT,PRODUCT_DEFECT,no,N,,,
TK-246870,rules_fallback,PRODUCT_DEFECT,yes,,,False,PRODUCT_DEFECT,PRODUCT_DEFECT,yes,N,,,
TK-246876,rules_fallback,OTHER_UNCLEAR,yes,,,False,,OTHER_UNCLEAR,yes,Y,,,
TK-246888,rules_fallback,OTHER_UNCLEAR,no,,,False,,OTHER_UNCLEAR,no,N,,,
TK-246895,rules_fallback,WARRANTY_BUYBACK,yes,,,False,WARRANTY_BUYBACK,WARRANTY_BUYBACK,yes,Y,,,
TK-246896,rules_fallback,PAYMENT_ISSUE,no,,,False,PAYMENT_ISSUE,PAYMENT_ISSUE,no,N,,,
TK-246910,rules_fallback,OTHER_UNCLEAR,no,,,False,,OTHER_UNCLEAR,no,N,,,
TK-246915,rules_fallback,OTHER_UNCLEAR,no,,,False,,OTHER_UNCLEAR,no,N,,,
TK-246916,rules_fallback,PAYMENT_ISSUE,no,,,False,PAYMENT_ISSUE,PAYMENT_ISSUE,no,N,,,
TK-246927,rules_fallback,OTHER_UNCLEAR,no,,,False,,OTHER_UNCLEAR,no,N,,,
TK-246928,rules_fallback,OTHER_UNCLEAR,yes,,,False,,OTHER_UNCLEAR,yes,Y,,,
TK-246932,rules_fallback,CANCELLATION,no,,,False,CANCELLATION,CANCELLATION,no,N,,,
TK-246935,rules_fallback,OTHER_UNCLEAR,no,,,False,,OTHER_UNCLEAR,no,N,,,
TK-246936,rules_fallback,OTHER_UNCLEAR,no,,,False,,OTHER_UNCLEAR,no,N,,,
TK-246943,rules_fallback,OTHER_UNCLEAR,no,,,False,,OTHER_UNCLEAR,no,N,,,
TK-246948,rules_fallback,OTHER_UNCLEAR,no,,,False,,OTHER_UNCLEAR,no,N,,,
TK-246954,rules_fallback,PAYMENT_ISSUE,no,,,False,PAYMENT_ISSUE,PAYMENT_ISSUE,no,N,,,
TK-246960,rules_fallback,OTHER_UNCLEAR,no,,,False,,OTHER_UNCLEAR,no,N,,,
TK-246967,rules_fallback,CANCELLATION,no,,,False,CANCELLATION,CANCELLATION,no,N,,,
TK-246972,rules_fallback,PAYMENT_ISSUE,no,,,False,PAYMENT_ISSUE,PAYMENT_ISSUE,no,N,,,
TK-246976,rules_fallback,PRICE_COUPON,no,,,False,PRICE_COUPON,PRICE_COUPON,no,N,,,
TK-246980,rules_fallback,OTHER_UNCLEAR,no,,,False,,OTHER_UNCLEAR,no,N,,,
TK-246987,rules_fallback,OTHER_UNCLEAR,no,,,False,,OTHER_UNCLEAR,no,N,,,
TK-246991,rules_fallback,NON_DELIVERY,no,,,False,NON_DELIVERY,NON_DELIVERY,no,N,,,
TK-247015,rules_fallback,RETURN_PICKUP_QC,no,,,False,RETURN_PICKUP_QC,RETURN_PICKUP_QC,no,N,,,
TK-247022,rules_fallback,OTHER_UNCLEAR,no,,,False,,OTHER_UNCLEAR,no,N,,,
TK-247025,rules_fallback,OTHER_UNCLEAR,no,,,False,,OTHER_UNCLEAR,no,N,,,
TK-247030,rules_fallback,CANCELLATION,no,,,False,CANCELLATION,CANCELLATION,no,N,,,
TK-247034,rules_fallback,PAYMENT_ISSUE,no,,,False,PAYMENT_ISSUE,PAYMENT_ISSUE,no,N,,,
TK-247041,rules_fallback,OTHER_UNCLEAR,yes,,,False,,OTHER_UNCLEAR,yes,N,,,
TK-247045,rules_fallback,OTHER_UNCLEAR,no,,,False,,OTHER_UNCLEAR,no,N,,,
TK-247055,rules_fallback,PRODUCT_DEFECT,no,,,False,PRODUCT_DEFECT,PRODUCT_DEFECT,no,N,,,
TK-247056,rules_fallback,PAYMENT_ISSUE,no,,,False,PAYMENT_ISSUE,PAYMENT_ISSUE,no,N,,,
TK-247060,rules_fallback,OTHER_UNCLEAR,no,,,False,,OTHER_UNCLEAR,no,N,,,
TK-247062,rules_fallback,OTHER_UNCLEAR,no,,,False,,OTHER_UNCLEAR,no,N,,,
TK-247065,rules_fallback,RETURN_PICKUP_QC,no,,,False,RETURN_PICKUP_QC,RETURN_PICKUP_QC,no,N,,,
TK-247068,rules_fallback,PRICE_COUPON,no,,,False,PRICE_COUPON,PRICE_COUPON,no,N,,,
TK-247079,rules_fallback,WARRANTY_BUYBACK,yes,,,False,WARRANTY_BUYBACK,WARRANTY_BUYBACK,yes,N,,,
TK-247084,rules_fallback,RETURN_PICKUP_QC,no,,,False,RETURN_PICKUP_QC,RETURN_PICKUP_QC,no,N,,,
TK-247086,rules_fallback,OTHER_UNCLEAR,yes,,,False,,OTHER_UNCLEAR,yes,Y,,,
TK-247090,rules_fallback,RETURN_PICKUP_QC,no,,,False,RETURN_PICKUP_QC,RETURN_PICKUP_QC,no,N,,,
TK-247093,rules_fallback,OTHER_UNCLEAR,yes,,,False,,OTHER_UNCLEAR,yes,Y,,,
TK-247095,rules_fallback,OTHER_UNCLEAR,no,,,False,,OTHER_UNCLEAR,no,N,,,
TK-247102,rules_fallback,PAYMENT_ISSUE,no,,,False,PAYMENT_ISSUE,PAYMENT_ISSUE,no,N,,,
TK-247114,rules_fallback,OTHER_UNCLEAR,yes,,,False,,OTHER_UNCLEAR,yes,N,,,
TK-247120,rules_fallback,OTHER_UNCLEAR,no,,,False,,OTHER_UNCLEAR,no,N,,,
TK-247126,rules_fallback,OTHER_UNCLEAR,yes,,,False,,OTHER_UNCLEAR,yes,N,,,
TK-247128,rules_fallback,OTHER_UNCLEAR,no,,,False,,OTHER_UNCLEAR,no,N,,,
TK-247135,rules_fallback,PAYMENT_ISSUE,no,,,False,PAYMENT_ISSUE,PAYMENT_ISSUE,no,N,,,
TK-247145,rules_fallback,OTHER_UNCLEAR,yes,,,False,,OTHER_UNCLEAR,yes,N,,,
TK-247148,rules_fallback,RETURN_PICKUP_QC,no,,,False,RETURN_PICKUP_QC,RETURN_PICKUP_QC,no,N,,,
TK-247157,rules_fallback,OTHER_UNCLEAR,no,,,False,,OTHER_UNCLEAR,no,N,,,
TK-247158,rules_fallback,OTHER_UNCLEAR,no,,,False,,OTHER_UNCLEAR,no,N,,,
TK-247175,rules_fallback,RETURN_PICKUP_QC,no,,,False,RETURN_PICKUP_QC,RETURN_PICKUP_QC,no,N,,,
TK-247190,rules_fallback,OTHER_UNCLEAR,no,,,False,,OTHER_UNCLEAR,no,N,,,
TK-247208,rules_fallback,CANCELLATION,no,,,False,CANCELLATION,CANCELLATION,no,N,,,
TK-247211,rules_fallback,RETURN_PICKUP_QC,no,,,False,RETURN_PICKUP_QC,RETURN_PICKUP_QC,no,N,,,
TK-247215,rules_fallback,PRODUCT_DEFECT,no,,,False,PRODUCT_DEFECT,PRODUCT_DEFECT,no,N,,,
TK-247217,rules_fallback,OTHER_UNCLEAR,no,,,False,,OTHER_UNCLEAR,no,N,,,
TK-247221,rules_fallback,PAYMENT_ISSUE,no,,,False,PAYMENT_ISSUE,PAYMENT_ISSUE,no,N,,,
TK-247228,rules_fallback,RETURN_PICKUP_QC,no,,,False,RETURN_PICKUP_QC,RETURN_PICKUP_QC,no,N,,,
TK-247232,rules_fallback,OTHER_UNCLEAR,yes,,,False,,OTHER_UNCLEAR,yes,N,,,
TK-247254,rules_fallback,OTHER_UNCLEAR,yes,,,False,,OTHER_UNCLEAR,yes,Y,,,
TK-247263,rules_fallback,PAYMENT_ISSUE,no,,,False,PAYMENT_ISSUE,PAYMENT_ISSUE,no,N,,,
TK-247267,rules_fallback,PRODUCT_DEFECT,yes,,,False,PRODUCT_DEFECT,PRODUCT_DEFECT,yes,Y,,,
TK-247273,rules_fallback,OTHER_UNCLEAR,no,,,False,,OTHER_UNCLEAR,no,N,,,
TK-247275,rules_fallback,CANCELLATION,no,,,False,CANCELLATION,CANCELLATION,no,N,,,
TK-247277,rules_fallback,PAYMENT_ISSUE,no,,,False,PAYMENT_ISSUE,PAYMENT_ISSUE,no,N,,,
TK-247281,rules_fallback,CANCELLATION,no,,,False,CANCELLATION,CANCELLATION,no,N,,,
TK-247289,rules_fallback,OTHER_UNCLEAR,no,,,False,,OTHER_UNCLEAR,no,N,,,
TK-247290,rules_fallback,RETURN_PICKUP_QC,no,,,False,RETURN_PICKUP_QC,RETURN_PICKUP_QC,no,N,,,
TK-247297,rules_fallback,WARRANTY_BUYBACK,yes,,,False,WARRANTY_BUYBACK,WARRANTY_BUYBACK,yes,Y,,,
TK-247298,rules_fallback,OTHER_UNCLEAR,yes,,,False,,OTHER_UNCLEAR,yes,N,,,
TK-247303,rules_fallback,OTHER_UNCLEAR,no,,,False,,OTHER_UNCLEAR,no,N,,,
TK-247306,rules_fallback,OTHER_UNCLEAR,no,,,False,,OTHER_UNCLEAR,no,N,,,
TK-247308,rules_fallback,OTHER_UNCLEAR,no,,,False,,OTHER_UNCLEAR,no,N,,,
TK-247310,rules_fallback,RETURN_PICKUP_QC,no,,,False,RETURN_PICKUP_QC,RETURN_PICKUP_QC,no,N,,,
TK-247313,rules_fallback,PRODUCT_DEFECT,no,,,False,PRODUCT_DEFECT,PRODUCT_DEFECT,no,N,,,
TK-247314,rules_fallback,OTHER_UNCLEAR,no,,,False,,OTHER_UNCLEAR,no,N,,,
TK-247319,rules_fallback,PRODUCT_DEFECT,no,,,False,PRODUCT_DEFECT,PRODUCT_DEFECT,no,N,,,
TK-247342,rules_fallback,OTHER_UNCLEAR,yes,,,False,,OTHER_UNCLEAR,yes,N,,,
TK-247346,rules_fallback,WARRANTY_BUYBACK,no,,,False,WARRANTY_BUYBACK,WARRANTY_BUYBACK,no,N,,,
TK-247350,rules_fallback,OTHER_UNCLEAR,no,,,False,,OTHER_UNCLEAR,no,N,,,
TK-247354,rules_fallback,OTHER_UNCLEAR,no,,,False,,OTHER_UNCLEAR,no,N,,,
TK-247389,rules_fallback,PAYMENT_ISSUE,no,,,False,PAYMENT_ISSUE,PAYMENT_ISSUE,no,N,,,
TK-247392,rules_fallback,OTHER_UNCLEAR,no,,,False,,OTHER_UNCLEAR,no,N,,,
TK-247414,rules_fallback,RETURN_PICKUP_QC,no,,,False,RETURN_PICKUP_QC,RETURN_PICKUP_QC,no,N,,,
TK-247425,rules_fallback,RETURN_PICKUP_QC,no,,,False,RETURN_PICKUP_QC,RETURN_PICKUP_QC,no,N,,,
TK-247433,rules_fallback,OTHER_UNCLEAR,yes,,,False,,OTHER_UNCLEAR,yes,N,,,
TK-247438,rules_fallback,RETURN_PICKUP_QC,no,,,False,RETURN_PICKUP_QC,RETURN_PICKUP_QC,no,N,,,
TK-247439,rules_fallback,PAYMENT_ISSUE,no,,,False,PAYMENT_ISSUE,PAYMENT_ISSUE,no,N,,,
TK-247444,rules_fallback,OTHER_UNCLEAR,yes,,,False,,OTHER_UNCLEAR,yes,N,,,
TK-247448,rules_fallback,RETURN_PICKUP_QC,no,,,False,RETURN_PICKUP_QC,RETURN_PICKUP_QC,no,N,,,
TK-247457,rules_fallback,WARRANTY_BUYBACK,yes,,,False,WARRANTY_BUYBACK,WARRANTY_BUYBACK,yes,N,,,
TK-247461,rules_fallback,CANCELLATION,no,,,False,CANCELLATION,CANCELLATION,no,N,,,
TK-247468,rules_fallback,OTHER_UNCLEAR,no,,,False,,OTHER_UNCLEAR,no,N,,,
TK-247471,rules_fallback,RETURN_PICKUP_QC,no,,,False,RETURN_PICKUP_QC,RETURN_PICKUP_QC,no,N,,,
TK-247472,rules_fallback,OTHER_UNCLEAR,no,,,False,,OTHER_UNCLEAR,no,N,,,
TK-247478,rules_fallback,OTHER_UNCLEAR,no,,,False,,OTHER_UNCLEAR,no,N,,,
TK-247487,rules_fallback,OTHER_UNCLEAR,no,,,False,,OTHER_UNCLEAR,no,N,,,
TK-247489,rules_fallback,OTHER_UNCLEAR,no,,,False,,OTHER_UNCLEAR,no,N,,,
TK-247491,rules_fallback,RETURN_PICKUP_QC,no,,,False,RETURN_PICKUP_QC,RETURN_PICKUP_QC,no,N,,,
TK-247492,rules_fallback,OTHER_UNCLEAR,yes,,,False,,OTHER_UNCLEAR,yes,Y,,,
TK-247493,rules_fallback,OTHER_UNCLEAR,yes,,,False,,OTHER_UNCLEAR,yes,N,,,
TK-247497,rules_fallback,RETURN_PICKUP_QC,no,,,False,RETURN_PICKUP_QC,RETURN_PICKUP_QC,no,N,,,
TK-247503,rules_fallback,OTHER_UNCLEAR,no,,,False,,OTHER_UNCLEAR,no,N,,,
TK-247504,rules_fallback,PRODUCT_DEFECT,no,,,False,PRODUCT_DEFECT,PRODUCT_DEFECT,no,N,,,
TK-247506,rules_fallback,OTHER_UNCLEAR,no,,,False,,OTHER_UNCLEAR,no,N,,,
TK-247523,rules_fallback,OTHER_UNCLEAR,no,,,False,,OTHER_UNCLEAR,no,N,,,
TK-247529,rules_fallback,RETURN_PICKUP_QC,no,,,False,RETURN_PICKUP_QC,RETURN_PICKUP_QC,no,N,,,
TK-247531,rules_fallback,RETURN_PICKUP_QC,no,,,False,RETURN_PICKUP_QC,RETURN_PICKUP_QC,no,N,,,
TK-247542,rules_fallback,RETURN_PICKUP_QC,no,,,False,RETURN_PICKUP_QC,RETURN_PICKUP_QC,no,N,,,
TK-247550,rules_fallback,PAYMENT_ISSUE,no,,,False,PAYMENT_ISSUE,PAYMENT_ISSUE,no,N,,,
TK-247554,rules_fallback,PRICE_COUPON,no,,,False,PRICE_COUPON,PRICE_COUPON,no,N,,,
TK-247555,rules_fallback,RETURN_PICKUP_QC,no,,,False,RETURN_PICKUP_QC,RETURN_PICKUP_QC,no,N,,,
TK-247560,rules_fallback,OTHER_UNCLEAR,no,,,False,,OTHER_UNCLEAR,no,N,,,
TK-247568,rules_fallback,OTHER_UNCLEAR,yes,,,False,,OTHER_UNCLEAR,yes,Y,,,
TK-247574,rules_fallback,WARRANTY_BUYBACK,yes,,,False,WARRANTY_BUYBACK,WARRANTY_BUYBACK,yes,N,,,
TK-247584,rules_fallback,OTHER_UNCLEAR,no,,,False,,OTHER_UNCLEAR,no,N,,,
TK-247587,rules_fallback,RETURN_PICKUP_QC,no,,,False,RETURN_PICKUP_QC,RETURN_PICKUP_QC,no,N,,,
TK-247590,rules_fallback,RETURN_PICKUP_QC,no,,,False,RETURN_PICKUP_QC,RETURN_PICKUP_QC,no,N,,,
TK-247599,rules_fallback,PAYMENT_ISSUE,no,,,False,PAYMENT_ISSUE,PAYMENT_ISSUE,no,N,,,
TK-247603,rules_fallback,PAYMENT_ISSUE,no,,,False,PAYMENT_ISSUE,PAYMENT_ISSUE,no,N,,,
TK-247606,rules_fallback,PAYMENT_ISSUE,no,,,False,PAYMENT_ISSUE,PAYMENT_ISSUE,no,N,,,
TK-247607,rules_fallback,PAYMENT_ISSUE,no,,,False,PAYMENT_ISSUE,PAYMENT_ISSUE,no,N,,,
TK-247610,rules_fallback,OTHER_UNCLEAR,no,,,False,,OTHER_UNCLEAR,no,N,,,
TK-247621,rules_fallback,OTHER_UNCLEAR,yes,,,False,,OTHER_UNCLEAR,yes,Y,,,
TK-247623,rules_fallback,PRODUCT_DEFECT,no,,,False,PRODUCT_DEFECT,PRODUCT_DEFECT,no,N,,,
TK-247627,rules_fallback,WARRANTY_BUYBACK,no,,,False,WARRANTY_BUYBACK,WARRANTY_BUYBACK,no,N,,,
TK-247629,rules_fallback,NON_DELIVERY,no,,,False,NON_DELIVERY,NON_DELIVERY,no,N,,,
TK-247642,rules_fallback,OTHER_UNCLEAR,no,,,False,,OTHER_UNCLEAR,no,N,,,
TK-247649,rules_fallback,PRODUCT_DEFECT,no,,,False,PRODUCT_DEFECT,PRODUCT_DEFECT,no,N,,,
TK-247652,rules_fallback,RETURN_PICKUP_QC,no,,,False,RETURN_PICKUP_QC,RETURN_PICKUP_QC,no,N,,,
TK-247653,rules_fallback,RETURN_PICKUP_QC,no,,,False,RETURN_PICKUP_QC,RETURN_PICKUP_QC,no,N,,,
TK-247661,rules_fallback,OTHER_UNCLEAR,yes,,,False,,OTHER_UNCLEAR,yes,N,,,
TK-247664,rules_fallback,OTHER_UNCLEAR,no,,,False,,OTHER_UNCLEAR,no,N,,,
TK-247685,rules_fallback,OTHER_UNCLEAR,no,,,False,,OTHER_UNCLEAR,no,N,,,
TK-247689,rules_fallback,NON_DELIVERY,no,,,False,NON_DELIVERY,NON_DELIVERY,no,N,,,
TK-247697,rules_fallback,CANCELLATION,no,,,False,CANCELLATION,CANCELLATION,no,N,,,
TK-247699,rules_fallback,RETURN_PICKUP_QC,no,,,False,RETURN_PICKUP_QC,RETURN_PICKUP_QC,no,N,,,
TK-247702,rules_fallback,RETURN_PICKUP_QC,no,,,False,RETURN_PICKUP_QC,RETURN_PICKUP_QC,no,N,,,
TK-247731,rules_fallback,PAYMENT_ISSUE,no,,,False,PAYMENT_ISSUE,PAYMENT_ISSUE,no,N,,,
TK-247738,rules_fallback,CANCELLATION,no,,,False,CANCELLATION,CANCELLATION,no,N,,,
TK-247752,rules_fallback,OTHER_UNCLEAR,no,,,False,,OTHER_UNCLEAR,no,N,,,
TK-247763,rules_fallback,OTHER_UNCLEAR,no,,,False,,OTHER_UNCLEAR,no,N,,,
TK-247764,rules_fallback,OTHER_UNCLEAR,no,,,False,,OTHER_UNCLEAR,no,N,,,
TK-247767,rules_fallback,OTHER_UNCLEAR,no,,,False,,OTHER_UNCLEAR,no,N,,,
TK-247768,rules_fallback,OTHER_UNCLEAR,no,,,False,,OTHER_UNCLEAR,no,N,,,
TK-247785,rules_fallback,RETURN_PICKUP_QC,no,,,False,RETURN_PICKUP_QC,RETURN_PICKUP_QC,no,N,,,
TK-247787,rules_fallback,RETURN_PICKUP_QC,no,,,False,RETURN_PICKUP_QC,RETURN_PICKUP_QC,no,N,,,
TK-247790,rules_fallback,RETURN_PICKUP_QC,no,,,False,RETURN_PICKUP_QC,RETURN_PICKUP_QC,no,N,,,
TK-247823,rules_fallback,OTHER_UNCLEAR,no,,,False,,OTHER_UNCLEAR,no,N,,,
TK-247826,rules_fallback,PAYMENT_ISSUE,no,,,False,PAYMENT_ISSUE,PAYMENT_ISSUE,no,N,,,
TK-247827,rules_fallback,RETURN_PICKUP_QC,no,,,False,RETURN_PICKUP_QC,RETURN_PICKUP_QC,no,N,,,
TK-247828,rules_fallback,OTHER_UNCLEAR,no,,,False,,OTHER_UNCLEAR,no,N,,,
TK-247836,rules_fallback,OTHER_UNCLEAR,no,,,False,,OTHER_UNCLEAR,no,N,,,
TK-247844,rules_fallback,OTHER_UNCLEAR,no,,,False,,OTHER_UNCLEAR,no,N,,,
TK-247849,rules_fallback,OTHER_UNCLEAR,no,,,False,,OTHER_UNCLEAR,no,N,,,
TK-247853,rules_fallback,RETURN_PICKUP_QC,no,,,False,RETURN_PICKUP_QC,RETURN_PICKUP_QC,no,N,,,
TK-247854,rules_fallback,OTHER_UNCLEAR,no,,,False,,OTHER_UNCLEAR,no,N,,,
TK-247862,rules_fallback,RETURN_PICKUP_QC,no,,,False,RETURN_PICKUP_QC,RETURN_PICKUP_QC,no,N,,,
TK-247867,rules_fallback,RETURN_PICKUP_QC,no,,,False,RETURN_PICKUP_QC,RETURN_PICKUP_QC,no,N,,,
TK-247876,rules_fallback,PAYMENT_ISSUE,no,,,False,PAYMENT_ISSUE,PAYMENT_ISSUE,no,N,,,
TK-247882,rules_fallback,OTHER_UNCLEAR,no,,,False,,OTHER_UNCLEAR,no,N,,,
TK-247885,rules_fallback,RETURN_PICKUP_QC,no,,,False,RETURN_PICKUP_QC,RETURN_PICKUP_QC,no,N,,,
TK-247895,rules_fallback,WARRANTY_BUYBACK,no,,,False,WARRANTY_BUYBACK,WARRANTY_BUYBACK,no,N,,,
TK-247905,rules_fallback,OTHER_UNCLEAR,no,,,False,,OTHER_UNCLEAR,no,N,,,
TK-247906,rules_fallback,PAYMENT_ISSUE,no,,,False,PAYMENT_ISSUE,PAYMENT_ISSUE,no,N,,,
TK-247908,rules_fallback,RETURN_PICKUP_QC,no,,,False,RETURN_PICKUP_QC,RETURN_PICKUP_QC,no,N,,,
TK-247918,rules_fallback,RETURN_PICKUP_QC,no,,,False,RETURN_PICKUP_QC,RETURN_PICKUP_QC,no,N,,,
TK-247933,rules_fallback,WARRANTY_BUYBACK,yes,,,False,WARRANTY_BUYBACK,WARRANTY_BUYBACK,yes,Y,,,
TK-247935,rules_fallback,PRODUCT_DEFECT,yes,,,False,PRODUCT_DEFECT,PRODUCT_DEFECT,yes,N,,,
TK-247941,rules_fallback,OTHER_UNCLEAR,yes,,,False,,OTHER_UNCLEAR,yes,Y,,,
TK-247945,rules_fallback,OTHER_UNCLEAR,no,,,False,,OTHER_UNCLEAR,no,N,,,
TK-247955,rules_fallback,PRICE_COUPON,no,,,False,PRICE_COUPON,PRICE_COUPON,no,N,,,
TK-247956,rules_fallback,RETURN_PICKUP_QC,no,,,False,RETURN_PICKUP_QC,RETURN_PICKUP_QC,no,N,,,
TK-247957,rules_fallback,RETURN_PICKUP_QC,no,,,False,RETURN_PICKUP_QC,RETURN_PICKUP_QC,no,N,,,
TK-247959,rules_fallback,OTHER_UNCLEAR,no,,,False,,OTHER_UNCLEAR,no,N,,,
TK-247961,rules_fallback,OTHER_UNCLEAR,yes,,,False,,OTHER_UNCLEAR,yes,Y,,,
TK-247969,rules_fallback,OTHER_UNCLEAR,yes,,,False,,OTHER_UNCLEAR,yes,Y,,,
TK-247979,rules_fallback,WARRANTY_BUYBACK,no,,,False,WARRANTY_BUYBACK,WARRANTY_BUYBACK,no,N,,,
TK-247981,rules_fallback,OTHER_UNCLEAR,no,,,False,,OTHER_UNCLEAR,no,N,,,
TK-247997,rules_fallback,OTHER_UNCLEAR,yes,,,False,,OTHER_UNCLEAR,yes,Y,,,
TK-248002,rules_fallback,RETURN_PICKUP_QC,no,,,False,RETURN_PICKUP_QC,RETURN_PICKUP_QC,no,N,,,
TK-248011,rules_fallback,OTHER_UNCLEAR,no,,,False,,OTHER_UNCLEAR,no,N,,,
TK-248012,rules_fallback,PAYMENT_ISSUE,no,,,False,PAYMENT_ISSUE,PAYMENT_ISSUE,no,N,,,
TK-248021,rules_fallback,RETURN_PICKUP_QC,no,,,False,RETURN_PICKUP_QC,RETURN_PICKUP_QC,no,N,,,
TK-248027,rules_fallback,RETURN_PICKUP_QC,no,,,False,RETURN_PICKUP_QC,RETURN_PICKUP_QC,no,N,,,
TK-248033,rules_fallback,RETURN_PICKUP_QC,no,,,False,RETURN_PICKUP_QC,RETURN_PICKUP_QC,no,N,,,
TK-248044,rules_fallback,PAYMENT_ISSUE,no,,,False,PAYMENT_ISSUE,PAYMENT_ISSUE,no,N,,,
TK-248063,rules_fallback,PAYMENT_ISSUE,no,,,False,PAYMENT_ISSUE,PAYMENT_ISSUE,no,N,,,
TK-248068,rules_fallback,PRICE_COUPON,no,,,False,PRICE_COUPON,PRICE_COUPON,no,N,,,
TK-248070,rules_fallback,OTHER_UNCLEAR,no,,,False,,OTHER_UNCLEAR,no,N,,,
TK-248071,rules_fallback,OTHER_UNCLEAR,no,,,False,,OTHER_UNCLEAR,no,N,,,
TK-248074,rules_fallback,OTHER_UNCLEAR,no,,,False,,OTHER_UNCLEAR,no,N,,,
TK-248078,rules_fallback,RETURN_PICKUP_QC,no,,,False,RETURN_PICKUP_QC,RETURN_PICKUP_QC,no,N,,,
TK-248082,rules_fallback,OTHER_UNCLEAR,yes,,,False,,OTHER_UNCLEAR,yes,Y,,,
TK-248089,rules_fallback,PAYMENT_ISSUE,no,,,False,PAYMENT_ISSUE,PAYMENT_ISSUE,no,N,,,
TK-248095,rules_fallback,NON_DELIVERY,no,,,False,NON_DELIVERY,NON_DELIVERY,no,N,,,
TK-248103,rules_fallback,OTHER_UNCLEAR,no,,,False,,OTHER_UNCLEAR,no,N,,,
TK-248104,rules_fallback,OTHER_UNCLEAR,no,,,False,,OTHER_UNCLEAR,no,N,,,
TK-248110,rules_fallback,WARRANTY_BUYBACK,no,,,False,WARRANTY_BUYBACK,WARRANTY_BUYBACK,no,N,,,
TK-248113,rules_fallback,PRODUCT_DEFECT,yes,,,False,PRODUCT_DEFECT,PRODUCT_DEFECT,yes,N,,,
TK-248116,rules_fallback,CANCELLATION,no,,,False,CANCELLATION,CANCELLATION,no,N,,,
TK-248130,rules_fallback,RETURN_PICKUP_QC,no,,,False,RETURN_PICKUP_QC,RETURN_PICKUP_QC,no,N,,,
TK-248132,rules_fallback,RETURN_PICKUP_QC,no,,,False,RETURN_PICKUP_QC,RETURN_PICKUP_QC,no,N,,,
TK-248138,rules_fallback,OTHER_UNCLEAR,no,,,False,,OTHER_UNCLEAR,no,N,,,
TK-248141,rules_fallback,OTHER_UNCLEAR,no,,,False,,OTHER_UNCLEAR,no,N,,,
TK-248145,rules_fallback,OTHER_UNCLEAR,no,,,False,,OTHER_UNCLEAR,no,N,,,
TK-248147,rules_fallback,PAYMENT_ISSUE,no,,,False,PAYMENT_ISSUE,PAYMENT_ISSUE,no,N,,,
TK-248156,rules_fallback,CANCELLATION,no,,,False,CANCELLATION,CANCELLATION,no,N,,,
TK-248158,rules_fallback,PAYMENT_ISSUE,no,,,False,PAYMENT_ISSUE,PAYMENT_ISSUE,no,N,,,
TK-248161,rules_fallback,OTHER_UNCLEAR,no,,,False,,OTHER_UNCLEAR,no,N,,,
TK-248168,rules_fallback,RETURN_PICKUP_QC,no,,,False,RETURN_PICKUP_QC,RETURN_PICKUP_QC,no,N,,,
TK-248180,rules_fallback,RETURN_PICKUP_QC,no,,,False,RETURN_PICKUP_QC,RETURN_PICKUP_QC,no,N,,,
TK-248181,rules_fallback,PAYMENT_ISSUE,no,,,False,PAYMENT_ISSUE,PAYMENT_ISSUE,no,N,,,
TK-248183,rules_fallback,OTHER_UNCLEAR,no,,,False,,OTHER_UNCLEAR,no,N,,,
TK-248187,rules_fallback,CANCELLATION,no,,,False,CANCELLATION,CANCELLATION,no,N,,,
TK-248190,rules_fallback,OTHER_UNCLEAR,no,,,False,,OTHER_UNCLEAR,no,N,,,
TK-248196,rules_fallback,CANCELLATION,no,,,False,CANCELLATION,CANCELLATION,no,N,,,
TK-248203,rules_fallback,PAYMENT_ISSUE,no,,,False,PAYMENT_ISSUE,PAYMENT_ISSUE,no,N,,,
TK-248212,rules_fallback,RETURN_PICKUP_QC,no,,,False,RETURN_PICKUP_QC,RETURN_PICKUP_QC,no,N,,,
TK-248213,rules_fallback,OTHER_UNCLEAR,no,,,False,,OTHER_UNCLEAR,no,N,,,
TK-248230,rules_fallback,OTHER_UNCLEAR,no,,,False,,OTHER_UNCLEAR,no,N,,,
TK-248232,rules_fallback,CANCELLATION,no,,,False,CANCELLATION,CANCELLATION,no,N,,,
TK-248237,rules_fallback,OTHER_UNCLEAR,no,,,False,,OTHER_UNCLEAR,no,N,,,
TK-248247,rules_fallback,CANCELLATION,no,,,False,CANCELLATION,CANCELLATION,no,N,,,
TK-248252,rules_fallback,OTHER_UNCLEAR,yes,,,False,,OTHER_UNCLEAR,yes,Y,,,
TK-248262,rules_fallback,OTHER_UNCLEAR,no,,,False,,OTHER_UNCLEAR,no,N,,,
TK-248263,rules_fallback,RETURN_PICKUP_QC,no,,,False,RETURN_PICKUP_QC,RETURN_PICKUP_QC,no,N,,,
TK-248267,rules_fallback,WARRANTY_BUYBACK,yes,,,False,WARRANTY_BUYBACK,WARRANTY_BUYBACK,yes,N,,,
TK-248268,rules_fallback,PRODUCT_DEFECT,yes,,,False,PRODUCT_DEFECT,PRODUCT_DEFECT,yes,N,,,
TK-248270,rules_fallback,OTHER_UNCLEAR,no,,,False,,OTHER_UNCLEAR,no,N,,,
TK-248274,rules_fallback,RETURN_PICKUP_QC,no,,,False,RETURN_PICKUP_QC,RETURN_PICKUP_QC,no,N,,,
TK-248279,rules_fallback,RETURN_PICKUP_QC,no,,,False,RETURN_PICKUP_QC,RETURN_PICKUP_QC,no,N,,,
TK-248280,rules_fallback,RETURN_PICKUP_QC,no,,,False,RETURN_PICKUP_QC,RETURN_PICKUP_QC,no,N,,,
TK-248288,rules_fallback,OTHER_UNCLEAR,no,,,False,,OTHER_UNCLEAR,no,N,,,
TK-248300,rules_fallback,CANCELLATION,no,,,False,CANCELLATION,CANCELLATION,no,N,,,
TK-248306,rules_fallback,OTHER_UNCLEAR,yes,,,False,,OTHER_UNCLEAR,yes,N,,,
TK-248314,rules_fallback,PAYMENT_ISSUE,no,,,False,PAYMENT_ISSUE,PAYMENT_ISSUE,no,N,,,
TK-248319,rules_fallback,WARRANTY_BUYBACK,yes,,,False,WARRANTY_BUYBACK,WARRANTY_BUYBACK,yes,Y,,,
TK-248322,rules_fallback,OTHER_UNCLEAR,no,,,False,,OTHER_UNCLEAR,no,N,,,
TK-248327,rules_fallback,OTHER_UNCLEAR,no,,,False,,OTHER_UNCLEAR,no,N,,,
TK-248329,rules_fallback,RETURN_PICKUP_QC,no,,,False,RETURN_PICKUP_QC,RETURN_PICKUP_QC,no,N,,,
TK-248338,rules_fallback,RETURN_PICKUP_QC,no,,,False,RETURN_PICKUP_QC,RETURN_PICKUP_QC,no,N,,,
TK-248342,rules_fallback,OTHER_UNCLEAR,no,,,False,,OTHER_UNCLEAR,no,N,,,
TK-248345,rules_fallback,OTHER_UNCLEAR,no,,,False,,OTHER_UNCLEAR,no,N,,,
TK-248349,rules_fallback,RETURN_PICKUP_QC,no,,,False,RETURN_PICKUP_QC,RETURN_PICKUP_QC,no,N,,,
TK-248352,rules_fallback,OTHER_UNCLEAR,yes,,,False,,OTHER_UNCLEAR,yes,N,,,
TK-248358,rules_fallback,RETURN_PICKUP_QC,no,,,False,RETURN_PICKUP_QC,RETURN_PICKUP_QC,no,N,,,
TK-248367,rules_fallback,CANCELLATION,no,,,False,CANCELLATION,CANCELLATION,no,N,,,
TK-248371,rules_fallback,RETURN_PICKUP_QC,no,,,False,RETURN_PICKUP_QC,RETURN_PICKUP_QC,no,N,,,
TK-248384,rules_fallback,PAYMENT_ISSUE,no,,,False,PAYMENT_ISSUE,PAYMENT_ISSUE,no,N,,,
TK-248389,rules_fallback,PRODUCT_DEFECT,no,,,False,PRODUCT_DEFECT,PRODUCT_DEFECT,no,N,,,
TK-248394,rules_fallback,OTHER_UNCLEAR,no,,,False,,OTHER_UNCLEAR,no,N,,,
TK-248396,rules_fallback,RETURN_PICKUP_QC,no,,,False,RETURN_PICKUP_QC,RETURN_PICKUP_QC,no,N,,,
TK-248399,rules_fallback,PAYMENT_ISSUE,no,,,False,PAYMENT_ISSUE,PAYMENT_ISSUE,no,N,,,
TK-248409,rules_fallback,NON_DELIVERY,no,,,False,NON_DELIVERY,NON_DELIVERY,no,N,,,
TK-248413,rules_fallback,PRODUCT_DEFECT,yes,,,False,PRODUCT_DEFECT,PRODUCT_DEFECT,yes,Y,,,
TK-248418,rules_fallback,OTHER_UNCLEAR,no,,,False,,OTHER_UNCLEAR,no,N,,,
TK-248426,rules_fallback,OTHER_UNCLEAR,no,,,False,,OTHER_UNCLEAR,no,N,,,
TK-248438,rules_fallback,OTHER_UNCLEAR,no,,,False,,OTHER_UNCLEAR,no,N,,,
TK-248463,rules_fallback,CANCELLATION,no,,,False,CANCELLATION,CANCELLATION,no,N,,,
TK-248481,rules_fallback,OTHER_UNCLEAR,no,,,False,,OTHER_UNCLEAR,no,N,,,
TK-248485,rules_fallback,OTHER_UNCLEAR,no,,,False,,OTHER_UNCLEAR,no,N,,,
TK-248493,rules_fallback,PAYMENT_ISSUE,no,,,False,PAYMENT_ISSUE,PAYMENT_ISSUE,no,N,,,
TK-248507,rules_fallback,OTHER_UNCLEAR,yes,,,False,,OTHER_UNCLEAR,yes,Y,,,
TK-248519,rules_fallback,OTHER_UNCLEAR,yes,,,False,,OTHER_UNCLEAR,yes,Y,,,
TK-248525,rules_fallback,OTHER_UNCLEAR,no,,,False,,OTHER_UNCLEAR,no,N,,,
TK-248530,rules_fallback,PAYMENT_ISSUE,no,,,False,PAYMENT_ISSUE,PAYMENT_ISSUE,no,N,,,
TK-248536,rules_fallback,OTHER_UNCLEAR,no,,,False,,OTHER_UNCLEAR,no,N,,,
TK-248537,rules_fallback,OTHER_UNCLEAR,no,,,False,,OTHER_UNCLEAR,no,N,,,
TK-248540,rules_fallback,PAYMENT_ISSUE,no,,,False,PAYMENT_ISSUE,PAYMENT_ISSUE,no,N,,,
TK-248542,rules_fallback,PAYMENT_ISSUE,no,,,False,PAYMENT_ISSUE,PAYMENT_ISSUE,no,N,,,
TK-248544,rules_fallback,PAYMENT_ISSUE,no,,,False,PAYMENT_ISSUE,PAYMENT_ISSUE,no,N,,,
TK-248556,rules_fallback,OTHER_UNCLEAR,no,,,False,,OTHER_UNCLEAR,no,N,,,
TK-248560,rules_fallback,PRODUCT_DEFECT,yes,,,False,PRODUCT_DEFECT,PRODUCT_DEFECT,yes,Y,,,
TK-248563,rules_fallback,OTHER_UNCLEAR,no,,,False,,OTHER_UNCLEAR,no,N,,,
TK-248569,rules_fallback,OTHER_UNCLEAR,no,,,False,,OTHER_UNCLEAR,no,N,,,
TK-248575,rules_fallback,OTHER_UNCLEAR,no,,,False,,OTHER_UNCLEAR,no,N,,,
TK-248576,rules_fallback,CANCELLATION,no,,,False,CANCELLATION,CANCELLATION,no,N,,,
TK-248583,rules_fallback,CANCELLATION,no,,,False,CANCELLATION,CANCELLATION,no,N,,,
TK-248589,rules_fallback,RETURN_PICKUP_QC,no,,,False,RETURN_PICKUP_QC,RETURN_PICKUP_QC,no,N,,,
TK-248594,rules_fallback,OTHER_UNCLEAR,no,,,False,,OTHER_UNCLEAR,no,N,,,
TK-248596,rules_fallback,PRODUCT_DEFECT,no,,,False,PRODUCT_DEFECT,PRODUCT_DEFECT,no,N,,,
TK-248597,rules_fallback,RETURN_PICKUP_QC,no,,,False,RETURN_PICKUP_QC,RETURN_PICKUP_QC,no,N,,,
TK-248604,rules_fallback,CANCELLATION,no,,,False,CANCELLATION,CANCELLATION,no,N,,,
TK-248605,rules_fallback,OTHER_UNCLEAR,no,,,False,,OTHER_UNCLEAR,no,N,,,
TK-248611,rules_fallback,PAYMENT_ISSUE,no,,,False,PAYMENT_ISSUE,PAYMENT_ISSUE,no,N,,,
TK-248622,rules_fallback,RETURN_PICKUP_QC,no,,,False,RETURN_PICKUP_QC,RETURN_PICKUP_QC,no,N,,,
TK-248630,rules_fallback,CANCELLATION,no,,,False,CANCELLATION,CANCELLATION,no,N,,,
TK-248633,rules_fallback,OTHER_UNCLEAR,no,,,False,,OTHER_UNCLEAR,no,N,,,
TK-248640,rules_fallback,RETURN_PICKUP_QC,no,,,False,RETURN_PICKUP_QC,RETURN_PICKUP_QC,no,N,,,
TK-248650,rules_fallback,RETURN_PICKUP_QC,no,,,False,RETURN_PICKUP_QC,RETURN_PICKUP_QC,no,N,,,
TK-248651,rules_fallback,OTHER_UNCLEAR,no,,,False,,OTHER_UNCLEAR,no,N,,,
TK-248652,rules_fallback,OTHER_UNCLEAR,no,,,False,,OTHER_UNCLEAR,no,N,,,
TK-248660,rules_fallback,CANCELLATION,no,,,False,CANCELLATION,CANCELLATION,no,N,,,
TK-248668,rules_fallback,NON_DELIVERY,no,,,False,NON_DELIVERY,NON_DELIVERY,no,N,,,
TK-248687,rules_fallback,PAYMENT_ISSUE,no,,,False,PAYMENT_ISSUE,PAYMENT_ISSUE,no,N,,,
TK-248701,rules_fallback,OTHER_UNCLEAR,no,,,False,,OTHER_UNCLEAR,no,N,,,
TK-248705,rules_fallback,OTHER_UNCLEAR,yes,,,False,,OTHER_UNCLEAR,yes,N,,,
TK-248716,rules_fallback,CANCELLATION,no,,,False,CANCELLATION,CANCELLATION,no,N,,,
TK-248737,rules_fallback,RETURN_PICKUP_QC,no,,,False,RETURN_PICKUP_QC,RETURN_PICKUP_QC,no,N,,,
TK-248743,rules_fallback,PRODUCT_DEFECT,yes,,,False,PRODUCT_DEFECT,PRODUCT_DEFECT,yes,N,,,
TK-248744,rules_fallback,OTHER_UNCLEAR,no,,,False,,OTHER_UNCLEAR,no,N,,,
TK-248745,rules_fallback,PRICE_COUPON,no,,,False,PRICE_COUPON,PRICE_COUPON,no,N,,,
TK-248750,rules_fallback,PAYMENT_ISSUE,no,,,False,PAYMENT_ISSUE,PAYMENT_ISSUE,no,N,,,
TK-248753,rules_fallback,OTHER_UNCLEAR,yes,,,False,,OTHER_UNCLEAR,yes,N,,,
TK-248757,rules_fallback,OTHER_UNCLEAR,no,,,False,,OTHER_UNCLEAR,no,N,,,
TK-248758,rules_fallback,PAYMENT_ISSUE,no,,,False,PAYMENT_ISSUE,PAYMENT_ISSUE,no,N,,,
TK-248761,rules_fallback,RETURN_PICKUP_QC,no,,,False,RETURN_PICKUP_QC,RETURN_PICKUP_QC,no,N,,,
TK-248762,rules_fallback,OTHER_UNCLEAR,yes,,,False,,OTHER_UNCLEAR,yes,Y,,,
TK-248770,rules_fallback,RETURN_PICKUP_QC,no,,,False,RETURN_PICKUP_QC,RETURN_PICKUP_QC,no,N,,,
TK-248772,rules_fallback,OTHER_UNCLEAR,no,,,False,,OTHER_UNCLEAR,no,N,,,
TK-248774,rules_fallback,PRODUCT_DEFECT,yes,,,False,PRODUCT_DEFECT,PRODUCT_DEFECT,yes,N,,,
TK-248779,rules_fallback,PAYMENT_ISSUE,no,,,False,PAYMENT_ISSUE,PAYMENT_ISSUE,no,N,,,
TK-248782,rules_fallback,OTHER_UNCLEAR,no,,,False,,OTHER_UNCLEAR,no,N,,,
TK-248793,rules_fallback,CANCELLATION,no,,,False,CANCELLATION,CANCELLATION,no,N,,,
TK-248794,rules_fallback,OTHER_UNCLEAR,no,,,False,,OTHER_UNCLEAR,no,N,,,
TK-248796,rules_fallback,RETURN_PICKUP_QC,no,,,False,RETURN_PICKUP_QC,RETURN_PICKUP_QC,no,N,,,
TK-248801,rules_fallback,PAYMENT_ISSUE,no,,,False,PAYMENT_ISSUE,PAYMENT_ISSUE,no,N,,,
TK-248803,rules_fallback,OTHER_UNCLEAR,no,,,False,,OTHER_UNCLEAR,no,N,,,
TK-248807,rules_fallback,RETURN_PICKUP_QC,no,,,False,RETURN_PICKUP_QC,RETURN_PICKUP_QC,no,N,,,
TK-248810,rules_fallback,PRICE_COUPON,no,,,False,PRICE_COUPON,PRICE_COUPON,no,N,,,
TK-248814,rules_fallback,RETURN_PICKUP_QC,no,,,False,RETURN_PICKUP_QC,RETURN_PICKUP_QC,no,N,,,
TK-248821,rules_fallback,OTHER_UNCLEAR,no,,,False,,OTHER_UNCLEAR,no,N,,,
TK-248838,rules_fallback,RETURN_PICKUP_QC,no,,,False,RETURN_PICKUP_QC,RETURN_PICKUP_QC,no,N,,,
TK-248839,rules_fallback,WARRANTY_BUYBACK,yes,,,False,WARRANTY_BUYBACK,WARRANTY_BUYBACK,yes,Y,,,
TK-248840,rules_fallback,OTHER_UNCLEAR,yes,,,False,,OTHER_UNCLEAR,yes,N,,,
TK-248842,rules_fallback,OTHER_UNCLEAR,no,,,False,,OTHER_UNCLEAR,no,N,,,
TK-248843,rules_fallback,PAYMENT_ISSUE,no,,,False,PAYMENT_ISSUE,PAYMENT_ISSUE,no,N,,,
TK-248849,rules_fallback,OTHER_UNCLEAR,no,,,False,,OTHER_UNCLEAR,no,N,,,
TK-248853,rules_fallback,CANCELLATION,no,,,False,CANCELLATION,CANCELLATION,no,N,,,
TK-248859,rules_fallback,OTHER_UNCLEAR,yes,,,False,,OTHER_UNCLEAR,yes,Y,,,
TK-248860,rules_fallback,PAYMENT_ISSUE,no,,,False,PAYMENT_ISSUE,PAYMENT_ISSUE,no,N,,,
TK-248862,rules_fallback,PAYMENT_ISSUE,no,,,False,PAYMENT_ISSUE,PAYMENT_ISSUE,no,N,,,
TK-248866,rules_fallback,CANCELLATION,no,,,False,CANCELLATION,CANCELLATION,no,N,,,
TK-248877,rules_fallback,RETURN_PICKUP_QC,no,,,False,RETURN_PICKUP_QC,RETURN_PICKUP_QC,no,N,,,
TK-248879,rules_fallback,CANCELLATION,no,,,False,CANCELLATION,CANCELLATION,no,N,,,
TK-248894,rules_fallback,RETURN_PICKUP_QC,no,,,False,RETURN_PICKUP_QC,RETURN_PICKUP_QC,no,N,,,
TK-248905,rules_fallback,PAYMENT_ISSUE,no,,,False,PAYMENT_ISSUE,PAYMENT_ISSUE,no,N,,,
TK-248908,rules_fallback,RETURN_PICKUP_QC,no,,,False,RETURN_PICKUP_QC,RETURN_PICKUP_QC,no,N,,,
TK-248911,rules_fallback,OTHER_UNCLEAR,no,,,False,,OTHER_UNCLEAR,no,N,,,
TK-248916,rules_fallback,OTHER_UNCLEAR,no,,,False,,OTHER_UNCLEAR,no,N,,,
TK-248923,rules_fallback,CANCELLATION,no,,,False,CANCELLATION,CANCELLATION,no,N,,,
TK-248926,rules_fallback,WARRANTY_BUYBACK,yes,,,False,WARRANTY_BUYBACK,WARRANTY_BUYBACK,yes,N,,,
TK-248929,rules_fallback,RETURN_PICKUP_QC,no,,,False,RETURN_PICKUP_QC,RETURN_PICKUP_QC,no,N,,,
TK-248945,rules_fallback,OTHER_UNCLEAR,yes,,,False,,OTHER_UNCLEAR,yes,N,,,
TK-248950,rules_fallback,OTHER_UNCLEAR,no,,,False,,OTHER_UNCLEAR,no,N,,,
TK-248952,rules_fallback,PAYMENT_ISSUE,no,,,False,PAYMENT_ISSUE,PAYMENT_ISSUE,no,N,,,
TK-248954,rules_fallback,RETURN_PICKUP_QC,no,,,False,RETURN_PICKUP_QC,RETURN_PICKUP_QC,no,N,,,
TK-248963,rules_fallback,RETURN_PICKUP_QC,no,,,False,RETURN_PICKUP_QC,RETURN_PICKUP_QC,no,N,,,
TK-248967,rules_fallback,PRODUCT_DEFECT,no,,,False,PRODUCT_DEFECT,PRODUCT_DEFECT,no,N,,,
TK-248974,rules_fallback,WARRANTY_BUYBACK,yes,,,False,WARRANTY_BUYBACK,WARRANTY_BUYBACK,yes,Y,,,
TK-248981,rules_fallback,CANCELLATION,no,,,False,CANCELLATION,CANCELLATION,no,N,,,
TK-248985,rules_fallback,RETURN_PICKUP_QC,no,,,False,RETURN_PICKUP_QC,RETURN_PICKUP_QC,no,N,,,
TK-248988,rules_fallback,PAYMENT_ISSUE,no,,,False,PAYMENT_ISSUE,PAYMENT_ISSUE,no,N,,,
TK-248991,rules_fallback,OTHER_UNCLEAR,no,,,False,,OTHER_UNCLEAR,no,N,,,
TK-248997,rules_fallback,OTHER_UNCLEAR,no,,,False,,OTHER_UNCLEAR,no,N,,,
TK-249001,rules_fallback,PAYMENT_ISSUE,no,,,False,PAYMENT_ISSUE,PAYMENT_ISSUE,no,N,,,
TK-249007,rules_fallback,RETURN_PICKUP_QC,no,,,False,RETURN_PICKUP_QC,RETURN_PICKUP_QC,no,N,,,
TK-249009,rules_fallback,OTHER_UNCLEAR,no,,,False,,OTHER_UNCLEAR,no,N,,,
TK-249020,rules_fallback,OTHER_UNCLEAR,no,,,False,,OTHER_UNCLEAR,no,N,,,
TK-249028,rules_fallback,PAYMENT_ISSUE,no,,,False,PAYMENT_ISSUE,PAYMENT_ISSUE,no,N,,,
TK-249031,rules_fallback,PAYMENT_ISSUE,no,,,False,PAYMENT_ISSUE,PAYMENT_ISSUE,no,N,,,
TK-249033,rules_fallback,OTHER_UNCLEAR,no,,,False,,OTHER_UNCLEAR,no,N,,,
TK-249067,rules_fallback,OTHER_UNCLEAR,no,,,False,,OTHER_UNCLEAR,no,N,,,
TK-249085,rules_fallback,PRICE_COUPON,no,,,False,PRICE_COUPON,PRICE_COUPON,no,N,,,
TK-249092,rules_fallback,OTHER_UNCLEAR,no,,,False,,OTHER_UNCLEAR,no,N,,,
TK-249095,rules_fallback,RETURN_PICKUP_QC,no,,,False,RETURN_PICKUP_QC,RETURN_PICKUP_QC,no,N,,,
TK-249100,rules_fallback,PAYMENT_ISSUE,no,,,False,PAYMENT_ISSUE,PAYMENT_ISSUE,no,N,,,
TK-249106,rules_fallback,PRODUCT_DEFECT,yes,,,False,PRODUCT_DEFECT,PRODUCT_DEFECT,yes,N,,,
TK-249110,rules_fallback,PAYMENT_ISSUE,no,,,False,PAYMENT_ISSUE,PAYMENT_ISSUE,no,N,,,
TK-249114,rules_fallback,RETURN_PICKUP_QC,no,,,False,RETURN_PICKUP_QC,RETURN_PICKUP_QC,no,N,,,
TK-249122,rules_fallback,RETURN_PICKUP_QC,no,,,False,RETURN_PICKUP_QC,RETURN_PICKUP_QC,no,N,,,
TK-249130,rules_fallback,OTHER_UNCLEAR,no,,,False,,OTHER_UNCLEAR,no,N,,,
TK-249134,rules_fallback,OTHER_UNCLEAR,no,,,False,,OTHER_UNCLEAR,no,N,,,
TK-249147,rules_fallback,OTHER_UNCLEAR,no,,,False,,OTHER_UNCLEAR,no,N,,,
TK-249149,rules_fallback,PAYMENT_ISSUE,no,,,False,PAYMENT_ISSUE,PAYMENT_ISSUE,no,N,,,
TK-249151,rules_fallback,OTHER_UNCLEAR,no,,,False,,OTHER_UNCLEAR,no,N,,,
TK-249155,rules_fallback,CANCELLATION,no,,,False,CANCELLATION,CANCELLATION,no,N,,,
TK-249161,rules_fallback,OTHER_UNCLEAR,yes,,,False,,OTHER_UNCLEAR,yes,Y,,,
TK-249163,rules_fallback,OTHER_UNCLEAR,no,,,False,,OTHER_UNCLEAR,no,N,,,
TK-249167,rules_fallback,OTHER_UNCLEAR,no,,,False,,OTHER_UNCLEAR,no,N,,,
TK-249172,rules_fallback,OTHER_UNCLEAR,yes,,,False,,OTHER_UNCLEAR,yes,Y,,,
TK-249195,rules_fallback,OTHER_UNCLEAR,yes,,,False,,OTHER_UNCLEAR,yes,Y,,,
TK-249196,rules_fallback,OTHER_UNCLEAR,no,,,False,,OTHER_UNCLEAR,no,N,,,
TK-249198,rules_fallback,OTHER_UNCLEAR,yes,,,False,,OTHER_UNCLEAR,yes,N,,,
TK-249200,rules_fallback,OTHER_UNCLEAR,no,,,False,,OTHER_UNCLEAR,no,N,,,
TK-249207,rules_fallback,CANCELLATION,no,,,False,CANCELLATION,CANCELLATION,no,N,,,
TK-249213,rules_fallback,OTHER_UNCLEAR,no,,,False,,OTHER_UNCLEAR,no,N,,,
TK-249217,rules_fallback,OTHER_UNCLEAR,no,,,False,,OTHER_UNCLEAR,no,N,,,
TK-249219,rules_fallback,OTHER_UNCLEAR,no,,,False,,OTHER_UNCLEAR,no,N,,,
TK-249220,rules_fallback,NON_DELIVERY,no,,,False,NON_DELIVERY,NON_DELIVERY,no,N,,,
TK-249228,rules_fallback,OTHER_UNCLEAR,no,,,False,,OTHER_UNCLEAR,no,N,,,
TK-249263,rules_fallback,RETURN_PICKUP_QC,no,,,False,RETURN_PICKUP_QC,RETURN_PICKUP_QC,no,N,,,
TK-249270,rules_fallback,CANCELLATION,no,,,False,CANCELLATION,CANCELLATION,no,N,,,
TK-249273,rules_fallback,OTHER_UNCLEAR,no,,,False,,OTHER_UNCLEAR,no,N,,,
TK-249282,rules_fallback,PAYMENT_ISSUE,no,,,False,PAYMENT_ISSUE,PAYMENT_ISSUE,no,N,,,
TK-249291,rules_fallback,OTHER_UNCLEAR,no,,,False,,OTHER_UNCLEAR,no,N,,,
TK-249310,rules_fallback,PAYMENT_ISSUE,no,,,False,PAYMENT_ISSUE,PAYMENT_ISSUE,no,N,,,
TK-249311,rules_fallback,PAYMENT_ISSUE,no,,,False,PAYMENT_ISSUE,PAYMENT_ISSUE,no,N,,,
TK-249319,rules_fallback,PAYMENT_ISSUE,no,,,False,PAYMENT_ISSUE,PAYMENT_ISSUE,no,N,,,
TK-249324,rules_fallback,OTHER_UNCLEAR,yes,,,False,,OTHER_UNCLEAR,yes,N,,,
TK-249329,rules_fallback,OTHER_UNCLEAR,yes,,,False,,OTHER_UNCLEAR,yes,Y,,,
TK-249338,rules_fallback,OTHER_UNCLEAR,no,,,False,,OTHER_UNCLEAR,no,N,,,
TK-249347,rules_fallback,RETURN_PICKUP_QC,no,,,False,RETURN_PICKUP_QC,RETURN_PICKUP_QC,no,N,,,
TK-249348,rules_fallback,CANCELLATION,no,,,False,CANCELLATION,CANCELLATION,no,N,,,
TK-249351,rules_fallback,WARRANTY_BUYBACK,yes,,,False,WARRANTY_BUYBACK,WARRANTY_BUYBACK,yes,N,,,
TK-249353,rules_fallback,OTHER_UNCLEAR,yes,,,False,,OTHER_UNCLEAR,yes,Y,,,
TK-249356,rules_fallback,PAYMENT_ISSUE,no,,,False,PAYMENT_ISSUE,PAYMENT_ISSUE,no,N,,,
TK-249358,rules_fallback,PRODUCT_DEFECT,yes,,,False,PRODUCT_DEFECT,PRODUCT_DEFECT,yes,Y,,,
TK-249360,rules_fallback,NON_DELIVERY,no,,,False,NON_DELIVERY,NON_DELIVERY,no,N,,,
TK-249368,rules_fallback,CANCELLATION,no,,,False,CANCELLATION,CANCELLATION,no,N,,,
TK-249373,rules_fallback,OTHER_UNCLEAR,no,,,False,,OTHER_UNCLEAR,no,N,,,
TK-249389,rules_fallback,RETURN_PICKUP_QC,no,,,False,RETURN_PICKUP_QC,RETURN_PICKUP_QC,no,N,,,
TK-249404,rules_fallback,PAYMENT_ISSUE,no,,,False,PAYMENT_ISSUE,PAYMENT_ISSUE,no,N,,,
TK-249405,rules_fallback,PAYMENT_ISSUE,no,,,False,PAYMENT_ISSUE,PAYMENT_ISSUE,no,N,,,
TK-249415,rules_fallback,PAYMENT_ISSUE,no,,,False,PAYMENT_ISSUE,PAYMENT_ISSUE,no,N,,,
TK-249418,rules_fallback,OTHER_UNCLEAR,no,,,False,,OTHER_UNCLEAR,no,N,,,
TK-249425,rules_fallback,OTHER_UNCLEAR,no,,,False,,OTHER_UNCLEAR,no,N,,,
TK-249427,rules_fallback,OTHER_UNCLEAR,yes,,,False,,OTHER_UNCLEAR,yes,N,,,
TK-249436,rules_fallback,CANCELLATION,no,,,False,CANCELLATION,CANCELLATION,no,N,,,
TK-249441,rules_fallback,PRODUCT_DEFECT,yes,,,False,PRODUCT_DEFECT,PRODUCT_DEFECT,yes,Y,,,
TK-249447,rules_fallback,RETURN_PICKUP_QC,no,,,False,RETURN_PICKUP_QC,RETURN_PICKUP_QC,no,N,,,
TK-249451,rules_fallback,WARRANTY_BUYBACK,no,,,False,WARRANTY_BUYBACK,WARRANTY_BUYBACK,no,N,,,
TK-249457,rules_fallback,PRODUCT_DEFECT,no,,,False,PRODUCT_DEFECT,PRODUCT_DEFECT,no,N,,,
TK-249488,rules_fallback,OTHER_UNCLEAR,no,,,False,,OTHER_UNCLEAR,no,N,,,
TK-249490,rules_fallback,OTHER_UNCLEAR,no,,,False,,OTHER_UNCLEAR,no,N,,,
TK-249501,rules_fallback,OTHER_UNCLEAR,no,,,False,,OTHER_UNCLEAR,no,N,,,
TK-249516,rules_fallback,RETURN_PICKUP_QC,no,,,False,RETURN_PICKUP_QC,RETURN_PICKUP_QC,no,N,,,
TK-249520,rules_fallback,CANCELLATION,no,,,False,CANCELLATION,CANCELLATION,no,N,,,
TK-249521,rules_fallback,CANCELLATION,no,,,False,CANCELLATION,CANCELLATION,no,N,,,
TK-249522,rules_fallback,CANCELLATION,no,,,False,CANCELLATION,CANCELLATION,no,N,,,
TK-249527,rules_fallback,OTHER_UNCLEAR,no,,,False,,OTHER_UNCLEAR,no,N,,,
TK-249528,rules_fallback,NON_DELIVERY,no,,,False,NON_DELIVERY,NON_DELIVERY,no,N,,,
TK-249530,rules_fallback,OTHER_UNCLEAR,no,,,False,,OTHER_UNCLEAR,no,N,,,
TK-249535,rules_fallback,OTHER_UNCLEAR,no,,,False,,OTHER_UNCLEAR,no,N,,,
TK-249537,rules_fallback,OTHER_UNCLEAR,no,,,False,,OTHER_UNCLEAR,no,N,,,
TK-249538,rules_fallback,PRICE_COUPON,no,,,False,PRICE_COUPON,PRICE_COUPON,no,N,,,
TK-249566,rules_fallback,OTHER_UNCLEAR,no,,,False,,OTHER_UNCLEAR,no,N,,,
TK-249572,rules_fallback,OTHER_UNCLEAR,no,,,False,,OTHER_UNCLEAR,no,N,,,
TK-249577,rules_fallback,WARRANTY_BUYBACK,no,,,False,WARRANTY_BUYBACK,WARRANTY_BUYBACK,no,N,,,
TK-249585,rules_fallback,OTHER_UNCLEAR,no,,,False,,OTHER_UNCLEAR,no,N,,,
TK-249591,rules_fallback,OTHER_UNCLEAR,yes,,,False,,OTHER_UNCLEAR,yes,N,,,
TK-249592,rules_fallback,PAYMENT_ISSUE,no,,,False,PAYMENT_ISSUE,PAYMENT_ISSUE,no,N,,,
TK-249599,rules_fallback,RETURN_PICKUP_QC,no,,,False,RETURN_PICKUP_QC,RETURN_PICKUP_QC,no,N,,,
TK-249614,rules_fallback,PAYMENT_ISSUE,no,,,False,PAYMENT_ISSUE,PAYMENT_ISSUE,no,N,,,
TK-249615,rules_fallback,PAYMENT_ISSUE,no,,,False,PAYMENT_ISSUE,PAYMENT_ISSUE,no,N,,,
TK-249625,rules_fallback,CANCELLATION,no,,,False,CANCELLATION,CANCELLATION,no,N,,,
TK-249630,rules_fallback,OTHER_UNCLEAR,no,,,False,,OTHER_UNCLEAR,no,N,,,
TK-249631,rules_fallback,CANCELLATION,no,,,False,CANCELLATION,CANCELLATION,no,N,,,
TK-249638,rules_fallback,RETURN_PICKUP_QC,no,,,False,RETURN_PICKUP_QC,RETURN_PICKUP_QC,no,N,,,
TK-249651,rules_fallback,PAYMENT_ISSUE,no,,,False,PAYMENT_ISSUE,PAYMENT_ISSUE,no,N,,,
TK-249652,rules_fallback,PAYMENT_ISSUE,no,,,False,PAYMENT_ISSUE,PAYMENT_ISSUE,no,N,,,
TK-249672,rules_fallback,PAYMENT_ISSUE,no,,,False,PAYMENT_ISSUE,PAYMENT_ISSUE,no,N,,,
TK-249675,rules_fallback,RETURN_PICKUP_QC,no,,,False,RETURN_PICKUP_QC,RETURN_PICKUP_QC,no,N,,,
TK-249677,rules_fallback,RETURN_PICKUP_QC,no,,,False,RETURN_PICKUP_QC,RETURN_PICKUP_QC,no,N,,,
TK-249687,rules_fallback,CANCELLATION,no,,,False,CANCELLATION,CANCELLATION,no,N,,,
TK-249701,rules_fallback,OTHER_UNCLEAR,no,,,False,,OTHER_UNCLEAR,no,N,,,
TK-249706,rules_fallback,RETURN_PICKUP_QC,no,,,False,RETURN_PICKUP_QC,RETURN_PICKUP_QC,no,N,,,
TK-249707,rules_fallback,RETURN_PICKUP_QC,no,,,False,RETURN_PICKUP_QC,RETURN_PICKUP_QC,no,N,,,
TK-249713,rules_fallback,OTHER_UNCLEAR,yes,,,False,,OTHER_UNCLEAR,yes,N,,,
TK-249715,rules_fallback,OTHER_UNCLEAR,no,,,False,,OTHER_UNCLEAR,no,N,,,
TK-249723,rules_fallback,RETURN_PICKUP_QC,no,,,False,RETURN_PICKUP_QC,RETURN_PICKUP_QC,no,N,,,
TK-249725,rules_fallback,OTHER_UNCLEAR,yes,,,False,,OTHER_UNCLEAR,yes,N,,,
TK-249730,rules_fallback,OTHER_UNCLEAR,yes,,,False,,OTHER_UNCLEAR,yes,N,,,
TK-249731,rules_fallback,CANCELLATION,no,,,False,CANCELLATION,CANCELLATION,no,N,,,
TK-249738,rules_fallback,RETURN_PICKUP_QC,no,,,False,RETURN_PICKUP_QC,RETURN_PICKUP_QC,no,N,,,
TK-249741,rules_fallback,OTHER_UNCLEAR,no,,,False,,OTHER_UNCLEAR,no,N,,,
TK-249755,rules_fallback,OTHER_UNCLEAR,yes,,,False,,OTHER_UNCLEAR,yes,N,,,
TK-249757,rules_fallback,WARRANTY_BUYBACK,no,,,False,WARRANTY_BUYBACK,WARRANTY_BUYBACK,no,N,,,
TK-249759,rules_fallback,PRICE_COUPON,no,,,False,PRICE_COUPON,PRICE_COUPON,no,N,,,
TK-249761,rules_fallback,OTHER_UNCLEAR,yes,,,False,,OTHER_UNCLEAR,yes,Y,,,
TK-249774,rules_fallback,OTHER_UNCLEAR,yes,,,False,,OTHER_UNCLEAR,yes,Y,,,
TK-249782,rules_fallback,RETURN_PICKUP_QC,no,,,False,RETURN_PICKUP_QC,RETURN_PICKUP_QC,no,N,,,
TK-249785,rules_fallback,PAYMENT_ISSUE,no,,,False,PAYMENT_ISSUE,PAYMENT_ISSUE,no,N,,,
TK-249788,rules_fallback,OTHER_UNCLEAR,no,,,False,,OTHER_UNCLEAR,no,N,,,
TK-249790,rules_fallback,OTHER_UNCLEAR,no,,,False,,OTHER_UNCLEAR,no,N,,,
TK-249803,rules_fallback,OTHER_UNCLEAR,no,,,False,,OTHER_UNCLEAR,no,N,,,
TK-249810,rules_fallback,PRODUCT_DEFECT,yes,,,False,PRODUCT_DEFECT,PRODUCT_DEFECT,yes,Y,,,
TK-249811,rules_fallback,OTHER_UNCLEAR,yes,,,False,,OTHER_UNCLEAR,yes,N,,,
TK-249812,rules_fallback,PRODUCT_DEFECT,yes,,,False,PRODUCT_DEFECT,PRODUCT_DEFECT,yes,Y,,,
TK-249833,rules_fallback,OTHER_UNCLEAR,no,,,False,,OTHER_UNCLEAR,no,N,,,
TK-249847,rules_fallback,RETURN_PICKUP_QC,no,,,False,RETURN_PICKUP_QC,RETURN_PICKUP_QC,no,N,,,
TK-249850,rules_fallback,CANCELLATION,no,,,False,CANCELLATION,CANCELLATION,no,N,,,
TK-249853,rules_fallback,OTHER_UNCLEAR,no,,,False,,OTHER_UNCLEAR,no,N,,,
TK-249856,rules_fallback,PRICE_COUPON,no,,,False,PRICE_COUPON,PRICE_COUPON,no,N,,,
TK-249869,rules_fallback,CANCELLATION,no,,,False,CANCELLATION,CANCELLATION,no,N,,,
TK-249872,rules_fallback,OTHER_UNCLEAR,no,,,False,,OTHER_UNCLEAR,no,N,,,
TK-249873,rules_fallback,RETURN_PICKUP_QC,no,,,False,RETURN_PICKUP_QC,RETURN_PICKUP_QC,no,N,,,
TK-249890,rules_fallback,OTHER_UNCLEAR,no,,,False,,OTHER_UNCLEAR,no,N,,,
TK-249893,rules_fallback,RETURN_PICKUP_QC,no,,,False,RETURN_PICKUP_QC,RETURN_PICKUP_QC,no,N,,,
TK-249896,rules_fallback,OTHER_UNCLEAR,yes,,,False,,OTHER_UNCLEAR,yes,N,,,
TK-249897,rules_fallback,OTHER_UNCLEAR,no,,,False,,OTHER_UNCLEAR,no,N,,,
TK-249900,rules_fallback,PRODUCT_DEFECT,no,,,False,PRODUCT_DEFECT,PRODUCT_DEFECT,no,N,,,
TK-249903,rules_fallback,PRICE_COUPON,no,,,False,PRICE_COUPON,PRICE_COUPON,no,N,,,
TK-249912,rules_fallback,OTHER_UNCLEAR,no,,,False,,OTHER_UNCLEAR,no,N,,,
TK-249913,rules_fallback,RETURN_PICKUP_QC,no,,,False,RETURN_PICKUP_QC,RETURN_PICKUP_QC,no,N,,,
TK-249919,rules_fallback,PAYMENT_ISSUE,no,,,False,PAYMENT_ISSUE,PAYMENT_ISSUE,no,N,,,
TK-249925,rules_fallback,RETURN_PICKUP_QC,no,,,False,RETURN_PICKUP_QC,RETURN_PICKUP_QC,no,N,,,
TK-249931,rules_fallback,RETURN_PICKUP_QC,no,,,False,RETURN_PICKUP_QC,RETURN_PICKUP_QC,no,N,,,
TK-249933,rules_fallback,PRODUCT_DEFECT,no,,,False,PRODUCT_DEFECT,PRODUCT_DEFECT,no,N,,,
TK-249952,rules_fallback,OTHER_UNCLEAR,no,,,False,,OTHER_UNCLEAR,no,N,,,
TK-249960,rules_fallback,OTHER_UNCLEAR,no,,,False,,OTHER_UNCLEAR,no,N,,,
TK-249970,rules_fallback,PAYMENT_ISSUE,no,,,False,PAYMENT_ISSUE,PAYMENT_ISSUE,no,N,,,
TK-249977,rules_fallback,WARRANTY_BUYBACK,yes,,,False,WARRANTY_BUYBACK,WARRANTY_BUYBACK,yes,Y,,,
TK-249993,rules_fallback,OTHER_UNCLEAR,no,,,False,,OTHER_UNCLEAR,no,N,,,
TK-249996,rules_fallback,OTHER_UNCLEAR,no,,,False,,OTHER_UNCLEAR,no,N,,,
TK-250008,rules_fallback,OTHER_UNCLEAR,no,,,False,,OTHER_UNCLEAR,no,N,,,
TK-250012,rules_fallback,OTHER_UNCLEAR,no,,,False,,OTHER_UNCLEAR,no,N,,,
TK-250021,rules_fallback,CANCELLATION,no,,,False,CANCELLATION,CANCELLATION,no,N,,,
TK-250022,rules_fallback,OTHER_UNCLEAR,yes,,,False,,OTHER_UNCLEAR,yes,Y,,,
TK-250031,rules_fallback,RETURN_PICKUP_QC,no,,,False,RETURN_PICKUP_QC,RETURN_PICKUP_QC,no,N,,,
TK-250032,rules_fallback,PAYMENT_ISSUE,no,,,False,PAYMENT_ISSUE,PAYMENT_ISSUE,no,N,,,
TK-250044,rules_fallback,OTHER_UNCLEAR,yes,,,False,,OTHER_UNCLEAR,yes,N,,,
TK-250054,rules_fallback,PAYMENT_ISSUE,no,,,False,PAYMENT_ISSUE,PAYMENT_ISSUE,no,N,,,
TK-250056,rules_fallback,RETURN_PICKUP_QC,no,,,False,RETURN_PICKUP_QC,RETURN_PICKUP_QC,no,N,,,
TK-250061,rules_fallback,CANCELLATION,no,,,False,CANCELLATION,CANCELLATION,no,N,,,
TK-250072,rules_fallback,PRICE_COUPON,no,,,False,PRICE_COUPON,PRICE_COUPON,no,N,,,
TK-250082,rules_fallback,RETURN_PICKUP_QC,no,,,False,RETURN_PICKUP_QC,RETURN_PICKUP_QC,no,N,,,
TK-250085,rules_fallback,RETURN_PICKUP_QC,no,,,False,RETURN_PICKUP_QC,RETURN_PICKUP_QC,no,N,,,
TK-250087,rules_fallback,OTHER_UNCLEAR,yes,,,False,,OTHER_UNCLEAR,yes,N,,,
TK-250091,rules_fallback,PRICE_COUPON,no,,,False,PRICE_COUPON,PRICE_COUPON,no,N,,,
TK-250094,rules_fallback,OTHER_UNCLEAR,no,,,False,,OTHER_UNCLEAR,no,N,,,
TK-250095,rules_fallback,RETURN_PICKUP_QC,no,,,False,RETURN_PICKUP_QC,RETURN_PICKUP_QC,no,N,,,
TK-250108,rules_fallback,OTHER_UNCLEAR,no,,,False,,OTHER_UNCLEAR,no,N,,,
TK-250119,rules_fallback,PAYMENT_ISSUE,no,,,False,PAYMENT_ISSUE,PAYMENT_ISSUE,no,N,,,
TK-250120,rules_fallback,OTHER_UNCLEAR,no,,,False,,OTHER_UNCLEAR,no,N,,,
TK-250131,rules_fallback,PRICE_COUPON,no,,,False,PRICE_COUPON,PRICE_COUPON,no,N,,,
TK-250137,rules_fallback,OTHER_UNCLEAR,no,,,False,,OTHER_UNCLEAR,no,N,,,
TK-250139,rules_fallback,OTHER_UNCLEAR,no,,,False,,OTHER_UNCLEAR,no,N,,,
TK-250140,rules_fallback,OTHER_UNCLEAR,no,,,False,,OTHER_UNCLEAR,no,N,,,
TK-250151,rules_fallback,RETURN_PICKUP_QC,no,,,False,RETURN_PICKUP_QC,RETURN_PICKUP_QC,no,N,,,
TK-250155,rules_fallback,OTHER_UNCLEAR,no,,,False,,OTHER_UNCLEAR,no,N,,,
TK-250162,rules_fallback,PAYMENT_ISSUE,no,,,False,PAYMENT_ISSUE,PAYMENT_ISSUE,no,N,,,
TK-250180,rules_fallback,PAYMENT_ISSUE,no,,,False,PAYMENT_ISSUE,PAYMENT_ISSUE,no,N,,,
TK-250182,rules_fallback,OTHER_UNCLEAR,no,,,False,,OTHER_UNCLEAR,no,N,,,
TK-250183,rules_fallback,PAYMENT_ISSUE,no,,,False,PAYMENT_ISSUE,PAYMENT_ISSUE,no,N,,,
TK-250202,rules_fallback,PAYMENT_ISSUE,no,,,False,PAYMENT_ISSUE,PAYMENT_ISSUE,no,N,,,
TK-250207,rules_fallback,PRODUCT_DEFECT,yes,,,False,PRODUCT_DEFECT,PRODUCT_DEFECT,yes,N,,,
TK-250209,rules_fallback,OTHER_UNCLEAR,yes,,,False,,OTHER_UNCLEAR,yes,N,,,
TK-250210,rules_fallback,PAYMENT_ISSUE,no,,,False,PAYMENT_ISSUE,PAYMENT_ISSUE,no,N,,,
TK-250215,rules_fallback,OTHER_UNCLEAR,no,,,False,,OTHER_UNCLEAR,no,N,,,
TK-250219,rules_fallback,NON_DELIVERY,no,,,False,NON_DELIVERY,NON_DELIVERY,no,N,,,
TK-250228,rules_fallback,RETURN_PICKUP_QC,no,,,False,RETURN_PICKUP_QC,RETURN_PICKUP_QC,no,N,,,
TK-250234,rules_fallback,PRODUCT_DEFECT,yes,,,False,PRODUCT_DEFECT,PRODUCT_DEFECT,yes,Y,,,
TK-250251,rules_fallback,OTHER_UNCLEAR,no,,,False,,OTHER_UNCLEAR,no,N,,,
TK-250255,rules_fallback,OTHER_UNCLEAR,no,,,False,,OTHER_UNCLEAR,no,N,,,
TK-250260,rules_fallback,PRICE_COUPON,no,,,False,PRICE_COUPON,PRICE_COUPON,no,N,,,
TK-250266,rules_fallback,RETURN_PICKUP_QC,no,,,False,RETURN_PICKUP_QC,RETURN_PICKUP_QC,no,N,,,
TK-250314,rules_fallback,RETURN_PICKUP_QC,no,,,False,RETURN_PICKUP_QC,RETURN_PICKUP_QC,no,N,,,
TK-250341,rules_fallback,OTHER_UNCLEAR,no,,,False,,OTHER_UNCLEAR,no,N,,,
TK-250345,rules_fallback,OTHER_UNCLEAR,no,,,False,,OTHER_UNCLEAR,no,N,,,
TK-250359,rules_fallback,OTHER_UNCLEAR,yes,,,False,,OTHER_UNCLEAR,yes,Y,,,
TK-250370,rules_fallback,OTHER_UNCLEAR,yes,,,False,,OTHER_UNCLEAR,yes,Y,,,
TK-250375,rules_fallback,RETURN_PICKUP_QC,no,,,False,RETURN_PICKUP_QC,RETURN_PICKUP_QC,no,N,,,
TK-250377,rules_fallback,PAYMENT_ISSUE,no,,,False,PAYMENT_ISSUE,PAYMENT_ISSUE,no,N,,,
TK-250383,rules_fallback,RETURN_PICKUP_QC,no,,,False,RETURN_PICKUP_QC,RETURN_PICKUP_QC,no,N,,,
TK-250388,rules_fallback,RETURN_PICKUP_QC,no,,,False,RETURN_PICKUP_QC,RETURN_PICKUP_QC,no,N,,,
TK-250389,rules_fallback,PAYMENT_ISSUE,no,,,False,PAYMENT_ISSUE,PAYMENT_ISSUE,no,N,,,
TK-250398,rules_fallback,CANCELLATION,no,,,False,CANCELLATION,CANCELLATION,no,N,,,
TK-250422,rules_fallback,OTHER_UNCLEAR,no,,,False,,OTHER_UNCLEAR,no,N,,,
TK-250428,rules_fallback,OTHER_UNCLEAR,yes,,,False,,OTHER_UNCLEAR,yes,N,,,
TK-250446,rules_fallback,OTHER_UNCLEAR,no,,,False,,OTHER_UNCLEAR,no,N,,,
TK-250453,rules_fallback,OTHER_UNCLEAR,no,,,False,,OTHER_UNCLEAR,no,N,,,
TK-250456,rules_fallback,RETURN_PICKUP_QC,no,,,False,RETURN_PICKUP_QC,RETURN_PICKUP_QC,no,N,,,
TK-250466,rules_fallback,PAYMENT_ISSUE,no,,,False,PAYMENT_ISSUE,PAYMENT_ISSUE,no,N,,,
TK-250470,rules_fallback,OTHER_UNCLEAR,no,,,False,,OTHER_UNCLEAR,no,N,,,
TK-250471,rules_fallback,OTHER_UNCLEAR,no,,,False,,OTHER_UNCLEAR,no,N,,,
TK-250489,rules_fallback,OTHER_UNCLEAR,no,,,False,,OTHER_UNCLEAR,no,N,,,
TK-250499,rules_fallback,OTHER_UNCLEAR,yes,,,False,,OTHER_UNCLEAR,yes,Y,,,
TK-250501,rules_fallback,CANCELLATION,no,,,False,CANCELLATION,CANCELLATION,no,N,,,
TK-250509,rules_fallback,PAYMENT_ISSUE,no,,,False,PAYMENT_ISSUE,PAYMENT_ISSUE,no,N,,,
TK-250524,rules_fallback,PAYMENT_ISSUE,no,,,False,PAYMENT_ISSUE,PAYMENT_ISSUE,no,N,,,
TK-250537,rules_fallback,RETURN_PICKUP_QC,no,,,False,RETURN_PICKUP_QC,RETURN_PICKUP_QC,no,N,,,
TK-250542,rules_fallback,RETURN_PICKUP_QC,no,,,False,RETURN_PICKUP_QC,RETURN_PICKUP_QC,no,N,,,
TK-250554,rules_fallback,OTHER_UNCLEAR,yes,,,False,,OTHER_UNCLEAR,yes,N,,,
TK-250559,rules_fallback,PRODUCT_DEFECT,no,,,False,PRODUCT_DEFECT,PRODUCT_DEFECT,no,N,,,
TK-250570,rules_fallback,PAYMENT_ISSUE,no,,,False,PAYMENT_ISSUE,PAYMENT_ISSUE,no,N,,,
TK-250571,rules_fallback,RETURN_PICKUP_QC,no,,,False,RETURN_PICKUP_QC,RETURN_PICKUP_QC,no,N,,,
TK-250576,rules_fallback,PRODUCT_DEFECT,yes,,,False,PRODUCT_DEFECT,PRODUCT_DEFECT,yes,Y,,,
TK-250580,rules_fallback,OTHER_UNCLEAR,no,,,False,,OTHER_UNCLEAR,no,N,,,
TK-250584,rules_fallback,PRODUCT_DEFECT,yes,,,False,PRODUCT_DEFECT,PRODUCT_DEFECT,yes,N,,,
TK-250586,rules_fallback,RETURN_PICKUP_QC,no,,,False,RETURN_PICKUP_QC,RETURN_PICKUP_QC,no,N,,,
TK-250588,rules_fallback,OTHER_UNCLEAR,no,,,False,,OTHER_UNCLEAR,no,N,,,
TK-250592,rules_fallback,RETURN_PICKUP_QC,no,,,False,RETURN_PICKUP_QC,RETURN_PICKUP_QC,no,N,,,
TK-250604,rules_fallback,OTHER_UNCLEAR,no,,,False,,OTHER_UNCLEAR,no,N,,,
TK-250608,rules_fallback,OTHER_UNCLEAR,no,,,False,,OTHER_UNCLEAR,no,N,,,
TK-250624,rules_fallback,OTHER_UNCLEAR,yes,,,False,,OTHER_UNCLEAR,yes,N,,,
TK-250626,rules_fallback,OTHER_UNCLEAR,no,,,False,,OTHER_UNCLEAR,no,N,,,
TK-250632,rules_fallback,OTHER_UNCLEAR,no,,,False,,OTHER_UNCLEAR,no,N,,,
TK-250633,rules_fallback,OTHER_UNCLEAR,yes,,,False,,OTHER_UNCLEAR,yes,Y,,,
TK-250634,rules_fallback,OTHER_UNCLEAR,no,,,False,,OTHER_UNCLEAR,no,N,,,
TK-250635,rules_fallback,RETURN_PICKUP_QC,no,,,False,RETURN_PICKUP_QC,RETURN_PICKUP_QC,no,N,,,
TK-250666,rules_fallback,OTHER_UNCLEAR,yes,,,False,,OTHER_UNCLEAR,yes,N,,,
TK-250667,rules_fallback,RETURN_PICKUP_QC,no,,,False,RETURN_PICKUP_QC,RETURN_PICKUP_QC,no,N,,,
TK-250668,rules_fallback,PAYMENT_ISSUE,no,,,False,PAYMENT_ISSUE,PAYMENT_ISSUE,no,N,,,
TK-250673,rules_fallback,PAYMENT_ISSUE,no,,,False,PAYMENT_ISSUE,PAYMENT_ISSUE,no,N,,,
TK-250681,rules_fallback,RETURN_PICKUP_QC,no,,,False,RETURN_PICKUP_QC,RETURN_PICKUP_QC,no,N,,,
TK-250694,rules_fallback,PRODUCT_DEFECT,yes,,,False,PRODUCT_DEFECT,PRODUCT_DEFECT,yes,Y,,,
TK-250701,rules_fallback,OTHER_UNCLEAR,yes,,,False,,OTHER_UNCLEAR,yes,Y,,,
TK-250703,rules_fallback,OTHER_UNCLEAR,no,,,False,,OTHER_UNCLEAR,no,N,,,
TK-250704,rules_fallback,WARRANTY_BUYBACK,yes,,,False,WARRANTY_BUYBACK,WARRANTY_BUYBACK,yes,Y,,,
TK-250713,rules_fallback,CANCELLATION,no,,,False,CANCELLATION,CANCELLATION,no,N,,,
TK-250719,rules_fallback,PAYMENT_ISSUE,no,,,False,PAYMENT_ISSUE,PAYMENT_ISSUE,no,N,,,
TK-250720,rules_fallback,OTHER_UNCLEAR,no,,,False,,OTHER_UNCLEAR,no,N,,,
TK-250722,rules_fallback,OTHER_UNCLEAR,yes,,,False,,OTHER_UNCLEAR,yes,N,,,
TK-250731,rules_fallback,RETURN_PICKUP_QC,no,,,False,RETURN_PICKUP_QC,RETURN_PICKUP_QC,no,N,,,
TK-250744,rules_fallback,CANCELLATION,no,,,False,CANCELLATION,CANCELLATION,no,N,,,
TK-250745,rules_fallback,RETURN_PICKUP_QC,no,,,False,RETURN_PICKUP_QC,RETURN_PICKUP_QC,no,N,,,
TK-250747,rules_fallback,CANCELLATION,no,,,False,CANCELLATION,CANCELLATION,no,N,,,
TK-250749,rules_fallback,OTHER_UNCLEAR,no,,,False,,OTHER_UNCLEAR,no,N,,,
TK-250754,rules_fallback,OTHER_UNCLEAR,no,,,False,,OTHER_UNCLEAR,no,N,,,
TK-250758,rules_fallback,OTHER_UNCLEAR,no,,,False,,OTHER_UNCLEAR,no,N,,,
TK-250762,rules_fallback,PAYMENT_ISSUE,no,,,False,PAYMENT_ISSUE,PAYMENT_ISSUE,no,N,,,
TK-250764,rules_fallback,OTHER_UNCLEAR,no,,,False,,OTHER_UNCLEAR,no,N,,,
TK-250771,rules_fallback,NON_DELIVERY,no,,,False,NON_DELIVERY,NON_DELIVERY,no,N,,,
TK-250779,rules_fallback,PAYMENT_ISSUE,no,,,False,PAYMENT_ISSUE,PAYMENT_ISSUE,no,N,,,
TK-250780,rules_fallback,NON_DELIVERY,yes,,,False,NON_DELIVERY,NON_DELIVERY,yes,N,,,
TK-250782,rules_fallback,CANCELLATION,no,,,False,CANCELLATION,CANCELLATION,no,N,,,
TK-250792,rules_fallback,RETURN_PICKUP_QC,no,,,False,RETURN_PICKUP_QC,RETURN_PICKUP_QC,no,N,,,
TK-250795,rules_fallback,RETURN_PICKUP_QC,no,,,False,RETURN_PICKUP_QC,RETURN_PICKUP_QC,no,N,,,
TK-250813,rules_fallback,OTHER_UNCLEAR,no,,,False,,OTHER_UNCLEAR,no,N,,,
TK-250814,rules_fallback,RETURN_PICKUP_QC,no,,,False,RETURN_PICKUP_QC,RETURN_PICKUP_QC,no,N,,,
TK-250823,rules_fallback,OTHER_UNCLEAR,no,,,False,,OTHER_UNCLEAR,no,N,,,
TK-250827,rules_fallback,PRODUCT_DEFECT,yes,,,False,PRODUCT_DEFECT,PRODUCT_DEFECT,yes,Y,,,
TK-250828,rules_fallback,PRODUCT_DEFECT,no,,,False,PRODUCT_DEFECT,PRODUCT_DEFECT,no,N,,,
TK-250829,rules_fallback,PAYMENT_ISSUE,no,,,False,PAYMENT_ISSUE,PAYMENT_ISSUE,no,N,,,
TK-250833,rules_fallback,WARRANTY_BUYBACK,yes,,,False,WARRANTY_BUYBACK,WARRANTY_BUYBACK,yes,Y,,,
TK-250852,rules_fallback,PAYMENT_ISSUE,no,,,False,PAYMENT_ISSUE,PAYMENT_ISSUE,no,N,,,
TK-250857,rules_fallback,PAYMENT_ISSUE,no,,,False,PAYMENT_ISSUE,PAYMENT_ISSUE,no,N,,,
TK-250860,rules_fallback,RETURN_PICKUP_QC,no,,,False,RETURN_PICKUP_QC,RETURN_PICKUP_QC,no,N,,,
TK-250866,rules_fallback,PAYMENT_ISSUE,no,,,False,PAYMENT_ISSUE,PAYMENT_ISSUE,no,N,,,
TK-250877,rules_fallback,OTHER_UNCLEAR,no,,,False,,OTHER_UNCLEAR,no,N,,,
TK-250880,rules_fallback,OTHER_UNCLEAR,no,,,False,,OTHER_UNCLEAR,no,N,,,
TK-250884,rules_fallback,CANCELLATION,no,,,False,CANCELLATION,CANCELLATION,no,N,,,
TK-250886,rules_fallback,OTHER_UNCLEAR,yes,,,False,,OTHER_UNCLEAR,yes,Y,,,
TK-250889,rules_fallback,PAYMENT_ISSUE,no,,,False,PAYMENT_ISSUE,PAYMENT_ISSUE,no,N,,,
TK-250890,rules_fallback,RETURN_PICKUP_QC,no,,,False,RETURN_PICKUP_QC,RETURN_PICKUP_QC,no,N,,,
TK-250891,rules_fallback,OTHER_UNCLEAR,no,,,False,,OTHER_UNCLEAR,no,N,,,
TK-250899,rules_fallback,CANCELLATION,no,,,False,CANCELLATION,CANCELLATION,no,N,,,
TK-250905,rules_fallback,PAYMENT_ISSUE,no,,,False,PAYMENT_ISSUE,PAYMENT_ISSUE,no,N,,,
TK-250906,rules_fallback,OTHER_UNCLEAR,yes,,,False,,OTHER_UNCLEAR,yes,N,,,
TK-250922,rules_fallback,OTHER_UNCLEAR,no,,,False,,OTHER_UNCLEAR,no,N,,,
TK-250932,rules_fallback,PRODUCT_DEFECT,no,,,False,PRODUCT_DEFECT,PRODUCT_DEFECT,no,N,,,
TK-250948,rules_fallback,OTHER_UNCLEAR,no,,,False,,OTHER_UNCLEAR,no,N,,,
TK-250954,rules_fallback,OTHER_UNCLEAR,no,,,False,,OTHER_UNCLEAR,no,N,,,
TK-250967,rules_fallback,CANCELLATION,no,,,False,CANCELLATION,CANCELLATION,no,N,,,
TK-250970,rules_fallback,RETURN_PICKUP_QC,no,,,False,RETURN_PICKUP_QC,RETURN_PICKUP_QC,no,N,,,
TK-250974,rules_fallback,OTHER_UNCLEAR,yes,,,False,,OTHER_UNCLEAR,yes,Y,,,
TK-250975,rules_fallback,RETURN_PICKUP_QC,no,,,False,RETURN_PICKUP_QC,RETURN_PICKUP_QC,no,N,,,
TK-250977,rules_fallback,OTHER_UNCLEAR,yes,,,False,,OTHER_UNCLEAR,yes,Y,,,
TK-250980,rules_fallback,PAYMENT_ISSUE,no,,,False,PAYMENT_ISSUE,PAYMENT_ISSUE,no,N,,,
TK-250988,rules_fallback,OTHER_UNCLEAR,no,,,False,,OTHER_UNCLEAR,no,N,,,
TK-251001,rules_fallback,OTHER_UNCLEAR,no,,,False,,OTHER_UNCLEAR,no,N,,,
TK-251013,rules_fallback,RETURN_PICKUP_QC,no,,,False,RETURN_PICKUP_QC,RETURN_PICKUP_QC,no,N,,,
TK-251017,rules_fallback,OTHER_UNCLEAR,no,,,False,,OTHER_UNCLEAR,no,N,,,
TK-251021,rules_fallback,OTHER_UNCLEAR,no,,,False,,OTHER_UNCLEAR,no,N,,,
TK-251027,rules_fallback,PAYMENT_ISSUE,no,,,False,PAYMENT_ISSUE,PAYMENT_ISSUE,no,N,,,
TK-251031,rules_fallback,OTHER_UNCLEAR,yes,,,False,,OTHER_UNCLEAR,yes,Y,,,
TK-251042,rules_fallback,OTHER_UNCLEAR,yes,,,False,,OTHER_UNCLEAR,yes,N,,,
TK-251044,rules_fallback,RETURN_PICKUP_QC,no,,,False,RETURN_PICKUP_QC,RETURN_PICKUP_QC,no,N,,,
TK-251059,rules_fallback,CANCELLATION,no,,,False,CANCELLATION,CANCELLATION,no,N,,,
TK-251070,rules_fallback,OTHER_UNCLEAR,no,,,False,,OTHER_UNCLEAR,no,N,,,
TK-251081,rules_fallback,RETURN_PICKUP_QC,no,,,False,RETURN_PICKUP_QC,RETURN_PICKUP_QC,no,N,,,
TK-251094,rules_fallback,OTHER_UNCLEAR,no,,,False,,OTHER_UNCLEAR,no,N,,,
TK-251107,rules_fallback,PAYMENT_ISSUE,no,,,False,PAYMENT_ISSUE,PAYMENT_ISSUE,no,N,,,
TK-251115,rules_fallback,OTHER_UNCLEAR,no,,,False,,OTHER_UNCLEAR,no,N,,,
TK-251127,rules_fallback,PAYMENT_ISSUE,no,,,False,PAYMENT_ISSUE,PAYMENT_ISSUE,no,N,,,
TK-251139,rules_fallback,OTHER_UNCLEAR,yes,,,False,,OTHER_UNCLEAR,yes,N,,,
TK-251146,rules_fallback,OTHER_UNCLEAR,yes,,,False,,OTHER_UNCLEAR,yes,N,,,
TK-251151,rules_fallback,OTHER_UNCLEAR,no,,,False,,OTHER_UNCLEAR,no,N,,,
TK-251158,rules_fallback,RETURN_PICKUP_QC,no,,,False,RETURN_PICKUP_QC,RETURN_PICKUP_QC,no,N,,,
TK-251174,rules_fallback,RETURN_PICKUP_QC,no,,,False,RETURN_PICKUP_QC,RETURN_PICKUP_QC,no,N,,,
TK-251186,rules_fallback,OTHER_UNCLEAR,no,,,False,,OTHER_UNCLEAR,no,N,,,
TK-251191,rules_fallback,PRODUCT_DEFECT,no,,,False,PRODUCT_DEFECT,PRODUCT_DEFECT,no,N,,,
TK-251200,rules_fallback,OTHER_UNCLEAR,no,,,False,,OTHER_UNCLEAR,no,N,,,
TK-251208,rules_fallback,RETURN_PICKUP_QC,no,,,False,RETURN_PICKUP_QC,RETURN_PICKUP_QC,no,N,,,
TK-251209,rules_fallback,NON_DELIVERY,no,,,False,NON_DELIVERY,NON_DELIVERY,no,N,,,
TK-251212,rules_fallback,PAYMENT_ISSUE,no,,,False,PAYMENT_ISSUE,PAYMENT_ISSUE,no,N,,,
TK-251219,rules_fallback,PRICE_COUPON,no,,,False,PRICE_COUPON,PRICE_COUPON,no,N,,,
TK-251237,rules_fallback,OTHER_UNCLEAR,no,,,False,,OTHER_UNCLEAR,no,N,,,
TK-251241,rules_fallback,RETURN_PICKUP_QC,no,,,False,RETURN_PICKUP_QC,RETURN_PICKUP_QC,no,N,,,
TK-251244,rules_fallback,PAYMENT_ISSUE,no,,,False,PAYMENT_ISSUE,PAYMENT_ISSUE,no,N,,,
TK-251247,rules_fallback,WARRANTY_BUYBACK,yes,,,False,WARRANTY_BUYBACK,WARRANTY_BUYBACK,yes,N,,,
TK-251248,rules_fallback,OTHER_UNCLEAR,yes,,,False,,OTHER_UNCLEAR,yes,Y,,,
TK-251265,rules_fallback,OTHER_UNCLEAR,yes,,,False,,OTHER_UNCLEAR,yes,N,,,
TK-251274,rules_fallback,OTHER_UNCLEAR,no,,,False,,OTHER_UNCLEAR,no,N,,,
TK-251282,rules_fallback,OTHER_UNCLEAR,no,,,False,,OTHER_UNCLEAR,no,N,,,
TK-251284,rules_fallback,OTHER_UNCLEAR,no,,,False,,OTHER_UNCLEAR,no,Y,,,
TK-251307,rules_fallback,OTHER_UNCLEAR,no,,,False,,OTHER_UNCLEAR,no,N,,,
TK-251308,rules_fallback,NON_DELIVERY,yes,,,False,NON_DELIVERY,NON_DELIVERY,yes,N,,,
TK-251319,rules_fallback,WARRANTY_BUYBACK,yes,,,False,WARRANTY_BUYBACK,WARRANTY_BUYBACK,yes,Y,,,
TK-251320,rules_fallback,WARRANTY_BUYBACK,no,,,False,WARRANTY_BUYBACK,WARRANTY_BUYBACK,no,N,,,
TK-251321,rules_fallback,RETURN_PICKUP_QC,no,,,False,RETURN_PICKUP_QC,RETURN_PICKUP_QC,no,N,,,
TK-251323,rules_fallback,PAYMENT_ISSUE,no,,,False,PAYMENT_ISSUE,PAYMENT_ISSUE,no,N,,,
TK-251331,rules_fallback,OTHER_UNCLEAR,no,,,False,,OTHER_UNCLEAR,no,N,,,
TK-251335,rules_fallback,PRODUCT_DEFECT,yes,,,False,PRODUCT_DEFECT,PRODUCT_DEFECT,yes,N,,,
TK-251336,rules_fallback,RETURN_PICKUP_QC,no,,,False,RETURN_PICKUP_QC,RETURN_PICKUP_QC,no,N,,,
TK-251337,rules_fallback,CANCELLATION,no,,,False,CANCELLATION,CANCELLATION,no,N,,,
TK-251341,rules_fallback,RETURN_PICKUP_QC,no,,,False,RETURN_PICKUP_QC,RETURN_PICKUP_QC,no,N,,,
TK-251347,rules_fallback,RETURN_PICKUP_QC,no,,,False,RETURN_PICKUP_QC,RETURN_PICKUP_QC,no,N,,,
TK-251351,rules_fallback,PRICE_COUPON,no,,,False,PRICE_COUPON,PRICE_COUPON,no,N,,,
TK-251353,rules_fallback,PRODUCT_DEFECT,yes,,,False,PRODUCT_DEFECT,PRODUCT_DEFECT,yes,N,,,
TK-251356,rules_fallback,CANCELLATION,no,,,False,CANCELLATION,CANCELLATION,no,N,,,
TK-251358,rules_fallback,PRODUCT_DEFECT,no,,,False,PRODUCT_DEFECT,PRODUCT_DEFECT,no,N,,,
TK-251360,rules_fallback,PAYMENT_ISSUE,no,,,False,PAYMENT_ISSUE,PAYMENT_ISSUE,no,N,,,
TK-251369,rules_fallback,OTHER_UNCLEAR,no,,,False,,OTHER_UNCLEAR,no,N,,,
TK-251373,rules_fallback,CANCELLATION,no,,,False,CANCELLATION,CANCELLATION,no,N,,,
TK-251374,rules_fallback,RETURN_PICKUP_QC,no,,,False,RETURN_PICKUP_QC,RETURN_PICKUP_QC,no,N,,,
TK-251375,rules_fallback,RETURN_PICKUP_QC,no,,,False,RETURN_PICKUP_QC,RETURN_PICKUP_QC,no,N,,,
TK-251377,rules_fallback,RETURN_PICKUP_QC,no,,,False,RETURN_PICKUP_QC,RETURN_PICKUP_QC,no,N,,,
TK-251380,rules_fallback,OTHER_UNCLEAR,no,,,False,,OTHER_UNCLEAR,no,N,,,
TK-251387,rules_fallback,OTHER_UNCLEAR,no,,,False,,OTHER_UNCLEAR,no,N,,,
TK-251395,rules_fallback,RETURN_PICKUP_QC,no,,,False,RETURN_PICKUP_QC,RETURN_PICKUP_QC,no,N,,,
TK-251397,rules_fallback,PAYMENT_ISSUE,no,,,False,PAYMENT_ISSUE,PAYMENT_ISSUE,no,N,,,
TK-251401,rules_fallback,OTHER_UNCLEAR,no,,,False,,OTHER_UNCLEAR,no,N,,,
TK-251408,rules_fallback,OTHER_UNCLEAR,no,,,False,,OTHER_UNCLEAR,no,N,,,
TK-251410,rules_fallback,OTHER_UNCLEAR,yes,,,False,,OTHER_UNCLEAR,yes,Y,,,
TK-251413,rules_fallback,PRODUCT_DEFECT,no,,,False,PRODUCT_DEFECT,PRODUCT_DEFECT,no,N,,,
TK-251436,rules_fallback,PRODUCT_DEFECT,no,,,False,PRODUCT_DEFECT,PRODUCT_DEFECT,no,N,,,
TK-251438,rules_fallback,OTHER_UNCLEAR,no,,,False,,OTHER_UNCLEAR,no,N,,,
TK-251443,rules_fallback,OTHER_UNCLEAR,no,,,False,,OTHER_UNCLEAR,no,N,,,
TK-251451,rules_fallback,OTHER_UNCLEAR,no,,,False,,OTHER_UNCLEAR,no,N,,,
TK-251456,rules_fallback,RETURN_PICKUP_QC,no,,,False,RETURN_PICKUP_QC,RETURN_PICKUP_QC,no,N,,,
TK-251459,rules_fallback,PAYMENT_ISSUE,no,,,False,PAYMENT_ISSUE,PAYMENT_ISSUE,no,N,,,
TK-251463,rules_fallback,OTHER_UNCLEAR,no,,,False,,OTHER_UNCLEAR,no,N,,,
TK-251467,rules_fallback,CANCELLATION,no,,,False,CANCELLATION,CANCELLATION,no,N,,,
TK-251470,rules_fallback,RETURN_PICKUP_QC,no,,,False,RETURN_PICKUP_QC,RETURN_PICKUP_QC,no,N,,,
TK-251472,rules_fallback,PRODUCT_DEFECT,yes,,,False,PRODUCT_DEFECT,PRODUCT_DEFECT,yes,N,,,
TK-251476,rules_fallback,PRODUCT_DEFECT,yes,,,False,PRODUCT_DEFECT,PRODUCT_DEFECT,yes,Y,,,
TK-251484,rules_fallback,OTHER_UNCLEAR,no,,,False,,OTHER_UNCLEAR,no,N,,,
TK-251493,rules_fallback,PAYMENT_ISSUE,no,,,False,PAYMENT_ISSUE,PAYMENT_ISSUE,no,N,,,
TK-251494,rules_fallback,OTHER_UNCLEAR,no,,,False,,OTHER_UNCLEAR,no,N,,,
TK-251500,rules_fallback,OTHER_UNCLEAR,no,,,False,,OTHER_UNCLEAR,no,N,,,
TK-251513,rules_fallback,RETURN_PICKUP_QC,no,,,False,RETURN_PICKUP_QC,RETURN_PICKUP_QC,no,N,,,
TK-251515,rules_fallback,RETURN_PICKUP_QC,no,,,False,RETURN_PICKUP_QC,RETURN_PICKUP_QC,no,N,,,
TK-251519,rules_fallback,OTHER_UNCLEAR,no,,,False,,OTHER_UNCLEAR,no,N,,,
TK-251523,rules_fallback,OTHER_UNCLEAR,no,,,False,,OTHER_UNCLEAR,no,N,,,
TK-251537,rules_fallback,WARRANTY_BUYBACK,yes,,,False,WARRANTY_BUYBACK,WARRANTY_BUYBACK,yes,Y,,,
TK-251542,rules_fallback,PRODUCT_DEFECT,no,,,False,PRODUCT_DEFECT,PRODUCT_DEFECT,no,N,,,
TK-251555,rules_fallback,CANCELLATION,no,,,False,CANCELLATION,CANCELLATION,no,N,,,
TK-251559,rules_fallback,RETURN_PICKUP_QC,no,,,False,RETURN_PICKUP_QC,RETURN_PICKUP_QC,no,N,,,
TK-251570,rules_fallback,RETURN_PICKUP_QC,no,,,False,RETURN_PICKUP_QC,RETURN_PICKUP_QC,no,N,,,
TK-251571,rules_fallback,WARRANTY_BUYBACK,yes,,,False,WARRANTY_BUYBACK,WARRANTY_BUYBACK,yes,Y,,,
TK-251598,rules_fallback,NON_DELIVERY,no,,,False,NON_DELIVERY,NON_DELIVERY,no,N,,,
TK-251601,rules_fallback,OTHER_UNCLEAR,no,,,False,,OTHER_UNCLEAR,no,N,,,
TK-251613,rules_fallback,NON_DELIVERY,no,,,False,NON_DELIVERY,NON_DELIVERY,no,N,,,
TK-251620,rules_fallback,OTHER_UNCLEAR,yes,,,False,,OTHER_UNCLEAR,yes,Y,,,
TK-251630,rules_fallback,PAYMENT_ISSUE,no,,,False,PAYMENT_ISSUE,PAYMENT_ISSUE,no,N,,,
TK-251633,rules_fallback,OTHER_UNCLEAR,yes,,,False,,OTHER_UNCLEAR,yes,N,,,
TK-251635,rules_fallback,PRODUCT_DEFECT,no,,,False,PRODUCT_DEFECT,PRODUCT_DEFECT,no,Y,,,
TK-251638,rules_fallback,OTHER_UNCLEAR,no,,,False,,OTHER_UNCLEAR,no,N,,,
TK-251644,rules_fallback,OTHER_UNCLEAR,no,,,False,,OTHER_UNCLEAR,no,N,,,
TK-251655,rules_fallback,WARRANTY_BUYBACK,yes,,,False,WARRANTY_BUYBACK,WARRANTY_BUYBACK,yes,Y,,,
TK-251666,rules_fallback,PAYMENT_ISSUE,no,,,False,PAYMENT_ISSUE,PAYMENT_ISSUE,no,N,,,
TK-251690,rules_fallback,CANCELLATION,no,,,False,CANCELLATION,CANCELLATION,no,N,,,
TK-251701,rules_fallback,RETURN_PICKUP_QC,no,,,False,RETURN_PICKUP_QC,RETURN_PICKUP_QC,no,N,,,
TK-251705,rules_fallback,CANCELLATION,no,,,False,CANCELLATION,CANCELLATION,no,N,,,
TK-251706,rules_fallback,OTHER_UNCLEAR,yes,,,False,,OTHER_UNCLEAR,yes,Y,,,
TK-251708,rules_fallback,OTHER_UNCLEAR,yes,,,False,,OTHER_UNCLEAR,yes,N,,,
TK-251720,rules_fallback,OTHER_UNCLEAR,no,,,False,,OTHER_UNCLEAR,no,N,,,
TK-251723,rules_fallback,OTHER_UNCLEAR,no,,,False,,OTHER_UNCLEAR,no,N,,,
TK-251724,rules_fallback,CANCELLATION,no,,,False,CANCELLATION,CANCELLATION,no,N,,,
TK-251725,rules_fallback,PAYMENT_ISSUE,no,,,False,PAYMENT_ISSUE,PAYMENT_ISSUE,no,N,,,
TK-251727,rules_fallback,RETURN_PICKUP_QC,no,,,False,RETURN_PICKUP_QC,RETURN_PICKUP_QC,no,N,,,
TK-251729,rules_fallback,PAYMENT_ISSUE,no,,,False,PAYMENT_ISSUE,PAYMENT_ISSUE,no,N,,,
TK-251738,rules_fallback,OTHER_UNCLEAR,no,,,False,,OTHER_UNCLEAR,no,N,,,
TK-251760,rules_fallback,PRICE_COUPON,no,,,False,PRICE_COUPON,PRICE_COUPON,no,N,,,
TK-251770,rules_fallback,NON_DELIVERY,no,,,False,NON_DELIVERY,NON_DELIVERY,no,N,,,
TK-251777,rules_fallback,OTHER_UNCLEAR,no,,,False,,OTHER_UNCLEAR,no,N,,,
TK-251798,rules_fallback,CANCELLATION,no,,,False,CANCELLATION,CANCELLATION,no,N,,,
TK-251802,rules_fallback,PAYMENT_ISSUE,no,,,False,PAYMENT_ISSUE,PAYMENT_ISSUE,no,N,,,
TK-251804,rules_fallback,PAYMENT_ISSUE,no,,,False,PAYMENT_ISSUE,PAYMENT_ISSUE,no,N,,,
TK-251806,rules_fallback,PAYMENT_ISSUE,no,,,False,PAYMENT_ISSUE,PAYMENT_ISSUE,no,N,,,
TK-251809,rules_fallback,OTHER_UNCLEAR,no,,,False,,OTHER_UNCLEAR,no,N,,,
TK-251812,rules_fallback,PRODUCT_DEFECT,no,,,False,PRODUCT_DEFECT,PRODUCT_DEFECT,no,N,,,
TK-251817,rules_fallback,CANCELLATION,no,,,False,CANCELLATION,CANCELLATION,no,N,,,
TK-251818,rules_fallback,PRODUCT_DEFECT,yes,,,False,PRODUCT_DEFECT,PRODUCT_DEFECT,yes,N,,,
TK-251821,rules_fallback,RETURN_PICKUP_QC,no,,,False,RETURN_PICKUP_QC,RETURN_PICKUP_QC,no,N,,,
TK-251823,rules_fallback,CANCELLATION,no,,,False,CANCELLATION,CANCELLATION,no,N,,,
TK-251826,rules_fallback,PAYMENT_ISSUE,no,,,False,PAYMENT_ISSUE,PAYMENT_ISSUE,no,N,,,
TK-251828,rules_fallback,RETURN_PICKUP_QC,no,,,False,RETURN_PICKUP_QC,RETURN_PICKUP_QC,no,N,,,
TK-251831,rules_fallback,OTHER_UNCLEAR,no,,,False,,OTHER_UNCLEAR,no,N,,,
TK-251837,rules_fallback,RETURN_PICKUP_QC,no,,,False,RETURN_PICKUP_QC,RETURN_PICKUP_QC,no,N,,,
TK-251840,rules_fallback,OTHER_UNCLEAR,yes,,,False,,OTHER_UNCLEAR,yes,Y,,,
TK-251842,rules_fallback,NON_DELIVERY,no,,,False,NON_DELIVERY,NON_DELIVERY,no,N,,,
TK-251849,rules_fallback,OTHER_UNCLEAR,no,,,False,,OTHER_UNCLEAR,no,N,,,
TK-251853,rules_fallback,RETURN_PICKUP_QC,no,,,False,RETURN_PICKUP_QC,RETURN_PICKUP_QC,no,N,,,
TK-251856,rules_fallback,OTHER_UNCLEAR,no,,,False,,OTHER_UNCLEAR,no,N,,,
TK-251857,rules_fallback,OTHER_UNCLEAR,no,,,False,,OTHER_UNCLEAR,no,N,,,
TK-251860,rules_fallback,PRODUCT_DEFECT,no,,,False,PRODUCT_DEFECT,PRODUCT_DEFECT,no,N,,,
TK-251863,rules_fallback,OTHER_UNCLEAR,no,,,False,,OTHER_UNCLEAR,no,N,,,
TK-251865,rules_fallback,OTHER_UNCLEAR,no,,,False,,OTHER_UNCLEAR,no,N,,,
TK-251866,rules_fallback,RETURN_PICKUP_QC,no,,,False,RETURN_PICKUP_QC,RETURN_PICKUP_QC,no,N,,,
TK-251873,rules_fallback,PRODUCT_DEFECT,yes,,,False,PRODUCT_DEFECT,PRODUCT_DEFECT,yes,N,,,
TK-251880,rules_fallback,WARRANTY_BUYBACK,yes,,,False,WARRANTY_BUYBACK,WARRANTY_BUYBACK,yes,Y,,,
TK-251900,rules_fallback,OTHER_UNCLEAR,no,,,False,,OTHER_UNCLEAR,no,N,,,
TK-251905,rules_fallback,OTHER_UNCLEAR,no,,,False,,OTHER_UNCLEAR,no,N,,,
TK-251908,rules_fallback,PRICE_COUPON,no,,,False,PRICE_COUPON,PRICE_COUPON,no,N,,,
TK-251925,rules_fallback,RETURN_PICKUP_QC,no,,,False,RETURN_PICKUP_QC,RETURN_PICKUP_QC,no,N,,,
TK-251928,rules_fallback,OTHER_UNCLEAR,no,,,False,,OTHER_UNCLEAR,no,N,,,
TK-251939,rules_fallback,RETURN_PICKUP_QC,no,,,False,RETURN_PICKUP_QC,RETURN_PICKUP_QC,no,N,,,
TK-251940,rules_fallback,CANCELLATION,no,,,False,CANCELLATION,CANCELLATION,no,N,,,
TK-251952,rules_fallback,WARRANTY_BUYBACK,yes,,,False,WARRANTY_BUYBACK,WARRANTY_BUYBACK,yes,N,,,
TK-251954,rules_fallback,RETURN_PICKUP_QC,no,,,False,RETURN_PICKUP_QC,RETURN_PICKUP_QC,no,N,,,
TK-251955,rules_fallback,OTHER_UNCLEAR,no,,,False,,OTHER_UNCLEAR,no,N,,,
TK-251959,rules_fallback,PRICE_COUPON,no,,,False,PRICE_COUPON,PRICE_COUPON,no,N,,,
TK-251965,rules_fallback,RETURN_PICKUP_QC,no,,,False,RETURN_PICKUP_QC,RETURN_PICKUP_QC,no,N,,,
TK-251970,rules_fallback,PRICE_COUPON,no,,,False,PRICE_COUPON,PRICE_COUPON,no,N,,,
TK-251988,rules_fallback,OTHER_UNCLEAR,no,,,False,,OTHER_UNCLEAR,no,N,,,
TK-251991,rules_fallback,PRODUCT_DEFECT,yes,,,False,PRODUCT_DEFECT,PRODUCT_DEFECT,yes,Y,,,
TK-251996,rules_fallback,RETURN_PICKUP_QC,no,,,False,RETURN_PICKUP_QC,RETURN_PICKUP_QC,no,N,,,
TK-252004,rules_fallback,OTHER_UNCLEAR,no,,,False,,OTHER_UNCLEAR,no,N,,,
TK-252010,rules_fallback,OTHER_UNCLEAR,yes,,,False,,OTHER_UNCLEAR,yes,Y,,,
TK-252020,rules_fallback,OTHER_UNCLEAR,no,,,False,,OTHER_UNCLEAR,no,N,,,
TK-252024,rules_fallback,OTHER_UNCLEAR,yes,,,False,,OTHER_UNCLEAR,yes,Y,,,
TK-252029,rules_fallback,PRODUCT_DEFECT,yes,,,False,PRODUCT_DEFECT,PRODUCT_DEFECT,yes,N,,,
TK-252031,rules_fallback,RETURN_PICKUP_QC,no,,,False,RETURN_PICKUP_QC,RETURN_PICKUP_QC,no,N,,,
TK-252034,rules_fallback,PRODUCT_DEFECT,no,,,False,PRODUCT_DEFECT,PRODUCT_DEFECT,no,N,,,
TK-252060,rules_fallback,RETURN_PICKUP_QC,no,,,False,RETURN_PICKUP_QC,RETURN_PICKUP_QC,no,N,,,
TK-252063,rules_fallback,OTHER_UNCLEAR,no,,,False,,OTHER_UNCLEAR,no,N,,,
TK-252071,rules_fallback,RETURN_PICKUP_QC,no,,,False,RETURN_PICKUP_QC,RETURN_PICKUP_QC,no,N,,,
TK-252073,rules_fallback,OTHER_UNCLEAR,no,,,False,,OTHER_UNCLEAR,no,N,,,
TK-252076,rules_fallback,OTHER_UNCLEAR,no,,,False,,OTHER_UNCLEAR,no,N,,,
TK-252081,rules_fallback,OTHER_UNCLEAR,no,,,False,,OTHER_UNCLEAR,no,N,,,
TK-252082,rules_fallback,OTHER_UNCLEAR,no,,,False,,OTHER_UNCLEAR,no,N,,,
TK-252087,rules_fallback,OTHER_UNCLEAR,no,,,False,,OTHER_UNCLEAR,no,N,,,
TK-252097,rules_fallback,OTHER_UNCLEAR,no,,,False,,OTHER_UNCLEAR,no,N,,,
TK-252099,rules_fallback,PAYMENT_ISSUE,no,,,False,PAYMENT_ISSUE,PAYMENT_ISSUE,no,N,,,
TK-252112,rules_fallback,RETURN_PICKUP_QC,no,,,False,RETURN_PICKUP_QC,RETURN_PICKUP_QC,no,N,,,
TK-252116,rules_fallback,CANCELLATION,no,,,False,CANCELLATION,CANCELLATION,no,N,,,
TK-252118,rules_fallback,OTHER_UNCLEAR,no,,,False,,OTHER_UNCLEAR,no,N,,,
TK-252119,rules_fallback,RETURN_PICKUP_QC,no,,,False,RETURN_PICKUP_QC,RETURN_PICKUP_QC,no,N,,,
TK-252125,rules_fallback,OTHER_UNCLEAR,no,,,False,,OTHER_UNCLEAR,no,N,,,
TK-252135,rules_fallback,RETURN_PICKUP_QC,no,,,False,RETURN_PICKUP_QC,RETURN_PICKUP_QC,no,N,,,
TK-252137,rules_fallback,OTHER_UNCLEAR,no,,,False,,OTHER_UNCLEAR,no,N,,,
TK-252146,rules_fallback,PRODUCT_DEFECT,yes,,,False,PRODUCT_DEFECT,PRODUCT_DEFECT,yes,Y,,,
TK-252158,rules_fallback,NON_DELIVERY,no,,,False,NON_DELIVERY,NON_DELIVERY,no,N,,,
TK-252168,rules_fallback,PRODUCT_DEFECT,yes,,,False,PRODUCT_DEFECT,PRODUCT_DEFECT,yes,N,,,
TK-252170,rules_fallback,RETURN_PICKUP_QC,no,,,False,RETURN_PICKUP_QC,RETURN_PICKUP_QC,no,N,,,
TK-252173,rules_fallback,OTHER_UNCLEAR,no,,,False,,OTHER_UNCLEAR,no,N,,,
TK-252174,rules_fallback,NON_DELIVERY,no,,,False,NON_DELIVERY,NON_DELIVERY,no,N,,,
TK-252181,rules_fallback,OTHER_UNCLEAR,no,,,False,,OTHER_UNCLEAR,no,N,,,
TK-252185,rules_fallback,OTHER_UNCLEAR,yes,,,False,,OTHER_UNCLEAR,yes,N,,,
TK-252188,rules_fallback,OTHER_UNCLEAR,no,,,False,,OTHER_UNCLEAR,no,N,,,
TK-252195,rules_fallback,RETURN_PICKUP_QC,no,,,False,RETURN_PICKUP_QC,RETURN_PICKUP_QC,no,N,,,
TK-252200,rules_fallback,RETURN_PICKUP_QC,no,,,False,RETURN_PICKUP_QC,RETURN_PICKUP_QC,no,N,,,
TK-252207,rules_fallback,OTHER_UNCLEAR,no,,,False,,OTHER_UNCLEAR,no,N,,,
TK-252212,rules_fallback,OTHER_UNCLEAR,no,,,False,,OTHER_UNCLEAR,no,N,,,
TK-252214,rules_fallback,OTHER_UNCLEAR,no,,,False,,OTHER_UNCLEAR,no,N,,,
TK-252215,rules_fallback,RETURN_PICKUP_QC,no,,,False,RETURN_PICKUP_QC,RETURN_PICKUP_QC,no,N,,,
TK-252230,rules_fallback,OTHER_UNCLEAR,no,,,False,,OTHER_UNCLEAR,no,N,,,
TK-252233,rules_fallback,OTHER_UNCLEAR,no,,,False,,OTHER_UNCLEAR,no,N,,,
TK-252235,rules_fallback,OTHER_UNCLEAR,no,,,False,,OTHER_UNCLEAR,no,N,,,
TK-252243,rules_fallback,OTHER_UNCLEAR,no,,,False,,OTHER_UNCLEAR,no,N,,,
TK-252245,rules_fallback,RETURN_PICKUP_QC,no,,,False,RETURN_PICKUP_QC,RETURN_PICKUP_QC,no,N,,,
TK-252260,rules_fallback,WARRANTY_BUYBACK,no,,,False,WARRANTY_BUYBACK,WARRANTY_BUYBACK,no,N,,,
TK-252262,rules_fallback,OTHER_UNCLEAR,no,,,False,,OTHER_UNCLEAR,no,N,,,
TK-252264,rules_fallback,PAYMENT_ISSUE,no,,,False,PAYMENT_ISSUE,PAYMENT_ISSUE,no,N,,,
TK-252280,rules_fallback,OTHER_UNCLEAR,no,,,False,,OTHER_UNCLEAR,no,N,,,
TK-252281,rules_fallback,PRODUCT_DEFECT,yes,,,False,PRODUCT_DEFECT,PRODUCT_DEFECT,yes,N,,,
TK-252291,rules_fallback,OTHER_UNCLEAR,no,,,False,,OTHER_UNCLEAR,no,N,,,
TK-252297,rules_fallback,OTHER_UNCLEAR,no,,,False,,OTHER_UNCLEAR,no,N,,,
TK-252303,rules_fallback,CANCELLATION,no,,,False,CANCELLATION,CANCELLATION,no,N,,,
TK-252308,rules_fallback,OTHER_UNCLEAR,yes,,,False,,OTHER_UNCLEAR,yes,N,,,
TK-252314,rules_fallback,PRICE_COUPON,no,,,False,PRICE_COUPON,PRICE_COUPON,no,N,,,
TK-252326,rules_fallback,RETURN_PICKUP_QC,no,,,False,RETURN_PICKUP_QC,RETURN_PICKUP_QC,no,N,,,
TK-252328,rules_fallback,OTHER_UNCLEAR,no,,,False,,OTHER_UNCLEAR,no,N,,,
TK-252334,rules_fallback,CANCELLATION,no,,,False,CANCELLATION,CANCELLATION,no,N,,,
TK-252335,rules_fallback,OTHER_UNCLEAR,no,,,False,,OTHER_UNCLEAR,no,N,,,
TK-252346,rules_fallback,OTHER_UNCLEAR,no,,,False,,OTHER_UNCLEAR,no,N,,,
TK-252347,rules_fallback,RETURN_PICKUP_QC,no,,,False,RETURN_PICKUP_QC,RETURN_PICKUP_QC,no,N,,,
TK-252353,rules_fallback,CANCELLATION,no,,,False,CANCELLATION,CANCELLATION,no,N,,,
TK-252357,rules_fallback,OTHER_UNCLEAR,yes,,,False,,OTHER_UNCLEAR,yes,N,,,
TK-252358,rules_fallback,CANCELLATION,no,,,False,CANCELLATION,CANCELLATION,no,N,,,
TK-252359,rules_fallback,RETURN_PICKUP_QC,no,,,False,RETURN_PICKUP_QC,RETURN_PICKUP_QC,no,N,,,
TK-252364,rules_fallback,RETURN_PICKUP_QC,no,,,False,RETURN_PICKUP_QC,RETURN_PICKUP_QC,no,N,,,
TK-252370,rules_fallback,OTHER_UNCLEAR,no,,,False,,OTHER_UNCLEAR,no,N,,,
TK-252384,rules_fallback,OTHER_UNCLEAR,no,,,False,,OTHER_UNCLEAR,no,N,,,
TK-252393,rules_fallback,RETURN_PICKUP_QC,no,,,False,RETURN_PICKUP_QC,RETURN_PICKUP_QC,no,N,,,
TK-252397,rules_fallback,PRICE_COUPON,no,,,False,PRICE_COUPON,PRICE_COUPON,no,N,,,
TK-252400,rules_fallback,OTHER_UNCLEAR,no,,,False,,OTHER_UNCLEAR,no,N,,,
TK-252404,rules_fallback,RETURN_PICKUP_QC,no,,,False,RETURN_PICKUP_QC,RETURN_PICKUP_QC,no,N,,,
TK-252405,rules_fallback,OTHER_UNCLEAR,no,,,False,,OTHER_UNCLEAR,no,N,,,
TK-252408,rules_fallback,OTHER_UNCLEAR,yes,,,False,,OTHER_UNCLEAR,yes,N,,,
TK-252409,rules_fallback,PAYMENT_ISSUE,no,,,False,PAYMENT_ISSUE,PAYMENT_ISSUE,no,N,,,
TK-252414,rules_fallback,OTHER_UNCLEAR,no,,,False,,OTHER_UNCLEAR,no,N,,,
TK-252415,rules_fallback,PRODUCT_DEFECT,no,,,False,PRODUCT_DEFECT,PRODUCT_DEFECT,no,N,,,
TK-252416,rules_fallback,CANCELLATION,no,,,False,CANCELLATION,CANCELLATION,no,N,,,
TK-252428,rules_fallback,RETURN_PICKUP_QC,no,,,False,RETURN_PICKUP_QC,RETURN_PICKUP_QC,no,N,,,
TK-252437,rules_fallback,PAYMENT_ISSUE,no,,,False,PAYMENT_ISSUE,PAYMENT_ISSUE,no,N,,,
TK-252440,rules_fallback,RETURN_PICKUP_QC,no,,,False,RETURN_PICKUP_QC,RETURN_PICKUP_QC,no,N,,,
TK-252446,rules_fallback,RETURN_PICKUP_QC,no,,,False,RETURN_PICKUP_QC,RETURN_PICKUP_QC,no,N,,,
TK-252460,rules_fallback,OTHER_UNCLEAR,yes,,,False,,OTHER_UNCLEAR,yes,N,,,
TK-252466,rules_fallback,WARRANTY_BUYBACK,yes,,,False,WARRANTY_BUYBACK,WARRANTY_BUYBACK,yes,Y,,,
TK-252470,rules_fallback,RETURN_PICKUP_QC,no,,,False,RETURN_PICKUP_QC,RETURN_PICKUP_QC,no,N,,,
TK-252472,rules_fallback,WARRANTY_BUYBACK,no,,,False,WARRANTY_BUYBACK,WARRANTY_BUYBACK,no,N,,,
TK-252492,rules_fallback,OTHER_UNCLEAR,no,,,False,,OTHER_UNCLEAR,no,N,,,
TK-252505,rules_fallback,OTHER_UNCLEAR,no,,,False,,OTHER_UNCLEAR,no,N,,,
TK-252512,rules_fallback,RETURN_PICKUP_QC,no,,,False,RETURN_PICKUP_QC,RETURN_PICKUP_QC,no,N,,,
TK-252513,rules_fallback,OTHER_UNCLEAR,no,,,False,,OTHER_UNCLEAR,no,N,,,
TK-252514,rules_fallback,OTHER_UNCLEAR,yes,,,False,,OTHER_UNCLEAR,yes,N,,,
TK-252517,rules_fallback,OTHER_UNCLEAR,no,,,False,,OTHER_UNCLEAR,no,N,,,
TK-252531,rules_fallback,RETURN_PICKUP_QC,no,,,False,RETURN_PICKUP_QC,RETURN_PICKUP_QC,no,N,,,
TK-252532,rules_fallback,OTHER_UNCLEAR,no,,,False,,OTHER_UNCLEAR,no,N,,,
TK-252537,rules_fallback,OTHER_UNCLEAR,no,,,False,,OTHER_UNCLEAR,no,N,,,
TK-252538,rules_fallback,RETURN_PICKUP_QC,no,,,False,RETURN_PICKUP_QC,RETURN_PICKUP_QC,no,N,,,
TK-252552,rules_fallback,RETURN_PICKUP_QC,no,,,False,RETURN_PICKUP_QC,RETURN_PICKUP_QC,no,N,,,
TK-252563,rules_fallback,CANCELLATION,no,,,False,CANCELLATION,CANCELLATION,no,N,,,
TK-252577,rules_fallback,OTHER_UNCLEAR,no,,,False,,OTHER_UNCLEAR,no,N,,,
TK-252581,rules_fallback,OTHER_UNCLEAR,no,,,False,,OTHER_UNCLEAR,no,N,,,
TK-252590,rules_fallback,PAYMENT_ISSUE,no,,,False,PAYMENT_ISSUE,PAYMENT_ISSUE,no,N,,,
TK-252599,rules_fallback,PAYMENT_ISSUE,no,,,False,PAYMENT_ISSUE,PAYMENT_ISSUE,no,N,,,
TK-252601,rules_fallback,OTHER_UNCLEAR,yes,,,False,,OTHER_UNCLEAR,yes,N,,,
TK-252603,rules_fallback,OTHER_UNCLEAR,no,,,False,,OTHER_UNCLEAR,no,N,,,
TK-252604,rules_fallback,OTHER_UNCLEAR,no,,,False,,OTHER_UNCLEAR,no,N,,,
TK-252627,rules_fallback,OTHER_UNCLEAR,no,,,False,,OTHER_UNCLEAR,no,N,,,
TK-252629,rules_fallback,PRODUCT_DEFECT,no,,,False,PRODUCT_DEFECT,PRODUCT_DEFECT,no,N,,,
TK-252630,rules_fallback,RETURN_PICKUP_QC,no,,,False,RETURN_PICKUP_QC,RETURN_PICKUP_QC,no,N,,,
TK-252634,rules_fallback,OTHER_UNCLEAR,no,,,False,,OTHER_UNCLEAR,no,N,,,
TK-252635,rules_fallback,PAYMENT_ISSUE,no,,,False,PAYMENT_ISSUE,PAYMENT_ISSUE,no,N,,,
TK-252636,rules_fallback,OTHER_UNCLEAR,no,,,False,,OTHER_UNCLEAR,no,N,,,
TK-252641,rules_fallback,RETURN_PICKUP_QC,no,,,False,RETURN_PICKUP_QC,RETURN_PICKUP_QC,no,N,,,
TK-252644,rules_fallback,OTHER_UNCLEAR,no,,,False,,OTHER_UNCLEAR,no,N,,,
TK-252647,rules_fallback,RETURN_PICKUP_QC,no,,,False,RETURN_PICKUP_QC,RETURN_PICKUP_QC,no,N,,,
TK-252660,rules_fallback,PRODUCT_DEFECT,no,,,False,PRODUCT_DEFECT,PRODUCT_DEFECT,no,N,,,
TK-252672,rules_fallback,RETURN_PICKUP_QC,no,,,False,RETURN_PICKUP_QC,RETURN_PICKUP_QC,no,N,,,
TK-252675,rules_fallback,OTHER_UNCLEAR,yes,,,False,,OTHER_UNCLEAR,yes,Y,,,
TK-252678,rules_fallback,OTHER_UNCLEAR,no,,,False,,OTHER_UNCLEAR,no,Y,,,
TK-252680,rules_fallback,CANCELLATION,no,,,False,CANCELLATION,CANCELLATION,no,N,,,
TK-252684,rules_fallback,RETURN_PICKUP_QC,no,,,False,RETURN_PICKUP_QC,RETURN_PICKUP_QC,no,N,,,
TK-252689,rules_fallback,RETURN_PICKUP_QC,no,,,False,RETURN_PICKUP_QC,RETURN_PICKUP_QC,no,N,,,
TK-252693,rules_fallback,OTHER_UNCLEAR,no,,,False,,OTHER_UNCLEAR,no,N,,,
TK-252694,rules_fallback,RETURN_PICKUP_QC,no,,,False,RETURN_PICKUP_QC,RETURN_PICKUP_QC,no,N,,,
TK-252699,rules_fallback,OTHER_UNCLEAR,no,,,False,,OTHER_UNCLEAR,no,N,,,
TK-252700,rules_fallback,RETURN_PICKUP_QC,no,,,False,RETURN_PICKUP_QC,RETURN_PICKUP_QC,no,N,,,
TK-252701,rules_fallback,RETURN_PICKUP_QC,no,,,False,RETURN_PICKUP_QC,RETURN_PICKUP_QC,no,N,,,
TK-252702,rules_fallback,OTHER_UNCLEAR,no,,,False,,OTHER_UNCLEAR,no,N,,,
TK-252703,rules_fallback,OTHER_UNCLEAR,yes,,,False,,OTHER_UNCLEAR,yes,Y,,,
TK-252718,rules_fallback,OTHER_UNCLEAR,no,,,False,,OTHER_UNCLEAR,no,N,,,
TK-252723,rules_fallback,OTHER_UNCLEAR,no,,,False,,OTHER_UNCLEAR,no,N,,,
TK-252726,rules_fallback,OTHER_UNCLEAR,no,,,False,,OTHER_UNCLEAR,no,N,,,
TK-252727,rules_fallback,OTHER_UNCLEAR,no,,,False,,OTHER_UNCLEAR,no,N,,,
TK-252729,rules_fallback,RETURN_PICKUP_QC,no,,,False,RETURN_PICKUP_QC,RETURN_PICKUP_QC,no,N,,,
TK-252735,rules_fallback,OTHER_UNCLEAR,no,,,False,,OTHER_UNCLEAR,no,N,,,
TK-252737,rules_fallback,RETURN_PICKUP_QC,no,,,False,RETURN_PICKUP_QC,RETURN_PICKUP_QC,no,N,,,
TK-252771,rules_fallback,RETURN_PICKUP_QC,no,,,False,RETURN_PICKUP_QC,RETURN_PICKUP_QC,no,N,,,
TK-252775,rules_fallback,CANCELLATION,no,,,False,CANCELLATION,CANCELLATION,no,N,,,
TK-252780,rules_fallback,RETURN_PICKUP_QC,no,,,False,RETURN_PICKUP_QC,RETURN_PICKUP_QC,no,N,,,
TK-252788,rules_fallback,PAYMENT_ISSUE,no,,,False,PAYMENT_ISSUE,PAYMENT_ISSUE,no,N,,,
TK-252794,rules_fallback,OTHER_UNCLEAR,no,,,False,,OTHER_UNCLEAR,no,N,,,
TK-252845,rules_fallback,PAYMENT_ISSUE,no,,,False,PAYMENT_ISSUE,PAYMENT_ISSUE,no,N,,,
TK-252850,rules_fallback,RETURN_PICKUP_QC,no,,,False,RETURN_PICKUP_QC,RETURN_PICKUP_QC,no,N,,,
TK-252865,rules_fallback,PAYMENT_ISSUE,no,,,False,PAYMENT_ISSUE,PAYMENT_ISSUE,no,N,,,
TK-252869,rules_fallback,OTHER_UNCLEAR,no,,,False,,OTHER_UNCLEAR,no,N,,,
TK-252889,rules_fallback,PAYMENT_ISSUE,no,,,False,PAYMENT_ISSUE,PAYMENT_ISSUE,no,N,,,
TK-252890,rules_fallback,OTHER_UNCLEAR,no,,,False,,OTHER_UNCLEAR,no,N,,,
TK-252891,rules_fallback,CANCELLATION,no,,,False,CANCELLATION,CANCELLATION,no,N,,,
TK-252901,rules_fallback,PAYMENT_ISSUE,no,,,False,PAYMENT_ISSUE,PAYMENT_ISSUE,no,N,,,
TK-252907,rules_fallback,RETURN_PICKUP_QC,no,,,False,RETURN_PICKUP_QC,RETURN_PICKUP_QC,no,N,,,
TK-252919,rules_fallback,PAYMENT_ISSUE,no,,,False,PAYMENT_ISSUE,PAYMENT_ISSUE,no,N,,,
TK-252929,rules_fallback,OTHER_UNCLEAR,no,,,False,,OTHER_UNCLEAR,no,N,,,
TK-252934,rules_fallback,OTHER_UNCLEAR,no,,,False,,OTHER_UNCLEAR,no,N,,,
TK-252937,rules_fallback,RETURN_PICKUP_QC,no,,,False,RETURN_PICKUP_QC,RETURN_PICKUP_QC,no,N,,,
TK-252950,rules_fallback,PAYMENT_ISSUE,no,,,False,PAYMENT_ISSUE,PAYMENT_ISSUE,no,N,,,
TK-252952,rules_fallback,WARRANTY_BUYBACK,yes,,,False,WARRANTY_BUYBACK,WARRANTY_BUYBACK,yes,N,,,
TK-252956,rules_fallback,PAYMENT_ISSUE,no,,,False,PAYMENT_ISSUE,PAYMENT_ISSUE,no,N,,,
TK-252965,rules_fallback,OTHER_UNCLEAR,no,,,False,,OTHER_UNCLEAR,no,N,,,
TK-252973,rules_fallback,PRODUCT_DEFECT,yes,,,False,PRODUCT_DEFECT,PRODUCT_DEFECT,yes,N,,,
TK-252978,rules_fallback,OTHER_UNCLEAR,no,,,False,,OTHER_UNCLEAR,no,N,,,
TK-252982,rules_fallback,WARRANTY_BUYBACK,yes,,,False,WARRANTY_BUYBACK,WARRANTY_BUYBACK,yes,Y,,,
TK-253021,rules_fallback,WARRANTY_BUYBACK,yes,,,False,WARRANTY_BUYBACK,WARRANTY_BUYBACK,yes,N,,,
TK-253023,rules_fallback,OTHER_UNCLEAR,no,,,False,,OTHER_UNCLEAR,no,N,,,
TK-253024,rules_fallback,OTHER_UNCLEAR,no,,,False,,OTHER_UNCLEAR,no,N,,,
TK-253035,rules_fallback,OTHER_UNCLEAR,no,,,False,,OTHER_UNCLEAR,no,N,,,
TK-253036,rules_fallback,PRICE_COUPON,no,,,False,PRICE_COUPON,PRICE_COUPON,no,N,,,
TK-253046,rules_fallback,RETURN_PICKUP_QC,no,,,False,RETURN_PICKUP_QC,RETURN_PICKUP_QC,no,N,,,
TK-253055,rules_fallback,PRODUCT_DEFECT,no,,,False,PRODUCT_DEFECT,PRODUCT_DEFECT,no,N,,,
TK-253061,rules_fallback,OTHER_UNCLEAR,no,,,False,,OTHER_UNCLEAR,no,N,,,
TK-253076,rules_fallback,RETURN_PICKUP_QC,no,,,False,RETURN_PICKUP_QC,RETURN_PICKUP_QC,no,N,,,
TK-253078,rules_fallback,RETURN_PICKUP_QC,no,,,False,RETURN_PICKUP_QC,RETURN_PICKUP_QC,no,N,,,
TK-253091,rules_fallback,RETURN_PICKUP_QC,no,,,False,RETURN_PICKUP_QC,RETURN_PICKUP_QC,no,N,,,
TK-253123,rules_fallback,OTHER_UNCLEAR,no,,,False,,OTHER_UNCLEAR,no,N,,,
TK-253126,rules_fallback,RETURN_PICKUP_QC,no,,,False,RETURN_PICKUP_QC,RETURN_PICKUP_QC,no,N,,,
TK-253129,rules_fallback,OTHER_UNCLEAR,no,,,False,,OTHER_UNCLEAR,no,N,,,
TK-253133,rules_fallback,OTHER_UNCLEAR,no,,,False,,OTHER_UNCLEAR,no,N,,,
TK-253135,rules_fallback,OTHER_UNCLEAR,yes,,,False,,OTHER_UNCLEAR,yes,N,,,
TK-253136,rules_fallback,PRODUCT_DEFECT,no,,,False,PRODUCT_DEFECT,PRODUCT_DEFECT,no,N,,,
TK-253140,rules_fallback,RETURN_PICKUP_QC,no,,,False,RETURN_PICKUP_QC,RETURN_PICKUP_QC,no,N,,,
TK-253146,rules_fallback,OTHER_UNCLEAR,no,,,False,,OTHER_UNCLEAR,no,N,,,
TK-253149,rules_fallback,PAYMENT_ISSUE,no,,,False,PAYMENT_ISSUE,PAYMENT_ISSUE,no,N,,,
TK-253156,rules_fallback,RETURN_PICKUP_QC,no,,,False,RETURN_PICKUP_QC,RETURN_PICKUP_QC,no,N,,,
TK-253162,rules_fallback,OTHER_UNCLEAR,yes,,,False,,OTHER_UNCLEAR,yes,N,,,
TK-253166,rules_fallback,OTHER_UNCLEAR,no,,,False,,OTHER_UNCLEAR,no,N,,,
TK-253178,rules_fallback,OTHER_UNCLEAR,no,,,False,,OTHER_UNCLEAR,no,N,,,
TK-253184,rules_fallback,CANCELLATION,no,,,False,CANCELLATION,CANCELLATION,no,N,,,
TK-253197,rules_fallback,OTHER_UNCLEAR,yes,,,False,,OTHER_UNCLEAR,yes,N,,,
TK-253201,rules_fallback,RETURN_PICKUP_QC,no,,,False,RETURN_PICKUP_QC,RETURN_PICKUP_QC,no,N,,,
TK-253203,rules_fallback,RETURN_PICKUP_QC,no,,,False,RETURN_PICKUP_QC,RETURN_PICKUP_QC,no,N,,,
TK-253206,rules_fallback,PRICE_COUPON,no,,,False,PRICE_COUPON,PRICE_COUPON,no,N,,,
TK-253223,rules_fallback,CANCELLATION,no,,,False,CANCELLATION,CANCELLATION,no,N,,,
TK-253239,rules_fallback,PRICE_COUPON,no,,,False,PRICE_COUPON,PRICE_COUPON,no,N,,,
TK-253244,rules_fallback,PRODUCT_DEFECT,no,,,False,PRODUCT_DEFECT,PRODUCT_DEFECT,no,N,,,
TK-253247,rules_fallback,CANCELLATION,no,,,False,CANCELLATION,CANCELLATION,no,N,,,
TK-253253,rules_fallback,RETURN_PICKUP_QC,no,,,False,RETURN_PICKUP_QC,RETURN_PICKUP_QC,no,N,,,
TK-253269,rules_fallback,RETURN_PICKUP_QC,no,,,False,RETURN_PICKUP_QC,RETURN_PICKUP_QC,no,N,,,
TK-253280,rules_fallback,PAYMENT_ISSUE,no,,,False,PAYMENT_ISSUE,PAYMENT_ISSUE,no,N,,,
TK-253283,rules_fallback,CANCELLATION,no,,,False,CANCELLATION,CANCELLATION,no,N,,,
TK-253284,rules_fallback,WARRANTY_BUYBACK,no,,,False,WARRANTY_BUYBACK,WARRANTY_BUYBACK,no,N,,,
TK-253293,rules_fallback,RETURN_PICKUP_QC,no,,,False,RETURN_PICKUP_QC,RETURN_PICKUP_QC,no,N,,,
TK-253297,rules_fallback,NON_DELIVERY,no,,,False,NON_DELIVERY,NON_DELIVERY,no,N,,,
TK-253301,rules_fallback,NON_DELIVERY,no,,,False,NON_DELIVERY,NON_DELIVERY,no,N,,,
TK-253305,rules_fallback,OTHER_UNCLEAR,no,,,False,,OTHER_UNCLEAR,no,N,,,
TK-253307,rules_fallback,OTHER_UNCLEAR,no,,,False,,OTHER_UNCLEAR,no,N,,,
TK-253309,rules_fallback,OTHER_UNCLEAR,no,,,False,,OTHER_UNCLEAR,no,N,,,
TK-253312,rules_fallback,OTHER_UNCLEAR,no,,,False,,OTHER_UNCLEAR,no,N,,,
TK-253329,rules_fallback,RETURN_PICKUP_QC,no,,,False,RETURN_PICKUP_QC,RETURN_PICKUP_QC,no,N,,,
TK-253335,rules_fallback,OTHER_UNCLEAR,no,,,False,,OTHER_UNCLEAR,no,N,,,
TK-253339,rules_fallback,OTHER_UNCLEAR,no,,,False,,OTHER_UNCLEAR,no,N,,,
TK-253341,rules_fallback,PRODUCT_DEFECT,yes,,,False,PRODUCT_DEFECT,PRODUCT_DEFECT,yes,N,,,
TK-253342,rules_fallback,OTHER_UNCLEAR,no,,,False,,OTHER_UNCLEAR,no,N,,,
TK-253345,rules_fallback,OTHER_UNCLEAR,yes,,,False,,OTHER_UNCLEAR,yes,Y,,,
TK-253348,rules_fallback,OTHER_UNCLEAR,no,,,False,,OTHER_UNCLEAR,no,N,,,
TK-253349,rules_fallback,PRODUCT_DEFECT,yes,,,False,PRODUCT_DEFECT,PRODUCT_DEFECT,yes,Y,,,
TK-253354,rules_fallback,OTHER_UNCLEAR,no,,,False,,OTHER_UNCLEAR,no,N,,,
TK-253358,rules_fallback,OTHER_UNCLEAR,no,,,False,,OTHER_UNCLEAR,no,N,,,
TK-253362,rules_fallback,OTHER_UNCLEAR,no,,,False,,OTHER_UNCLEAR,no,N,,,
TK-253368,rules_fallback,PRICE_COUPON,no,,,False,PRICE_COUPON,PRICE_COUPON,no,N,,,
TK-253376,rules_fallback,RETURN_PICKUP_QC,no,,,False,RETURN_PICKUP_QC,RETURN_PICKUP_QC,no,N,,,
TK-253378,rules_fallback,OTHER_UNCLEAR,yes,,,False,,OTHER_UNCLEAR,yes,N,,,
TK-253393,rules_fallback,RETURN_PICKUP_QC,no,,,False,RETURN_PICKUP_QC,RETURN_PICKUP_QC,no,N,,,
TK-253395,rules_fallback,OTHER_UNCLEAR,no,,,False,,OTHER_UNCLEAR,no,N,,,
TK-253397,rules_fallback,OTHER_UNCLEAR,no,,,False,,OTHER_UNCLEAR,no,N,,,
TK-253405,rules_fallback,OTHER_UNCLEAR,no,,,False,,OTHER_UNCLEAR,no,N,,,
TK-253406,rules_fallback,OTHER_UNCLEAR,no,,,False,,OTHER_UNCLEAR,no,N,,,
TK-253418,rules_fallback,PAYMENT_ISSUE,no,,,False,PAYMENT_ISSUE,PAYMENT_ISSUE,no,N,,,
TK-253419,rules_fallback,OTHER_UNCLEAR,no,,,False,,OTHER_UNCLEAR,no,N,,,
TK-253422,rules_fallback,OTHER_UNCLEAR,no,,,False,,OTHER_UNCLEAR,no,N,,,
TK-253437,rules_fallback,WARRANTY_BUYBACK,yes,,,False,WARRANTY_BUYBACK,WARRANTY_BUYBACK,yes,N,,,
TK-253448,rules_fallback,CANCELLATION,no,,,False,CANCELLATION,CANCELLATION,no,N,,,
TK-253451,rules_fallback,OTHER_UNCLEAR,yes,,,False,,OTHER_UNCLEAR,yes,N,,,
TK-253453,rules_fallback,PRICE_COUPON,no,,,False,PRICE_COUPON,PRICE_COUPON,no,N,,,
TK-253466,rules_fallback,OTHER_UNCLEAR,no,,,False,,OTHER_UNCLEAR,no,N,,,
TK-253474,rules_fallback,OTHER_UNCLEAR,no,,,False,,OTHER_UNCLEAR,no,N,,,
TK-253476,rules_fallback,PAYMENT_ISSUE,no,,,False,PAYMENT_ISSUE,PAYMENT_ISSUE,no,N,,,
TK-253498,rules_fallback,OTHER_UNCLEAR,no,,,False,,OTHER_UNCLEAR,no,N,,,
TK-253508,rules_fallback,RETURN_PICKUP_QC,no,,,False,RETURN_PICKUP_QC,RETURN_PICKUP_QC,no,N,,,
TK-253510,rules_fallback,OTHER_UNCLEAR,no,,,False,,OTHER_UNCLEAR,no,N,,,
TK-253511,rules_fallback,PRODUCT_DEFECT,no,,,False,PRODUCT_DEFECT,PRODUCT_DEFECT,no,N,,,
TK-253515,rules_fallback,WARRANTY_BUYBACK,yes,,,False,WARRANTY_BUYBACK,WARRANTY_BUYBACK,yes,Y,,,
TK-253521,rules_fallback,OTHER_UNCLEAR,no,,,False,,OTHER_UNCLEAR,no,N,,,
TK-253558,rules_fallback,OTHER_UNCLEAR,no,,,False,,OTHER_UNCLEAR,no,N,,,
TK-253559,rules_fallback,OTHER_UNCLEAR,no,,,False,,OTHER_UNCLEAR,no,N,,,
TK-253561,rules_fallback,OTHER_UNCLEAR,no,,,False,,OTHER_UNCLEAR,no,N,,,
TK-253563,rules_fallback,OTHER_UNCLEAR,no,,,False,,OTHER_UNCLEAR,no,N,,,
TK-253569,rules_fallback,OTHER_UNCLEAR,yes,,,False,,OTHER_UNCLEAR,yes,Y,,,
TK-253570,rules_fallback,OTHER_UNCLEAR,no,,,False,,OTHER_UNCLEAR,no,N,,,
TK-253572,rules_fallback,RETURN_PICKUP_QC,no,,,False,RETURN_PICKUP_QC,RETURN_PICKUP_QC,no,N,,,
TK-253584,rules_fallback,WARRANTY_BUYBACK,no,,,False,WARRANTY_BUYBACK,WARRANTY_BUYBACK,no,N,,,
TK-253589,rules_fallback,PRODUCT_DEFECT,yes,,,False,PRODUCT_DEFECT,PRODUCT_DEFECT,yes,N,,,
TK-253595,rules_fallback,CANCELLATION,no,,,False,CANCELLATION,CANCELLATION,no,N,,,
TK-253597,rules_fallback,OTHER_UNCLEAR,no,,,False,,OTHER_UNCLEAR,no,N,,,
TK-253599,rules_fallback,OTHER_UNCLEAR,yes,,,False,,OTHER_UNCLEAR,yes,Y,,,
TK-253608,rules_fallback,CANCELLATION,no,,,False,CANCELLATION,CANCELLATION,no,N,,,
TK-253615,rules_fallback,OTHER_UNCLEAR,yes,,,False,,OTHER_UNCLEAR,yes,Y,,,
TK-253616,rules_fallback,RETURN_PICKUP_QC,no,,,False,RETURN_PICKUP_QC,RETURN_PICKUP_QC,no,N,,,
TK-253621,rules_fallback,NON_DELIVERY,no,,,False,NON_DELIVERY,NON_DELIVERY,no,N,,,
TK-253622,rules_fallback,CANCELLATION,no,,,False,CANCELLATION,CANCELLATION,no,N,,,
TK-253623,rules_fallback,OTHER_UNCLEAR,no,,,False,,OTHER_UNCLEAR,no,N,,,
TK-253630,rules_fallback,PRODUCT_DEFECT,yes,,,False,PRODUCT_DEFECT,PRODUCT_DEFECT,yes,N,,,
TK-253632,rules_fallback,OTHER_UNCLEAR,no,,,False,,OTHER_UNCLEAR,no,N,,,
TK-253639,rules_fallback,CANCELLATION,no,,,False,CANCELLATION,CANCELLATION,no,N,,,
TK-253649,rules_fallback,RETURN_PICKUP_QC,no,,,False,RETURN_PICKUP_QC,RETURN_PICKUP_QC,no,N,,,
TK-253652,rules_fallback,OTHER_UNCLEAR,no,,,False,,OTHER_UNCLEAR,no,N,,,
TK-253663,rules_fallback,PRODUCT_DEFECT,yes,,,False,PRODUCT_DEFECT,PRODUCT_DEFECT,yes,N,,,
TK-253666,rules_fallback,RETURN_PICKUP_QC,no,,,False,RETURN_PICKUP_QC,RETURN_PICKUP_QC,no,N,,,
TK-253668,rules_fallback,OTHER_UNCLEAR,no,,,False,,OTHER_UNCLEAR,no,N,,,
TK-253675,rules_fallback,PRODUCT_DEFECT,yes,,,False,PRODUCT_DEFECT,PRODUCT_DEFECT,yes,N,,,
TK-253678,rules_fallback,CANCELLATION,no,,,False,CANCELLATION,CANCELLATION,no,N,,,
TK-253679,rules_fallback,OTHER_UNCLEAR,yes,,,False,,OTHER_UNCLEAR,yes,N,,,
TK-253682,rules_fallback,OTHER_UNCLEAR,no,,,False,,OTHER_UNCLEAR,no,N,,,
TK-253692,rules_fallback,CANCELLATION,no,,,False,CANCELLATION,CANCELLATION,no,N,,,
TK-253705,rules_fallback,RETURN_PICKUP_QC,no,,,False,RETURN_PICKUP_QC,RETURN_PICKUP_QC,no,N,,,
TK-253727,rules_fallback,OTHER_UNCLEAR,no,,,False,,OTHER_UNCLEAR,no,N,,,
TK-253738,rules_fallback,RETURN_PICKUP_QC,no,,,False,RETURN_PICKUP_QC,RETURN_PICKUP_QC,no,N,,,
TK-253739,rules_fallback,OTHER_UNCLEAR,no,,,False,,OTHER_UNCLEAR,no,N,,,
TK-253747,rules_fallback,OTHER_UNCLEAR,no,,,False,,OTHER_UNCLEAR,no,N,,,
TK-253748,rules_fallback,OTHER_UNCLEAR,no,,,False,,OTHER_UNCLEAR,no,N,,,
TK-253755,rules_fallback,CANCELLATION,no,,,False,CANCELLATION,CANCELLATION,no,N,,,
TK-253756,rules_fallback,CANCELLATION,no,,,False,CANCELLATION,CANCELLATION,no,N,,,
TK-253757,rules_fallback,PRODUCT_DEFECT,no,,,False,PRODUCT_DEFECT,PRODUCT_DEFECT,no,N,,,
TK-253767,rules_fallback,OTHER_UNCLEAR,no,,,False,,OTHER_UNCLEAR,no,N,,,
TK-253771,rules_fallback,PRICE_COUPON,no,,,False,PRICE_COUPON,PRICE_COUPON,no,N,,,
TK-253776,rules_fallback,PAYMENT_ISSUE,no,,,False,PAYMENT_ISSUE,PAYMENT_ISSUE,no,N,,,
TK-253778,rules_fallback,OTHER_UNCLEAR,no,,,False,,OTHER_UNCLEAR,no,N,,,
TK-253802,rules_fallback,PAYMENT_ISSUE,no,,,False,PAYMENT_ISSUE,PAYMENT_ISSUE,no,N,,,
TK-253803,rules_fallback,CANCELLATION,no,,,False,CANCELLATION,CANCELLATION,no,N,,,
TK-253804,rules_fallback,OTHER_UNCLEAR,yes,,,False,,OTHER_UNCLEAR,yes,N,,,
TK-253807,rules_fallback,PRICE_COUPON,no,,,False,PRICE_COUPON,PRICE_COUPON,no,N,,,
TK-253808,rules_fallback,CANCELLATION,no,,,False,CANCELLATION,CANCELLATION,no,N,,,
TK-253810,rules_fallback,PRODUCT_DEFECT,yes,,,False,PRODUCT_DEFECT,PRODUCT_DEFECT,yes,Y,,,
TK-253814,rules_fallback,OTHER_UNCLEAR,no,,,False,,OTHER_UNCLEAR,no,N,,,
TK-253819,rules_fallback,OTHER_UNCLEAR,no,,,False,,OTHER_UNCLEAR,no,N,,,
TK-253830,rules_fallback,PAYMENT_ISSUE,no,,,False,PAYMENT_ISSUE,PAYMENT_ISSUE,no,N,,,
TK-253833,rules_fallback,OTHER_UNCLEAR,no,,,False,,OTHER_UNCLEAR,no,N,,,
TK-253834,rules_fallback,CANCELLATION,no,,,False,CANCELLATION,CANCELLATION,no,N,,,
TK-253837,rules_fallback,RETURN_PICKUP_QC,no,,,False,RETURN_PICKUP_QC,RETURN_PICKUP_QC,no,N,,,
TK-253838,rules_fallback,CANCELLATION,no,,,False,CANCELLATION,CANCELLATION,no,N,,,
TK-253839,rules_fallback,PRODUCT_DEFECT,yes,,,False,PRODUCT_DEFECT,PRODUCT_DEFECT,yes,N,,,
TK-253840,rules_fallback,PRODUCT_DEFECT,yes,,,False,PRODUCT_DEFECT,PRODUCT_DEFECT,yes,N,,,
TK-253851,rules_fallback,PAYMENT_ISSUE,no,,,False,PAYMENT_ISSUE,PAYMENT_ISSUE,no,N,,,
TK-253853,rules_fallback,PRODUCT_DEFECT,no,,,False,PRODUCT_DEFECT,PRODUCT_DEFECT,no,N,,,
TK-253854,rules_fallback,PRICE_COUPON,no,,,False,PRICE_COUPON,PRICE_COUPON,no,N,,,
TK-253860,rules_fallback,OTHER_UNCLEAR,no,,,False,,OTHER_UNCLEAR,no,N,,,
TK-253867,rules_fallback,NON_DELIVERY,no,,,False,NON_DELIVERY,NON_DELIVERY,no,N,,,
TK-253882,rules_fallback,RETURN_PICKUP_QC,no,,,False,RETURN_PICKUP_QC,RETURN_PICKUP_QC,no,N,,,
TK-253890,rules_fallback,OTHER_UNCLEAR,no,,,False,,OTHER_UNCLEAR,no,N,,,
TK-253903,rules_fallback,PRODUCT_DEFECT,yes,,,False,PRODUCT_DEFECT,PRODUCT_DEFECT,yes,Y,,,
TK-253918,rules_fallback,RETURN_PICKUP_QC,no,,,False,RETURN_PICKUP_QC,RETURN_PICKUP_QC,no,N,,,
TK-253929,rules_fallback,OTHER_UNCLEAR,no,,,False,,OTHER_UNCLEAR,no,N,,,
TK-253933,rules_fallback,WARRANTY_BUYBACK,no,,,False,WARRANTY_BUYBACK,WARRANTY_BUYBACK,no,N,,,
TK-253938,rules_fallback,PAYMENT_ISSUE,no,,,False,PAYMENT_ISSUE,PAYMENT_ISSUE,no,N,,,
TK-253939,rules_fallback,CANCELLATION,no,,,False,CANCELLATION,CANCELLATION,no,N,,,
TK-253941,rules_fallback,OTHER_UNCLEAR,no,,,False,,OTHER_UNCLEAR,no,N,,,
TK-253942,rules_fallback,PAYMENT_ISSUE,no,,,False,PAYMENT_ISSUE,PAYMENT_ISSUE,no,N,,,
TK-253965,rules_fallback,RETURN_PICKUP_QC,no,,,False,RETURN_PICKUP_QC,RETURN_PICKUP_QC,no,N,,,
TK-253966,rules_fallback,OTHER_UNCLEAR,yes,,,False,,OTHER_UNCLEAR,yes,N,,,
TK-253977,rules_fallback,WARRANTY_BUYBACK,yes,,,False,WARRANTY_BUYBACK,WARRANTY_BUYBACK,yes,N,,,
TK-253986,rules_fallback,CANCELLATION,no,,,False,CANCELLATION,CANCELLATION,no,N,,,
TK-253989,rules_fallback,OTHER_UNCLEAR,yes,,,False,,OTHER_UNCLEAR,yes,N,,,
TK-253991,rules_fallback,OTHER_UNCLEAR,no,,,False,,OTHER_UNCLEAR,no,N,,,
TK-253996,rules_fallback,OTHER_UNCLEAR,no,,,False,,OTHER_UNCLEAR,no,N,,,
TK-253997,rules_fallback,OTHER_UNCLEAR,yes,,,False,,OTHER_UNCLEAR,yes,Y,,,
TK-254003,rules_fallback,WARRANTY_BUYBACK,yes,,,False,WARRANTY_BUYBACK,WARRANTY_BUYBACK,yes,N,,,
TK-254011,rules_fallback,OTHER_UNCLEAR,no,,,False,,OTHER_UNCLEAR,no,N,,,
TK-254014,rules_fallback,PAYMENT_ISSUE,no,,,False,PAYMENT_ISSUE,PAYMENT_ISSUE,no,N,,,
TK-254026,rules_fallback,PRODUCT_DEFECT,no,,,False,PRODUCT_DEFECT,PRODUCT_DEFECT,no,N,,,
TK-254038,rules_fallback,WARRANTY_BUYBACK,yes,,,False,WARRANTY_BUYBACK,WARRANTY_BUYBACK,yes,N,,,
TK-254049,rules_fallback,RETURN_PICKUP_QC,no,,,False,RETURN_PICKUP_QC,RETURN_PICKUP_QC,no,N,,,
TK-254052,rules_fallback,RETURN_PICKUP_QC,no,,,False,RETURN_PICKUP_QC,RETURN_PICKUP_QC,no,N,,,
TK-254056,rules_fallback,OTHER_UNCLEAR,no,,,False,,OTHER_UNCLEAR,no,N,,,
TK-254064,rules_fallback,OTHER_UNCLEAR,yes,,,False,,OTHER_UNCLEAR,yes,Y,,,
TK-254070,rules_fallback,CANCELLATION,no,,,False,CANCELLATION,CANCELLATION,no,N,,,
TK-254083,rules_fallback,OTHER_UNCLEAR,no,,,False,,OTHER_UNCLEAR,no,N,,,
TK-254087,rules_fallback,CANCELLATION,no,,,False,CANCELLATION,CANCELLATION,no,N,,,
TK-254090,rules_fallback,PAYMENT_ISSUE,no,,,False,PAYMENT_ISSUE,PAYMENT_ISSUE,no,N,,,
TK-254094,rules_fallback,PRODUCT_DEFECT,no,,,False,PRODUCT_DEFECT,PRODUCT_DEFECT,no,N,,,
TK-254104,rules_fallback,PAYMENT_ISSUE,no,,,False,PAYMENT_ISSUE,PAYMENT_ISSUE,no,N,,,
TK-254112,rules_fallback,NON_DELIVERY,no,,,False,NON_DELIVERY,NON_DELIVERY,no,N,,,
TK-254121,rules_fallback,RETURN_PICKUP_QC,no,,,False,RETURN_PICKUP_QC,RETURN_PICKUP_QC,no,N,,,
TK-254122,rules_fallback,PAYMENT_ISSUE,no,,,False,PAYMENT_ISSUE,PAYMENT_ISSUE,no,N,,,
TK-254125,rules_fallback,OTHER_UNCLEAR,no,,,False,,OTHER_UNCLEAR,no,N,,,
TK-254130,rules_fallback,CANCELLATION,no,,,False,CANCELLATION,CANCELLATION,no,N,,,
TK-254135,rules_fallback,WARRANTY_BUYBACK,yes,,,False,WARRANTY_BUYBACK,WARRANTY_BUYBACK,yes,Y,,,
TK-254136,rules_fallback,PAYMENT_ISSUE,no,,,False,PAYMENT_ISSUE,PAYMENT_ISSUE,no,N,,,
TK-254143,rules_fallback,CANCELLATION,no,,,False,CANCELLATION,CANCELLATION,no,N,,,
TK-254153,rules_fallback,PAYMENT_ISSUE,no,,,False,PAYMENT_ISSUE,PAYMENT_ISSUE,no,N,,,
TK-254155,rules_fallback,OTHER_UNCLEAR,no,,,False,,OTHER_UNCLEAR,no,N,,,
TK-254157,rules_fallback,PRICE_COUPON,no,,,False,PRICE_COUPON,PRICE_COUPON,no,N,,,
TK-254168,rules_fallback,OTHER_UNCLEAR,yes,,,False,,OTHER_UNCLEAR,yes,N,,,
TK-254169,rules_fallback,CANCELLATION,no,,,False,CANCELLATION,CANCELLATION,no,N,,,
TK-254172,rules_fallback,OTHER_UNCLEAR,yes,,,False,,OTHER_UNCLEAR,yes,Y,,,
TK-254183,rules_fallback,PRODUCT_DEFECT,yes,,,False,PRODUCT_DEFECT,PRODUCT_DEFECT,yes,N,,,
TK-254197,rules_fallback,OTHER_UNCLEAR,no,,,False,,OTHER_UNCLEAR,no,N,,,
TK-254202,rules_fallback,OTHER_UNCLEAR,yes,,,False,,OTHER_UNCLEAR,yes,Y,,,
TK-254212,rules_fallback,PRICE_COUPON,no,,,False,PRICE_COUPON,PRICE_COUPON,no,N,,,
TK-254226,rules_fallback,PRODUCT_DEFECT,yes,,,False,PRODUCT_DEFECT,PRODUCT_DEFECT,yes,Y,,,
TK-254227,rules_fallback,PAYMENT_ISSUE,no,,,False,PAYMENT_ISSUE,PAYMENT_ISSUE,no,N,,,
TK-254231,rules_fallback,RETURN_PICKUP_QC,no,,,False,RETURN_PICKUP_QC,RETURN_PICKUP_QC,no,N,,,
TK-254237,rules_fallback,RETURN_PICKUP_QC,no,,,False,RETURN_PICKUP_QC,RETURN_PICKUP_QC,no,N,,,
TK-254241,rules_fallback,PAYMENT_ISSUE,no,,,False,PAYMENT_ISSUE,PAYMENT_ISSUE,no,N,,,
TK-254243,rules_fallback,OTHER_UNCLEAR,no,,,False,,OTHER_UNCLEAR,no,N,,,
TK-254244,rules_fallback,RETURN_PICKUP_QC,no,,,False,RETURN_PICKUP_QC,RETURN_PICKUP_QC,no,N,,,
TK-254245,rules_fallback,CANCELLATION,no,,,False,CANCELLATION,CANCELLATION,no,N,,,
TK-254248,rules_fallback,RETURN_PICKUP_QC,no,,,False,RETURN_PICKUP_QC,RETURN_PICKUP_QC,no,N,,,
TK-254251,rules_fallback,RETURN_PICKUP_QC,no,,,False,RETURN_PICKUP_QC,RETURN_PICKUP_QC,no,N,,,
TK-254260,rules_fallback,OTHER_UNCLEAR,yes,,,False,,OTHER_UNCLEAR,yes,N,,,
TK-254266,rules_fallback,PRODUCT_DEFECT,yes,,,False,PRODUCT_DEFECT,PRODUCT_DEFECT,yes,N,,,
TK-254270,rules_fallback,OTHER_UNCLEAR,no,,,False,,OTHER_UNCLEAR,no,N,,,
TK-254279,rules_fallback,RETURN_PICKUP_QC,no,,,False,RETURN_PICKUP_QC,RETURN_PICKUP_QC,no,N,,,
TK-254285,rules_fallback,OTHER_UNCLEAR,no,,,False,,OTHER_UNCLEAR,no,N,,,
TK-254289,rules_fallback,OTHER_UNCLEAR,yes,,,False,,OTHER_UNCLEAR,yes,N,,,
TK-254296,rules_fallback,OTHER_UNCLEAR,no,,,False,,OTHER_UNCLEAR,no,N,,,
TK-254297,rules_fallback,PAYMENT_ISSUE,no,,,False,PAYMENT_ISSUE,PAYMENT_ISSUE,no,N,,,
TK-254298,rules_fallback,OTHER_UNCLEAR,yes,,,False,,OTHER_UNCLEAR,yes,Y,,,
TK-254301,rules_fallback,OTHER_UNCLEAR,yes,,,False,,OTHER_UNCLEAR,yes,N,,,
TK-254302,rules_fallback,OTHER_UNCLEAR,no,,,False,,OTHER_UNCLEAR,no,N,,,
TK-254306,rules_fallback,CANCELLATION,no,,,False,CANCELLATION,CANCELLATION,no,N,,,
TK-254315,rules_fallback,RETURN_PICKUP_QC,no,,,False,RETURN_PICKUP_QC,RETURN_PICKUP_QC,no,N,,,
TK-254317,rules_fallback,OTHER_UNCLEAR,no,,,False,,OTHER_UNCLEAR,no,N,,,
TK-254328,rules_fallback,OTHER_UNCLEAR,yes,,,False,,OTHER_UNCLEAR,yes,Y,,,
TK-254330,rules_fallback,PRICE_COUPON,no,,,False,PRICE_COUPON,PRICE_COUPON,no,N,,,
TK-254332,rules_fallback,RETURN_PICKUP_QC,no,,,False,RETURN_PICKUP_QC,RETURN_PICKUP_QC,no,N,,,
TK-254333,rules_fallback,PAYMENT_ISSUE,no,,,False,PAYMENT_ISSUE,PAYMENT_ISSUE,no,N,,,
TK-254338,rules_fallback,RETURN_PICKUP_QC,no,,,False,RETURN_PICKUP_QC,RETURN_PICKUP_QC,no,N,,,
TK-254348,rules_fallback,OTHER_UNCLEAR,yes,,,False,,OTHER_UNCLEAR,yes,Y,,,
TK-254361,rules_fallback,OTHER_UNCLEAR,no,,,False,,OTHER_UNCLEAR,no,N,,,
TK-254364,rules_fallback,OTHER_UNCLEAR,no,,,False,,OTHER_UNCLEAR,no,N,,,
TK-254367,rules_fallback,CANCELLATION,no,,,False,CANCELLATION,CANCELLATION,no,N,,,
TK-254368,rules_fallback,OTHER_UNCLEAR,no,,,False,,OTHER_UNCLEAR,no,N,,,
TK-254372,rules_fallback,OTHER_UNCLEAR,no,,,False,,OTHER_UNCLEAR,no,N,,,
TK-254381,rules_fallback,OTHER_UNCLEAR,yes,,,False,,OTHER_UNCLEAR,yes,Y,,,
TK-254384,rules_fallback,OTHER_UNCLEAR,no,,,False,,OTHER_UNCLEAR,no,N,,,
TK-254401,rules_fallback,OTHER_UNCLEAR,no,,,False,,OTHER_UNCLEAR,no,N,,,
TK-254410,rules_fallback,OTHER_UNCLEAR,no,,,False,,OTHER_UNCLEAR,no,N,,,
TK-254433,rules_fallback,OTHER_UNCLEAR,yes,,,False,,OTHER_UNCLEAR,yes,N,,,
TK-254439,rules_fallback,OTHER_UNCLEAR,yes,,,False,,OTHER_UNCLEAR,yes,N,,,
TK-254446,rules_fallback,PAYMENT_ISSUE,no,,,False,PAYMENT_ISSUE,PAYMENT_ISSUE,no,N,,,
TK-254449,rules_fallback,OTHER_UNCLEAR,yes,,,False,,OTHER_UNCLEAR,yes,N,,,
TK-254455,rules_fallback,PRODUCT_DEFECT,no,,,False,PRODUCT_DEFECT,PRODUCT_DEFECT,no,N,,,
TK-254458,rules_fallback,PRODUCT_DEFECT,no,,,False,PRODUCT_DEFECT,PRODUCT_DEFECT,no,N,,,
TK-254459,rules_fallback,CANCELLATION,no,,,False,CANCELLATION,CANCELLATION,no,N,,,
TK-254465,rules_fallback,OTHER_UNCLEAR,yes,,,False,,OTHER_UNCLEAR,yes,Y,,,
TK-254466,rules_fallback,OTHER_UNCLEAR,yes,,,False,,OTHER_UNCLEAR,yes,Y,,,
TK-254467,rules_fallback,OTHER_UNCLEAR,no,,,False,,OTHER_UNCLEAR,no,N,,,
TK-254469,rules_fallback,OTHER_UNCLEAR,no,,,False,,OTHER_UNCLEAR,no,N,,,
TK-254474,rules_fallback,RETURN_PICKUP_QC,no,,,False,RETURN_PICKUP_QC,RETURN_PICKUP_QC,no,N,,,
TK-254475,rules_fallback,RETURN_PICKUP_QC,no,,,False,RETURN_PICKUP_QC,RETURN_PICKUP_QC,no,N,,,
TK-254480,rules_fallback,OTHER_UNCLEAR,no,,,False,,OTHER_UNCLEAR,no,N,,,
TK-254481,rules_fallback,OTHER_UNCLEAR,no,,,False,,OTHER_UNCLEAR,no,N,,,
TK-254485,rules_fallback,NON_DELIVERY,no,,,False,NON_DELIVERY,NON_DELIVERY,no,N,,,
TK-254487,rules_fallback,PAYMENT_ISSUE,no,,,False,PAYMENT_ISSUE,PAYMENT_ISSUE,no,N,,,
TK-254495,rules_fallback,OTHER_UNCLEAR,no,,,False,,OTHER_UNCLEAR,no,N,,,
TK-254497,rules_fallback,OTHER_UNCLEAR,no,,,False,,OTHER_UNCLEAR,no,N,,,
TK-254499,rules_fallback,OTHER_UNCLEAR,no,,,False,,OTHER_UNCLEAR,no,N,,,
TK-254504,rules_fallback,OTHER_UNCLEAR,no,,,False,,OTHER_UNCLEAR,no,N,,,
TK-254506,rules_fallback,RETURN_PICKUP_QC,no,,,False,RETURN_PICKUP_QC,RETURN_PICKUP_QC,no,N,,,
TK-254511,rules_fallback,OTHER_UNCLEAR,no,,,False,,OTHER_UNCLEAR,no,N,,,
TK-254521,rules_fallback,OTHER_UNCLEAR,yes,,,False,,OTHER_UNCLEAR,yes,Y,,,
TK-254527,rules_fallback,PRODUCT_DEFECT,no,,,False,PRODUCT_DEFECT,PRODUCT_DEFECT,no,N,,,
TK-254530,rules_fallback,CANCELLATION,no,,,False,CANCELLATION,CANCELLATION,no,N,,,
TK-254533,rules_fallback,CANCELLATION,no,,,False,CANCELLATION,CANCELLATION,no,N,,,
TK-254538,rules_fallback,RETURN_PICKUP_QC,no,,,False,RETURN_PICKUP_QC,RETURN_PICKUP_QC,no,N,,,
